session_id,watched_at,country,genre,device,plan,duration_minutes,watched_minutes,completion_pct,rating
WATCH-000001,2025-07-21T13:54:00,Sweden,Comedy,,Basic,45,19.3,,1
WATCH-000002,2025-07-29T02:59:00,Sweden,Science fiction,Laptop,Premium,45,33.8,75.1,4
WATCH-000003,2025-06-15T13:01:00,Germany,Documentary,Tablet,Standard,30,12.0,40.0,3
WATCH-000004,2025-08-04T16:04:00,France,Drama,Tablet,Standard,22,17.2,78.2,5
WATCH-000005,2025-12-30T09:29:00,France,Drama,Laptop,Premium,22,16.9,76.8,2
WATCH-000006,2025-11-05T08:58:00,Sweden,Documentary,TV,Premium,45,17.7,39.3,1
WATCH-000007,2025-02-08T10:43:00,Netherlands,Thriller,Laptop,Basic,22,2.3,10.5,2
WATCH-000008,2025-12-29T04:57:00,Sweden,Comedy,Tablet,Standard,22,4.8,21.8,5
WATCH-000009,2025-08-14T21:32:00,Spain,Comedy,TV,Standard,120,40.0,33.3,5
WATCH-000010,2025-09-20T09:48:00,Germany,Documentary,TV,Basic,45,9.8,21.8,4
WATCH-000011,2025-06-26T01:19:00,France,Thriller,Tablet,Premium,45,17.1,38.0,5
WATCH-000012,2025-01-31T21:42:00,Sweden,Thriller,Laptop,Basic,22,20.1,91.4,3
WATCH-000013,2025-07-29T07:56:00,Spain,Drama,Laptop,Premium,90,85.6,95.1,4
WATCH-000014,2025-01-03T03:21:00,Italy,Documentary,Phone,Basic,60,52.0,86.7,5
WATCH-000015,2025-07-02T01:15:00,France,Science fiction,Tablet,Standard,60,25.1,41.8,1
WATCH-000016,2025-06-23T15:35:00,Sweden,Comedy,Tablet,Basic,45,33.9,75.3,3
WATCH-000017,2025-11-18T11:53:00,Spain,Science fiction,Tablet,Premium,22,9.4,42.7,4
WATCH-000018,2025-01-06T12:02:00,Sweden,Science fiction,TV,Premium,22,1.9,8.6,3
WATCH-000019,2025-12-25T03:22:00,Italy,Comedy,Tablet,Standard,22,10.9,49.5,4
WATCH-000020,2025-07-23T22:04:00,Spain,Thriller,Phone,Premium,120,15.5,12.9,5
WATCH-000021,2025-10-06T20:58:00,Netherlands,Animation,Phone,Premium,60,33.4,55.7,4
WATCH-000022,2025-11-02T18:26:00,Italy,Comedy,TV,Basic,90,32.2,35.8,1
WATCH-000023,2025-08-11T15:04:00,Italy,Science fiction,Tablet,Standard,22,6.0,27.3,4
WATCH-000024,2025-01-12T02:02:00,Spain,Drama,Phone,Standard,45,17.2,38.2,2
WATCH-000025,2025-04-01T22:45:00,Sweden,Comedy,Laptop,Basic,60,25.8,43.0,5
WATCH-000026,2025-07-13T21:45:00,France,Thriller,Laptop,Basic,30,15.7,52.3,5
WATCH-000027,2025-08-12T12:51:00,Germany,Science fiction,TV,Premium,30,21.7,72.3,2
WATCH-000028,2025-01-17T08:22:00,Germany,Science fiction,TV,Basic,60,54.9,91.5,3
WATCH-000029,2025-12-29T18:17:00,Netherlands,Drama,TV,Premium,30,13.1,43.7,5
WATCH-000030,2025-03-20T10:08:00,France,Comedy,Tablet,Standard,45,10.0,22.2,5
WATCH-000031,2025-12-27T11:14:00,Netherlands,Comedy,Phone,Premium,22,2.4,10.9,1
WATCH-000032,2025-08-23T00:31:00,Italy,Documentary,TV,Standard,60,47.1,78.5,1
WATCH-000033,2025-08-09T14:52:00,Spain,Drama,Tablet,Standard,45,18.6,41.3,3
WATCH-000034,2025-03-29T20:05:00,Italy,Drama,TV,Premium,30,28.2,94.0,2
WATCH-000035,2025-07-17T01:18:00,Italy,Animation,Tablet,Standard,60,54.9,91.5,4
WATCH-000036,2025-10-30T08:57:00,Italy,Animation,Laptop,Basic,60,57.1,95.2,4
WATCH-000037,2025-06-17T18:22:00,Netherlands,Comedy,Tablet,Premium,120,99.3,82.8,5
WATCH-000038,2025-11-21T15:48:00,Netherlands,Drama,Laptop,Premium,22,1.8,,4
WATCH-000039,2025-04-15T05:57:00,France,Comedy,Phone,Basic,120,65.0,54.2,5
WATCH-000040,2025-07-09T02:27:00,France,Documentary,Tablet,Basic,30,14.9,49.7,5
WATCH-000041,2025-03-22T23:00:00,Germany,Comedy,Phone,Basic,60,25.4,42.3,1
WATCH-000042,2025-06-03T12:47:00,Italy,Thriller,TV,Premium,45,34.7,77.1,3
WATCH-000043,2025-01-18T14:05:00,Spain,Drama,TV,Standard,90,14.8,16.4,1
WATCH-000044,2025-04-02T08:04:00,Netherlands,Science fiction,Laptop,Premium,22,8.5,38.6,5
WATCH-000045,2025-03-04T22:07:00,Netherlands,Drama,Phone,Basic,90,53.6,59.6,3
WATCH-000046,2025-11-09T00:21:00,Italy,Documentary,Laptop,Basic,45,8.9,19.8,4
WATCH-000047,2025-01-28T12:03:00,France,Comedy,Laptop,Premium,30,21.4,71.3,3
WATCH-000048,2025-05-23T17:42:00,France,Animation,Phone,Basic,22,11.7,53.2,5
WATCH-000049,2025-08-08T10:03:00,France,Animation,Tablet,Basic,60,26.4,44.0,5
WATCH-000050,2025-04-28T08:04:00,Italy,Drama,Phone,Premium,45,33.3,74.0,2
WATCH-000051,2025-11-25T00:00:00,Sweden,Drama,TV,Premium,30,2.2,7.3,4
WATCH-000052,2025-05-24T03:24:00,France,Comedy,Tablet,Premium,45,42.1,93.6,3
WATCH-000053,2025-04-18T13:17:00,Italy,Thriller,Tablet,Premium,30,27.6,92.0,3
WATCH-000054,2025-05-06T08:10:00,Sweden,Documentary,Tablet,Standard,30,18.9,63.0,1
WATCH-000055,2025-10-27T14:26:00,France,Animation,Phone,Premium,90,44.7,49.7,5
WATCH-000056,2025-10-10T11:02:00,Germany,Comedy,Tablet,Premium,45,39.3,87.3,4
WATCH-000057,2025-09-20T18:38:00,Netherlands,Comedy,Tablet,Basic,120,114.8,95.7,3
WATCH-000058,2025-11-01T17:11:00,Italy,Comedy,Laptop,Standard,30,9.5,31.7,2
WATCH-000059,2025-12-13T14:17:00,Sweden,Documentary,TV,Premium,45,15.0,33.3,2
WATCH-000060,2025-12-06T12:43:00,Netherlands,Thriller,Phone,Basic,90,52.6,58.4,3
WATCH-000061,2025-05-28T08:49:00,Italy,Science fiction,Laptop,Premium,45,21.9,48.7,2
WATCH-000062,2025-02-01T05:54:00,Italy,Drama,Phone,Premium,120,101.4,84.5,4
WATCH-000063,2025-11-29T07:35:00,Germany,Science fiction,TV,Basic,30,5.5,18.3,2
WATCH-000064,2025-01-10T23:33:00,Italy,Animation,Phone,Basic,60,55.7,92.8,4
WATCH-000065,2025-05-08T04:54:00,Spain,Thriller,Tablet,Premium,120,80.7,67.2,4
WATCH-000066,2025-07-15T08:05:00,France,Drama,TV,Basic,45,35.8,79.6,2
WATCH-000067,2025-11-19T23:29:00,France,Thriller,Tablet,Premium,30,7.1,23.7,1
WATCH-000068,2025-11-10T18:31:00,Sweden,Documentary,Tablet,Basic,90,38.0,42.2,3
WATCH-000069,2025-05-20T08:49:00,Netherlands,Thriller,Laptop,Standard,30,26.6,88.7,1
WATCH-000070,2025-10-21T23:39:00,Sweden,Comedy,Laptop,Basic,60,43.1,71.8,4
WATCH-000071,2025-01-23T04:30:00,Spain,Science fiction,TV,Basic,22,19.5,88.6,1
WATCH-000072,2025-05-03T09:29:00,France,Animation,Tablet,Premium,90,31.6,35.1,3
WATCH-000073,2025-06-24T11:57:00,Germany,Comedy,Laptop,Premium,45,39.6,88.0,1
WATCH-000074,2025-04-30T09:02:00,Germany,Documentary,Laptop,Basic,60,13.8,23.0,4
WATCH-000075,2025-12-11T02:35:00,Germany,Comedy,TV,Premium,90,5.2,,2
WATCH-000076,2025-12-19T22:48:00,Netherlands,Thriller,Phone,Standard,120,55.2,46.0,5
WATCH-000077,2025-04-26T08:39:00,Sweden,Drama,Phone,Basic,22,6.2,28.2,5
WATCH-000078,2025-02-10T02:12:00,Germany,Drama,Laptop,Basic,90,84.1,93.4,3
WATCH-000079,2025-01-08T04:24:00,France,Thriller,TV,Premium,30,1.9,6.3,1
WATCH-000080,2025-06-05T16:32:00,Sweden,Drama,Laptop,Premium,30,6.4,21.3,5
WATCH-000081,2025-04-06T18:20:00,Sweden,Drama,Laptop,Standard,90,82.4,91.6,5
WATCH-000082,2025-02-27T18:27:00,Spain,Thriller,TV,Premium,22,18.6,84.5,3
WATCH-000083,2025-06-18T17:18:00,Italy,Drama,Laptop,Standard,60,54.9,91.5,1
WATCH-000084,2025-03-06T09:04:00,Spain,Animation,,Premium,60,40.0,66.7,1
WATCH-000085,2025-11-13T06:35:00,Spain,Science fiction,Laptop,Standard,90,45.5,50.6,2
WATCH-000086,2025-02-11T09:16:00,France,Drama,Phone,Premium,60,55.3,92.2,1
WATCH-000087,2025-02-23T23:26:00,France,Documentary,Tablet,Basic,30,14.2,47.3,5
WATCH-000088,2025-06-16T19:27:00,France,Comedy,Phone,Standard,22,1.4,6.4,2
WATCH-000089,2025-02-01T02:17:00,Italy,Comedy,Laptop,Premium,45,3.2,7.1,4
WATCH-000090,2025-11-27T13:19:00,France,Science fiction,Laptop,Standard,30,19.2,64.0,3
WATCH-000091,2025-05-09T06:32:00,Italy,Comedy,Phone,Basic,22,8.2,37.3,4
WATCH-000092,2025-06-15T06:10:00,France,Thriller,TV,Standard,22,15.9,72.3,4
WATCH-000093,2025-05-12T07:17:00,Spain,Animation,Laptop,Standard,120,47.2,39.3,5
WATCH-000094,2025-08-20T01:28:00,Netherlands,Science fiction,Tablet,Basic,90,70.1,77.9,3
WATCH-000095,2025-02-11T21:42:00,Spain,Thriller,TV,Premium,30,8.3,27.7,2
WATCH-000096,2025-04-13T15:34:00,France,Science fiction,Tablet,Premium,120,28.7,23.9,5
WATCH-000097,2025-01-19T04:51:00,Italy,Documentary,Tablet,Standard,90,39.6,44.0,1
WATCH-000098,2025-01-24T06:53:00,France,Drama,TV,Standard,90,45.9,51.0,3
WATCH-000099,2025-08-01T04:00:00,France,Animation,TV,Premium,120,84.3,70.2,2
WATCH-000100,2025-05-22T11:01:00,Netherlands,Drama,Laptop,Basic,30,26.7,89.0,2
WATCH-000101,2025-08-03T02:53:00,Netherlands,Drama,Phone,Premium,30,9.1,30.3,4
WATCH-000102,2025-08-30T04:44:00,Italy,Thriller,TV,Basic,120,118.8,99.0,4
WATCH-000103,2025-01-02T01:34:00,France,Comedy,Tablet,Premium,120,100.6,83.8,2
WATCH-000104,2025-05-09T05:44:00,Netherlands,Comedy,TV,Premium,22,8.3,37.7,4
WATCH-000105,2025-12-06T07:35:00,Italy,Animation,Phone,Premium,22,3.8,17.3,2
WATCH-000106,2025-07-07T20:43:00,Germany,Science fiction,Phone,Standard,30,23.4,78.0,2
WATCH-000107,2025-12-23T22:57:00,France,Animation,Tablet,Standard,22,3.0,13.6,5
WATCH-000108,2025-05-28T14:58:00,Germany,Documentary,Tablet,Premium,22,15.4,70.0,2
WATCH-000109,2025-04-30T00:43:00,France,Science fiction,Tablet,Basic,45,10.9,24.2,5
WATCH-000110,2025-04-14T12:49:00,Germany,Thriller,Laptop,Standard,90,36.9,41.0,3
WATCH-000111,2025-08-06T12:18:00,Italy,Science fiction,Laptop,Premium,120,19.8,16.5,1
WATCH-000112,2025-09-11T21:17:00,Sweden,Thriller,Phone,Basic,90,48.2,,3
WATCH-000113,2025-08-26T15:14:00,Spain,Documentary,Laptop,Premium,22,6.9,31.4,3
WATCH-000114,2025-05-22T13:30:00,France,Comedy,Phone,Basic,30,10.0,33.3,3
WATCH-000115,2025-11-19T01:51:00,Germany,Thriller,Phone,Basic,90,7.0,7.8,1
WATCH-000116,2025-05-13T20:56:00,France,Animation,Tablet,Basic,45,32.5,72.2,3
WATCH-000117,2025-03-06T21:40:00,Sweden,Comedy,Phone,Premium,60,4.8,8.0,1
WATCH-000118,2025-05-06T11:15:00,Spain,Science fiction,TV,Premium,60,19.9,33.2,1
WATCH-000119,2025-07-28T07:41:00,Germany,Science fiction,Phone,Basic,22,2.5,11.4,1
WATCH-000120,2025-08-04T05:54:00,Italy,Animation,Phone,Premium,22,4.9,22.3,3
WATCH-000121,2025-04-09T12:28:00,France,Science fiction,TV,Standard,22,4.4,20.0,5
WATCH-000122,2025-12-15T22:32:00,France,Science fiction,Phone,Premium,90,72.4,80.4,1
WATCH-000123,2025-12-21T19:35:00,Sweden,Animation,TV,Premium,60,32.5,54.2,2
WATCH-000124,2025-05-24T19:08:00,Netherlands,Comedy,Phone,Basic,120,79.9,66.6,1
WATCH-000125,2025-11-29T16:05:00,Germany,Documentary,Phone,Standard,22,13.3,60.5,3
WATCH-000126,2025-12-19T04:02:00,Sweden,Documentary,Phone,Premium,120,29.5,24.6,1
WATCH-000127,2025-03-19T08:35:00,Germany,Documentary,Tablet,Basic,30,21.3,71.0,4
WATCH-000128,2025-02-13T11:52:00,Netherlands,Documentary,Laptop,Standard,45,28.2,62.7,1
WATCH-000129,2025-01-07T23:15:00,Netherlands,Comedy,Phone,Basic,120,18.3,15.2,4
WATCH-000130,2025-03-14T03:03:00,Sweden,Drama,Laptop,Standard,90,10.8,12.0,3
WATCH-000131,2025-04-30T16:50:00,Netherlands,Documentary,Tablet,Premium,30,24.6,82.0,5
WATCH-000132,2025-04-29T02:20:00,France,Documentary,Phone,Standard,22,4.4,20.0,1
WATCH-000133,2025-07-27T11:04:00,France,Animation,TV,Standard,45,36.3,80.7,2
WATCH-000134,2025-07-04T02:42:00,Italy,Comedy,TV,Premium,120,86.7,72.2,5
WATCH-000135,2025-12-21T21:10:00,Germany,Documentary,TV,Basic,30,22.0,73.3,5
WATCH-000136,2025-11-07T15:15:00,Italy,Drama,Laptop,Premium,90,14.6,16.2,4
WATCH-000137,2025-02-24T17:30:00,Netherlands,Drama,TV,Premium,60,39.7,66.2,2
WATCH-000138,2025-04-18T20:42:00,France,Documentary,TV,Premium,90,67.0,74.4,2
WATCH-000139,2025-12-12T21:47:00,France,Comedy,Phone,Premium,22,11.4,51.8,5
WATCH-000140,2025-05-28T07:53:00,France,Animation,Tablet,Standard,120,74.4,62.0,4
WATCH-000141,2025-01-11T05:48:00,Spain,Animation,Laptop,Basic,60,38.2,63.7,2
WATCH-000142,2025-05-26T00:59:00,France,Thriller,TV,Basic,60,17.5,29.2,2
WATCH-000143,2025-12-06T19:24:00,Sweden,Drama,Laptop,Premium,22,15.1,68.6,3
WATCH-000144,2025-01-22T19:50:00,Spain,Science fiction,Tablet,Standard,45,44.2,98.2,5
WATCH-000145,2025-02-23T22:35:00,Spain,Drama,TV,Standard,22,8.9,40.5,5
WATCH-000146,2025-08-27T07:54:00,Sweden,Science fiction,TV,Standard,90,24.4,27.1,5
WATCH-000147,2025-07-26T00:59:00,Italy,Animation,Phone,Basic,120,117.2,97.7,4
WATCH-000148,2025-03-28T14:55:00,Sweden,Science fiction,Laptop,Premium,22,11.7,53.2,3
WATCH-000149,2025-04-17T07:20:00,Sweden,Science fiction,Phone,Standard,60,24.2,,4
WATCH-000150,2025-06-11T15:54:00,Netherlands,Thriller,TV,Basic,60,14.2,23.7,1
WATCH-000151,2025-07-19T11:14:00,Italy,Documentary,Phone,Basic,60,16.0,26.7,2
WATCH-000152,2025-07-28T15:58:00,Italy,Science fiction,Tablet,Standard,45,13.0,28.9,5
WATCH-000153,2025-05-31T12:15:00,Spain,Animation,TV,Premium,45,12.7,28.2,3
WATCH-000154,2025-06-24T05:06:00,Sweden,Animation,Laptop,Standard,45,20.1,44.7,5
WATCH-000155,2025-09-15T23:18:00,Spain,Science fiction,Tablet,Standard,30,12.8,42.7,5
WATCH-000156,2025-01-21T10:32:00,Italy,Drama,Laptop,Basic,45,8.7,19.3,3
WATCH-000157,2025-10-24T04:26:00,Germany,Animation,Tablet,Standard,120,43.5,36.2,3
WATCH-000158,2025-03-05T22:11:00,Netherlands,Animation,Phone,Basic,30,10.5,35.0,5
WATCH-000159,2025-10-05T21:46:00,Sweden,Science fiction,Phone,Premium,45,24.4,54.2,2
WATCH-000160,2025-06-12T10:43:00,Italy,Drama,Phone,Premium,90,60.4,67.1,4
WATCH-000161,2025-03-01T03:12:00,Spain,Animation,Tablet,Standard,30,10.8,36.0,5
WATCH-000162,2025-04-17T16:54:00,Netherlands,Drama,Phone,Premium,30,15.8,52.7,1
WATCH-000163,2025-07-09T11:08:00,Netherlands,Comedy,Laptop,Standard,120,10.0,8.3,5
WATCH-000164,2025-09-02T21:25:00,Spain,Comedy,Phone,Premium,30,2.5,8.3,2
WATCH-000165,2025-09-11T01:07:00,Netherlands,Science fiction,Tablet,Standard,45,44.1,98.0,4
WATCH-000166,2025-08-20T14:38:00,Sweden,Animation,Laptop,Premium,30,20.0,66.7,3
WATCH-000167,2025-06-14T03:56:00,Germany,Comedy,,Basic,22,3.3,15.0,3
WATCH-000168,2025-06-18T14:56:00,Germany,Science fiction,Phone,Basic,60,27.3,45.5,2
WATCH-000169,2025-01-09T20:34:00,Spain,Documentary,TV,Basic,22,15.8,71.8,4
WATCH-000170,2025-10-24T18:30:00,Italy,Science fiction,Laptop,Basic,30,6.5,21.7,1
WATCH-000171,2025-12-12T17:54:00,France,Thriller,TV,Basic,90,15.4,17.1,1
WATCH-000172,2025-12-01T08:33:00,Netherlands,Comedy,Phone,Standard,30,16.2,54.0,3
WATCH-000173,2025-08-08T11:55:00,Sweden,Documentary,TV,Basic,30,23.4,78.0,1
WATCH-000174,2025-05-09T15:37:00,France,Comedy,Tablet,Premium,90,22.6,25.1,3
WATCH-000175,2025-07-24T01:50:00,Spain,Drama,TV,Premium,60,29.7,49.5,1
WATCH-000176,2025-10-01T20:07:00,Germany,Thriller,Phone,Basic,22,20.6,93.6,1
WATCH-000177,2025-06-15T22:44:00,Germany,Documentary,Phone,Basic,90,30.8,34.2,4
WATCH-000178,2025-03-19T06:45:00,Spain,Science fiction,Phone,Premium,45,27.5,61.1,1
WATCH-000179,2025-06-12T01:54:00,France,Thriller,Tablet,Standard,60,7.3,12.2,3
WATCH-000180,2025-12-24T00:47:00,Italy,Science fiction,TV,Basic,30,18.2,60.7,2
WATCH-000181,2025-08-16T13:34:00,Italy,Comedy,Tablet,Premium,22,5.7,25.9,2
WATCH-000182,2025-07-26T06:32:00,Sweden,Thriller,TV,Standard,30,16.2,54.0,2
WATCH-000183,2025-07-31T07:14:00,France,Science fiction,Tablet,Standard,45,7.8,17.3,5
WATCH-000184,2025-10-15T13:36:00,Germany,Animation,Laptop,Standard,30,11.8,39.3,4
WATCH-000185,2025-12-15T15:34:00,Germany,Thriller,Phone,Standard,45,5.3,11.8,2
WATCH-000186,2025-01-07T23:24:00,Spain,Animation,TV,Premium,120,79.6,,4
WATCH-000187,2025-06-01T00:48:00,Spain,Animation,TV,Premium,45,2.7,6.0,4
WATCH-000188,2025-10-24T04:01:00,Italy,Thriller,Phone,Standard,120,83.6,69.7,3
WATCH-000189,2025-01-29T14:40:00,Germany,Documentary,Tablet,Premium,90,54.1,60.1,3
WATCH-000190,2025-05-27T14:46:00,Spain,Comedy,Laptop,Premium,90,8.1,9.0,5
WATCH-000191,2025-05-29T15:26:00,Italy,Animation,TV,Basic,30,4.1,13.7,1
WATCH-000192,2025-07-06T05:42:00,Germany,Thriller,Laptop,Basic,60,25.0,41.7,4
WATCH-000193,2025-07-01T05:43:00,Germany,Science fiction,TV,Premium,120,116.4,97.0,2
WATCH-000194,2025-05-13T22:50:00,France,Comedy,Tablet,Premium,22,14.8,67.3,4
WATCH-000195,2025-11-29T11:16:00,Spain,Science fiction,Laptop,Basic,120,103.2,86.0,1
WATCH-000196,2025-11-25T06:03:00,Spain,Drama,Laptop,Basic,60,14.8,24.7,1
WATCH-000197,2025-07-11T14:43:00,France,Drama,Laptop,Standard,90,65.7,73.0,1
WATCH-000198,2025-12-02T04:08:00,Germany,Comedy,Phone,Premium,90,38.6,42.9,2
WATCH-000199,2025-10-25T23:13:00,Netherlands,Comedy,TV,Premium,60,15.5,25.8,1
WATCH-000200,2025-06-14T13:49:00,Spain,Animation,Laptop,Basic,30,17.2,57.3,2
WATCH-000201,2025-01-24T07:45:00,Sweden,Science fiction,Laptop,Basic,22,11.9,54.1,1
WATCH-000202,2025-02-28T18:42:00,France,Animation,Phone,Premium,22,7.6,34.5,1
WATCH-000203,2025-05-04T19:27:00,Netherlands,Comedy,Laptop,Basic,30,3.2,10.7,3
WATCH-000204,2025-11-26T21:03:00,Sweden,Animation,Laptop,Basic,30,29.1,97.0,4
WATCH-000205,2025-11-09T13:26:00,Germany,Science fiction,Laptop,Premium,60,6.8,11.3,3
WATCH-000206,2025-10-27T06:29:00,Sweden,Science fiction,Phone,Premium,120,71.0,59.2,4
WATCH-000207,2025-05-28T04:40:00,Spain,Thriller,Phone,Basic,90,4.6,5.1,1
WATCH-000208,2025-08-07T23:40:00,Italy,Comedy,Phone,Standard,90,34.1,37.9,5
WATCH-000209,2025-04-06T11:43:00,Germany,Drama,Laptop,Basic,45,3.9,8.7,1
WATCH-000210,2025-03-17T08:23:00,Sweden,Animation,Phone,Premium,45,45.0,100.0,3
WATCH-000211,2025-11-11T01:45:00,Spain,Drama,Laptop,Basic,30,15.0,50.0,4
WATCH-000212,2025-04-13T02:13:00,France,Animation,Tablet,Basic,30,18.9,63.0,4
WATCH-000213,2025-05-18T23:51:00,Netherlands,Documentary,Phone,Standard,60,15.7,26.2,2
WATCH-000214,2025-02-24T15:01:00,Sweden,Science fiction,TV,Premium,22,4.1,18.6,4
WATCH-000215,2025-05-28T13:11:00,Germany,Documentary,Laptop,Premium,60,31.9,53.2,3
WATCH-000216,2025-03-22T02:10:00,Netherlands,Documentary,Phone,Standard,30,9.6,32.0,2
WATCH-000217,2025-09-28T07:15:00,Sweden,Animation,Phone,Standard,45,43.0,95.6,1
WATCH-000218,2025-01-15T23:54:00,Spain,Animation,TV,Basic,45,5.7,12.7,1
WATCH-000219,2025-08-31T17:26:00,Sweden,Science fiction,Laptop,Premium,22,3.0,13.6,1
WATCH-000220,2025-06-15T13:23:00,Spain,Animation,Laptop,Standard,120,43.2,36.0,2
WATCH-000221,2025-03-29T14:26:00,Sweden,Thriller,Laptop,Basic,60,3.2,5.3,4
WATCH-000222,2025-03-12T12:09:00,Italy,Documentary,TV,Premium,30,14.1,47.0,5
WATCH-000223,2025-04-23T11:14:00,Netherlands,Documentary,Phone,Premium,30,6.7,,4
WATCH-000224,2025-03-12T13:59:00,Netherlands,Documentary,Phone,Premium,30,29.7,99.0,1
WATCH-000225,2025-04-16T15:47:00,Spain,Thriller,TV,Premium,22,12.9,58.6,5
WATCH-000226,2025-05-10T22:33:00,Italy,Science fiction,Laptop,Premium,30,29.0,96.7,4
WATCH-000227,2025-11-05T17:12:00,Sweden,Drama,Tablet,Standard,90,11.4,12.7,3
WATCH-000228,2025-01-15T23:22:00,Germany,Science fiction,Phone,Standard,90,67.8,75.3,2
WATCH-000229,2025-10-25T04:15:00,France,Thriller,Laptop,Premium,90,70.7,78.6,4
WATCH-000230,2025-01-06T08:38:00,France,Drama,TV,Basic,120,98.8,82.3,2
WATCH-000231,2025-01-14T01:14:00,Sweden,Animation,Laptop,Premium,45,32.6,72.4,3
WATCH-000232,2025-07-03T03:13:00,France,Comedy,Laptop,Basic,60,35.5,59.2,2
WATCH-000233,2025-05-14T04:26:00,Spain,Thriller,Laptop,Standard,30,21.8,72.7,3
WATCH-000234,2025-04-15T22:10:00,Netherlands,Documentary,TV,Standard,30,11.2,37.3,4
WATCH-000235,2025-08-14T22:13:00,Netherlands,Science fiction,Phone,Standard,60,9.3,15.5,4
WATCH-000236,2025-10-08T17:53:00,Spain,Thriller,Laptop,Premium,90,39.3,43.7,1
WATCH-000237,2025-03-04T07:31:00,France,Comedy,Phone,Standard,60,3.1,5.2,5
WATCH-000238,2025-06-11T12:11:00,Netherlands,Drama,Phone,Basic,22,16.4,74.5,5
WATCH-000239,2025-01-11T12:25:00,Netherlands,Drama,Tablet,Standard,90,37.9,42.1,2
WATCH-000240,2025-01-25T04:13:00,Germany,Documentary,Laptop,Premium,45,29.5,65.6,1
WATCH-000241,2025-06-30T18:43:00,Sweden,Science fiction,Phone,Premium,90,73.2,81.3,5
WATCH-000242,2025-07-11T16:59:00,Spain,Animation,Laptop,Basic,120,110.8,92.3,5
WATCH-000243,2025-01-08T10:35:00,Spain,Science fiction,Phone,Standard,90,58.6,65.1,2
WATCH-000244,2025-09-26T05:16:00,Germany,Thriller,Tablet,Basic,22,4.3,19.5,3
WATCH-000245,2025-05-14T05:26:00,France,Science fiction,Laptop,Standard,30,16.2,54.0,5
WATCH-000246,2025-07-23T23:02:00,Netherlands,Drama,Tablet,Premium,22,13.4,60.9,4
WATCH-000247,2025-09-03T13:01:00,France,Science fiction,TV,Basic,60,27.7,46.2,5
WATCH-000248,2025-11-01T16:51:00,Italy,Animation,TV,Standard,120,65.7,54.8,3
WATCH-000249,2025-06-19T18:07:00,Sweden,Documentary,Phone,Basic,60,55.6,92.7,5
WATCH-000250,2025-02-11T12:53:00,Germany,Science fiction,,Premium,60,47.1,78.5,4
WATCH-000251,2025-05-26T09:58:00,Germany,Drama,Laptop,Premium,22,10.9,49.5,1
WATCH-000252,2025-10-16T01:14:00,Sweden,Comedy,Phone,Standard,120,106.7,88.9,1
WATCH-000253,2025-05-04T16:23:00,Netherlands,Animation,Tablet,Standard,30,24.6,82.0,5
WATCH-000254,2025-04-29T16:27:00,Netherlands,Comedy,Tablet,Basic,60,23.1,38.5,5
WATCH-000255,2025-04-16T03:19:00,Italy,Drama,TV,Standard,45,5.1,11.3,5
WATCH-000256,2025-09-18T20:18:00,Spain,Drama,Tablet,Basic,60,54.2,90.3,3
WATCH-000257,2025-01-28T06:38:00,Italy,Comedy,Laptop,Basic,60,3.1,5.2,1
WATCH-000258,2025-05-03T16:13:00,Italy,Science fiction,Tablet,Premium,60,25.5,42.5,2
WATCH-000259,2025-05-09T23:48:00,Germany,Thriller,Tablet,Premium,60,6.0,10.0,5
WATCH-000260,2025-07-03T14:04:00,Sweden,Documentary,Laptop,Premium,120,112.0,,4
WATCH-000261,2025-11-05T00:32:00,Netherlands,Science fiction,Phone,Premium,45,3.5,7.8,1
WATCH-000262,2025-08-11T04:29:00,Sweden,Drama,TV,Premium,120,108.5,90.4,2
WATCH-000263,2025-05-24T03:56:00,Netherlands,Science fiction,Phone,Basic,60,43.1,71.8,1
WATCH-000264,2025-11-19T22:22:00,Spain,Science fiction,Tablet,Basic,30,20.6,68.7,1
WATCH-000265,2025-08-11T02:49:00,Germany,Documentary,Phone,Standard,22,4.4,20.0,1
WATCH-000266,2025-06-20T13:40:00,Germany,Animation,Tablet,Basic,120,73.2,61.0,5
WATCH-000267,2025-09-07T21:52:00,Germany,Drama,Tablet,Standard,22,19.0,86.4,2
WATCH-000268,2025-06-10T10:04:00,Spain,Thriller,Laptop,Premium,45,18.8,41.8,4
WATCH-000269,2025-08-09T07:11:00,Spain,Comedy,Phone,Premium,22,15.0,68.2,2
WATCH-000270,2025-12-28T02:33:00,Italy,Thriller,TV,Basic,90,84.4,93.8,3
WATCH-000271,2025-08-21T09:58:00,Sweden,Comedy,Laptop,Premium,120,46.0,38.3,3
WATCH-000272,2025-11-11T22:12:00,Spain,Documentary,TV,Basic,60,56.5,94.2,3
WATCH-000273,2025-04-17T09:44:00,Netherlands,Animation,TV,Basic,30,27.2,90.7,3
WATCH-000274,2025-01-09T03:04:00,Spain,Thriller,Tablet,Basic,30,21.8,72.7,4
WATCH-000275,2025-10-26T21:25:00,Spain,Drama,Laptop,Basic,22,4.1,18.6,4
WATCH-000276,2025-08-17T08:18:00,Sweden,Documentary,TV,Standard,45,20.1,44.7,3
WATCH-000277,2025-04-10T23:05:00,Sweden,Drama,TV,Basic,120,58.7,48.9,2
WATCH-000278,2025-05-20T09:28:00,Spain,Thriller,Tablet,Basic,22,17.3,78.6,4
WATCH-000279,2025-06-28T18:23:00,Italy,Drama,Tablet,Basic,90,57.9,64.3,5
WATCH-000280,2025-08-21T03:18:00,Netherlands,Science fiction,Tablet,Premium,90,77.0,85.6,1
WATCH-000281,2025-12-23T06:35:00,Sweden,Drama,Phone,Premium,45,10.6,23.6,4
WATCH-000282,2025-10-17T02:16:00,Netherlands,Comedy,TV,Standard,90,6.8,7.6,4
WATCH-000283,2025-12-22T06:32:00,France,Documentary,Laptop,Basic,22,3.8,17.3,1
WATCH-000284,2025-05-12T15:29:00,Spain,Documentary,Laptop,Basic,30,20.7,69.0,3
WATCH-000285,2025-06-07T16:16:00,France,Drama,TV,Basic,90,60.1,66.8,1
WATCH-000286,2025-08-08T06:16:00,Germany,Animation,Tablet,Premium,90,40.8,45.3,3
WATCH-000287,2025-11-26T16:10:00,Germany,Drama,Phone,Basic,60,15.6,26.0,3
WATCH-000288,2025-09-03T09:49:00,Sweden,Thriller,Phone,Basic,30,26.3,87.7,3
WATCH-000289,2025-03-14T18:14:00,Netherlands,Animation,Phone,Basic,22,9.2,41.8,2
WATCH-000290,2025-10-28T22:07:00,Italy,Thriller,TV,Standard,30,28.3,94.3,1
WATCH-000291,2025-12-20T04:39:00,Netherlands,Animation,Laptop,Basic,60,55.3,92.2,3
WATCH-000292,2025-01-03T23:54:00,France,Science fiction,Tablet,Standard,120,119.8,99.8,5
WATCH-000293,2025-01-15T17:48:00,Netherlands,Science fiction,Tablet,Standard,120,113.7,94.8,3
WATCH-000294,2025-04-07T11:39:00,France,Drama,Phone,Premium,60,59.2,98.7,5
WATCH-000295,2025-11-27T16:37:00,France,Thriller,Phone,Premium,120,119.5,99.6,2
WATCH-000296,2025-06-17T11:21:00,Sweden,Drama,Laptop,Basic,60,42.6,71.0,4
WATCH-000297,2025-06-25T19:14:00,Netherlands,Documentary,TV,Standard,30,14.0,,2
WATCH-000298,2025-05-11T08:56:00,Italy,Comedy,TV,Premium,45,19.6,43.6,3
WATCH-000299,2025-01-03T19:35:00,Germany,Thriller,Phone,Premium,120,66.3,55.2,4
WATCH-000300,2025-06-06T03:30:00,Italy,Thriller,TV,Standard,60,43.6,72.7,5
WATCH-000301,2025-11-07T05:40:00,Spain,Drama,Laptop,Basic,22,7.6,34.5,4
WATCH-000302,2025-06-29T06:33:00,France,Thriller,Laptop,Premium,60,6.3,10.5,5
WATCH-000303,2025-06-05T15:40:00,Sweden,Comedy,Tablet,Standard,90,69.1,76.8,2
WATCH-000304,2025-05-23T02:18:00,France,Drama,Laptop,Premium,60,15.6,26.0,4
WATCH-000305,2025-08-18T20:40:00,Italy,Drama,Phone,Basic,22,21.1,95.9,5
WATCH-000306,2025-03-20T21:09:00,Germany,Comedy,Tablet,Basic,60,60.0,100.0,4
WATCH-000307,2025-08-10T04:00:00,France,Drama,Laptop,Basic,120,64.9,54.1,2
WATCH-000308,2025-11-16T05:30:00,Sweden,Thriller,Laptop,Premium,45,40.1,89.1,1
WATCH-000309,2025-11-14T17:22:00,Spain,Science fiction,TV,Standard,60,32.4,54.0,5
WATCH-000310,2025-06-12T02:14:00,Italy,Drama,Phone,Premium,22,18.3,83.2,3
WATCH-000311,2025-01-03T05:38:00,Sweden,Documentary,TV,Basic,22,21.1,95.9,1
WATCH-000312,2025-05-04T16:55:00,Germany,Drama,TV,Standard,30,7.0,23.3,2
WATCH-000313,2025-01-03T16:41:00,France,Science fiction,Tablet,Premium,90,46.8,52.0,3
WATCH-000314,2025-03-07T05:09:00,Germany,Comedy,Laptop,Standard,120,83.4,69.5,2
WATCH-000315,2025-04-21T00:58:00,Spain,Documentary,Laptop,Basic,60,3.6,6.0,5
WATCH-000316,2025-09-16T22:39:00,France,Thriller,TV,Standard,30,28.2,94.0,1
WATCH-000317,2025-11-01T23:36:00,Netherlands,Documentary,Tablet,Basic,45,16.7,37.1,1
WATCH-000318,2025-08-30T06:00:00,France,Science fiction,Laptop,Premium,90,64.0,71.1,5
WATCH-000319,2025-01-15T14:32:00,Sweden,Animation,Laptop,Basic,45,2.5,5.6,5
WATCH-000320,2025-09-29T19:18:00,Netherlands,Documentary,TV,Basic,45,22.4,49.8,2
WATCH-000321,2025-05-07T15:10:00,Netherlands,Drama,Tablet,Premium,45,22.6,50.2,5
WATCH-000322,2025-06-04T21:42:00,Germany,Comedy,TV,Standard,90,39.4,43.8,2
WATCH-000323,2025-01-25T01:27:00,Spain,Science fiction,Phone,Standard,90,82.3,91.4,4
WATCH-000324,2025-07-24T22:30:00,Italy,Science fiction,Laptop,Standard,22,14.8,67.3,3
WATCH-000325,2025-10-09T20:26:00,Italy,Thriller,Phone,Premium,22,14.6,66.4,2
WATCH-000326,2025-11-08T10:08:00,Spain,Drama,Tablet,Standard,22,8.2,37.3,3
WATCH-000327,2025-04-17T20:59:00,France,Thriller,Phone,Standard,30,19.7,65.7,1
WATCH-000328,2025-03-03T08:11:00,Spain,Animation,TV,Basic,60,42.1,70.2,3
WATCH-000329,2025-01-15T05:39:00,Germany,Documentary,Tablet,Basic,45,10.6,23.6,5
WATCH-000330,2025-11-01T02:49:00,Italy,Documentary,Phone,Standard,30,29.1,97.0,3
WATCH-000331,2025-12-12T12:38:00,Spain,Animation,Tablet,Basic,22,11.0,50.0,4
WATCH-000332,2025-04-07T05:06:00,France,Drama,Phone,Basic,90,14.7,16.3,1
WATCH-000333,2025-01-10T17:56:00,Spain,Science fiction,,Premium,22,14.0,63.6,5
WATCH-000334,2025-12-01T21:24:00,Netherlands,Drama,Laptop,Basic,60,15.9,,3
WATCH-000335,2025-06-08T23:00:00,Sweden,Science fiction,Tablet,Standard,120,63.5,52.9,2
WATCH-000336,2025-11-15T04:01:00,Netherlands,Comedy,TV,Premium,90,85.2,94.7,3
WATCH-000337,2025-09-19T21:59:00,Italy,Comedy,Laptop,Standard,22,21.4,97.3,4
WATCH-000338,2025-10-06T13:22:00,Germany,Documentary,Laptop,Standard,90,6.8,7.6,5
WATCH-000339,2025-11-27T03:46:00,Spain,Thriller,Laptop,Premium,45,25.5,56.7,1
WATCH-000340,2025-03-01T10:21:00,Spain,Documentary,Phone,Basic,22,9.5,43.2,3
WATCH-000341,2025-10-01T03:59:00,Spain,Drama,TV,Premium,30,8.1,27.0,3
WATCH-000342,2025-11-12T22:29:00,Spain,Comedy,Phone,Premium,22,10.2,46.4,4
WATCH-000343,2025-02-14T07:08:00,Germany,Drama,Laptop,Standard,60,7.5,12.5,1
WATCH-000344,2025-12-16T05:54:00,Sweden,Thriller,Tablet,Standard,22,8.5,38.6,4
WATCH-000345,2025-01-03T13:54:00,Spain,Drama,Tablet,Basic,45,11.2,24.9,5
WATCH-000346,2025-05-02T03:35:00,Germany,Animation,Tablet,Premium,90,25.0,27.8,4
WATCH-000347,2025-05-13T05:59:00,France,Comedy,Tablet,Basic,30,11.0,36.7,5
WATCH-000348,2025-09-10T16:07:00,Spain,Comedy,TV,Standard,45,26.4,58.7,5
WATCH-000349,2025-03-25T07:59:00,Sweden,Science fiction,TV,Standard,22,13.1,59.5,2
WATCH-000350,2025-11-20T10:47:00,France,Documentary,TV,Basic,60,23.7,39.5,4
WATCH-000351,2025-03-22T12:58:00,Netherlands,Comedy,Tablet,Standard,45,44.6,99.1,4
WATCH-000352,2025-11-27T03:03:00,Netherlands,Drama,TV,Standard,60,18.0,30.0,5
WATCH-000353,2025-07-24T14:23:00,Netherlands,Comedy,Laptop,Standard,90,89.1,99.0,3
WATCH-000354,2025-06-18T06:42:00,Sweden,Comedy,TV,Standard,60,42.4,70.7,1
WATCH-000355,2025-02-06T15:49:00,Netherlands,Science fiction,TV,Standard,90,5.0,5.6,3
WATCH-000356,2025-03-03T17:13:00,Spain,Drama,Tablet,Basic,60,13.3,22.2,3
WATCH-000357,2025-10-20T00:37:00,France,Animation,Tablet,Standard,22,8.3,37.7,4
WATCH-000358,2025-05-13T13:30:00,Spain,Thriller,Laptop,Premium,22,20.4,92.7,5
WATCH-000359,2025-05-03T07:25:00,Sweden,Drama,Tablet,Standard,60,34.6,57.7,3
WATCH-000360,2025-11-24T04:52:00,France,Documentary,Tablet,Standard,22,10.4,47.3,5
WATCH-000361,2025-09-25T15:29:00,Italy,Comedy,TV,Premium,22,12.7,57.7,1
WATCH-000362,2025-10-11T19:50:00,France,Thriller,Tablet,Premium,60,11.8,19.7,5
WATCH-000363,2025-03-08T09:58:00,Spain,Comedy,Tablet,Premium,90,13.2,14.7,1
WATCH-000364,2025-01-02T05:56:00,Italy,Science fiction,TV,Basic,45,36.5,81.1,2
WATCH-000365,2025-07-09T00:17:00,Spain,Thriller,Phone,Basic,120,48.9,40.8,2
WATCH-000366,2025-07-25T01:06:00,France,Thriller,Phone,Premium,45,20.8,46.2,4
WATCH-000367,2025-03-21T00:50:00,France,Documentary,TV,Basic,60,58.8,98.0,4
WATCH-000368,2025-05-06T19:17:00,Germany,Animation,Phone,Standard,45,19.6,43.6,2
WATCH-000369,2025-05-13T18:47:00,Sweden,Documentary,Tablet,Premium,30,3.0,10.0,2
WATCH-000370,2025-12-11T16:24:00,Italy,Animation,TV,Standard,90,67.1,74.6,3
WATCH-000371,2025-08-26T17:09:00,Sweden,Documentary,TV,Premium,45,33.0,,3
WATCH-000372,2025-06-07T22:11:00,Sweden,Documentary,Phone,Premium,90,26.5,29.4,1
WATCH-000373,2025-06-14T02:49:00,Italy,Comedy,Tablet,Basic,45,20.2,44.9,2
WATCH-000374,2025-11-02T16:59:00,Spain,Thriller,Tablet,Standard,90,17.5,19.4,2
WATCH-000375,2025-09-14T15:59:00,Italy,Documentary,Laptop,Basic,45,36.3,80.7,3
WATCH-000376,2025-05-17T01:34:00,Spain,Science fiction,TV,Premium,90,28.2,31.3,5
WATCH-000377,2025-06-20T09:31:00,Germany,Comedy,Laptop,Standard,22,5.5,25.0,4
WATCH-000378,2025-03-28T05:54:00,Sweden,Thriller,Tablet,Basic,45,36.8,81.8,4
WATCH-000379,2025-07-01T14:14:00,Spain,Animation,Tablet,Premium,30,23.5,78.3,4
WATCH-000380,2025-06-16T10:40:00,Germany,Comedy,Phone,Basic,120,73.9,61.6,1
WATCH-000381,2025-04-25T07:53:00,Italy,Comedy,TV,Standard,30,3.0,10.0,5
WATCH-000382,2025-02-23T16:28:00,France,Thriller,Phone,Basic,90,71.4,79.3,2
WATCH-000383,2025-08-04T15:17:00,Italy,Thriller,TV,Premium,60,54.5,90.8,4
WATCH-000384,2025-05-08T20:56:00,Sweden,Comedy,Tablet,Standard,120,61.7,51.4,3
WATCH-000385,2025-11-04T15:33:00,Italy,Science fiction,Tablet,Premium,30,12.2,40.7,3
WATCH-000386,2025-12-25T05:29:00,Germany,Animation,TV,Premium,45,37.6,83.6,3
WATCH-000387,2025-05-04T20:13:00,Spain,Documentary,Tablet,Premium,120,15.9,13.2,1
WATCH-000388,2025-11-14T04:53:00,France,Drama,TV,Premium,30,15.8,52.7,4
WATCH-000389,2025-02-07T06:24:00,France,Science fiction,TV,Standard,45,28.2,62.7,3
WATCH-000390,2025-03-31T18:56:00,Netherlands,Thriller,Laptop,Standard,60,13.1,21.8,5
WATCH-000391,2025-08-14T19:10:00,Sweden,Documentary,TV,Premium,22,9.6,43.6,3
WATCH-000392,2025-01-17T10:19:00,Italy,Comedy,Phone,Standard,30,25.8,86.0,1
WATCH-000393,2025-06-30T12:57:00,France,Comedy,Phone,Premium,120,32.7,27.3,3
WATCH-000394,2025-03-08T02:23:00,Netherlands,Thriller,TV,Premium,45,30.4,67.6,3
WATCH-000395,2025-06-19T19:21:00,Germany,Documentary,Phone,Premium,30,13.9,46.3,4
WATCH-000396,2025-08-18T01:15:00,Germany,Thriller,Tablet,Basic,90,46.0,51.1,3
WATCH-000397,2025-02-19T01:55:00,Germany,Thriller,TV,Premium,120,75.5,62.9,4
WATCH-000398,2025-12-05T04:02:00,Germany,Drama,Tablet,Basic,45,10.6,23.6,4
WATCH-000399,2025-01-04T06:06:00,Spain,Drama,Phone,Premium,60,6.2,10.3,3
WATCH-000400,2025-04-01T13:12:00,Germany,Drama,Tablet,Basic,45,16.2,36.0,3
WATCH-000401,2025-04-12T09:11:00,Spain,Documentary,Laptop,Basic,45,43.0,95.6,1
WATCH-000402,2025-09-12T11:46:00,Spain,Drama,Laptop,Premium,90,82.4,91.6,5
WATCH-000403,2025-03-19T01:48:00,Netherlands,Thriller,Phone,Basic,22,4.4,20.0,1
WATCH-000404,2025-03-22T10:10:00,France,Drama,Tablet,Premium,60,43.1,71.8,3
WATCH-000405,2025-08-13T03:04:00,Italy,Thriller,Tablet,Premium,22,14.8,67.3,5
WATCH-000406,2025-07-06T00:00:00,Spain,Animation,TV,Premium,120,12.3,10.2,3
WATCH-000407,2025-10-11T01:49:00,Spain,Drama,Tablet,Standard,60,42.3,70.5,3
WATCH-000408,2025-09-03T17:40:00,Sweden,Animation,Tablet,Standard,30,5.6,,3
WATCH-000409,2025-09-24T09:54:00,France,Drama,Phone,Premium,45,38.7,86.0,1
WATCH-000410,2025-04-09T16:51:00,Spain,Thriller,Tablet,Premium,30,9.1,30.3,5
WATCH-000411,2025-02-25T06:38:00,Sweden,Thriller,TV,Basic,120,102.1,85.1,5
WATCH-000412,2025-06-04T01:02:00,Spain,Drama,TV,Standard,60,53.0,88.3,3
WATCH-000413,2025-12-08T22:37:00,France,Thriller,Tablet,Standard,30,12.1,40.3,5
WATCH-000414,2025-11-13T11:18:00,France,Drama,Phone,Premium,90,76.0,84.4,5
WATCH-000415,2025-07-23T22:51:00,Italy,Thriller,Tablet,Basic,22,6.9,31.4,1
WATCH-000416,2025-07-01T14:48:00,Netherlands,Thriller,,Basic,45,34.4,76.4,1
WATCH-000417,2025-05-04T13:22:00,Netherlands,Science fiction,TV,Basic,90,27.5,30.6,1
WATCH-000418,2025-11-22T20:24:00,Netherlands,Documentary,Tablet,Standard,120,56.5,47.1,5
WATCH-000419,2025-09-16T19:01:00,Netherlands,Science fiction,Phone,Premium,90,77.0,85.6,3
WATCH-000420,2025-07-30T14:53:00,Netherlands,Documentary,Phone,Premium,60,54.3,90.5,4
WATCH-000421,2025-02-16T08:08:00,Italy,Animation,Laptop,Basic,90,63.1,70.1,4
WATCH-000422,2025-10-24T06:03:00,France,Drama,Tablet,Standard,90,88.8,98.7,5
WATCH-000423,2025-06-15T18:35:00,Netherlands,Animation,Laptop,Premium,22,19.0,86.4,1
WATCH-000424,2025-08-24T03:53:00,Sweden,Comedy,Tablet,Premium,60,15.5,25.8,1
WATCH-000425,2025-05-17T19:55:00,Italy,Documentary,Phone,Basic,22,3.3,15.0,2
WATCH-000426,2025-05-02T13:27:00,Spain,Drama,TV,Standard,45,8.8,19.6,3
WATCH-000427,2025-10-14T23:46:00,Spain,Thriller,TV,Premium,90,25.5,28.3,1
WATCH-000428,2025-12-03T22:29:00,Germany,Comedy,Tablet,Standard,30,11.0,36.7,5
WATCH-000429,2025-12-14T00:39:00,Germany,Animation,Phone,Basic,120,16.1,13.4,3
WATCH-000430,2025-06-01T04:14:00,Germany,Thriller,TV,Standard,22,2.5,11.4,5
WATCH-000431,2025-06-15T17:08:00,Italy,Documentary,Phone,Standard,60,29.2,48.7,4
WATCH-000432,2025-11-25T10:29:00,Italy,Animation,Phone,Standard,45,34.6,76.9,5
WATCH-000433,2025-12-27T03:14:00,Netherlands,Documentary,Phone,Standard,45,32.7,72.7,5
WATCH-000434,2025-12-29T05:09:00,Germany,Thriller,TV,Standard,45,18.0,40.0,3
WATCH-000435,2025-08-20T01:51:00,Germany,Science fiction,Tablet,Standard,60,3.8,6.3,3
WATCH-000436,2025-05-18T13:32:00,Sweden,Comedy,Phone,Standard,60,19.3,32.2,2
WATCH-000437,2025-07-18T01:39:00,Netherlands,Thriller,Laptop,Basic,45,36.3,80.7,1
WATCH-000438,2025-12-12T03:36:00,Netherlands,Comedy,Phone,Standard,60,38.9,64.8,5
WATCH-000439,2025-10-02T19:52:00,Germany,Animation,Phone,Premium,60,16.7,27.8,3
WATCH-000440,2025-12-13T15:13:00,Italy,Comedy,Tablet,Standard,120,67.5,56.2,4
WATCH-000441,2025-12-16T09:42:00,Italy,Documentary,Tablet,Premium,90,25.9,28.8,1
WATCH-000442,2025-05-13T22:59:00,France,Science fiction,Phone,Standard,22,16.7,75.9,3
WATCH-000443,2025-05-22T13:19:00,Italy,Drama,Phone,Premium,60,19.5,32.5,5
WATCH-000444,2025-02-10T15:40:00,Germany,Documentary,Phone,Basic,30,2.3,7.7,5
WATCH-000445,2025-03-08T23:17:00,Italy,Animation,Phone,Standard,120,8.0,,1
WATCH-000446,2025-10-02T19:42:00,Sweden,Thriller,Tablet,Standard,90,84.2,93.6,4
WATCH-000447,2025-08-19T17:48:00,Netherlands,Drama,Laptop,Premium,22,7.7,35.0,5
WATCH-000448,2025-04-07T20:06:00,Sweden,Animation,Tablet,Standard,120,55.2,46.0,4
WATCH-000449,2025-07-17T00:16:00,France,Comedy,Laptop,Premium,45,23.4,52.0,5
WATCH-000450,2025-04-22T14:25:00,Spain,Documentary,Laptop,Basic,30,7.4,24.7,5
WATCH-000451,2025-04-25T08:03:00,Netherlands,Animation,Laptop,Standard,60,17.2,28.7,5
WATCH-000452,2025-01-11T18:03:00,Spain,Science fiction,Tablet,Premium,90,19.9,22.1,3
WATCH-000453,2025-02-14T07:07:00,Italy,Science fiction,Laptop,Standard,45,30.9,68.7,2
WATCH-000454,2025-01-10T07:32:00,Sweden,Comedy,Phone,Standard,30,25.9,86.3,1
WATCH-000455,2025-04-29T04:58:00,Italy,Science fiction,TV,Basic,120,107.7,89.8,3
WATCH-000456,2025-01-07T23:43:00,France,Thriller,Phone,Standard,60,46.9,78.2,1
WATCH-000457,2025-10-06T08:16:00,Netherlands,Animation,TV,Basic,30,23.3,77.7,5
WATCH-000458,2025-02-13T04:08:00,Germany,Science fiction,TV,Standard,90,69.4,77.1,2
WATCH-000459,2025-12-17T00:39:00,Italy,Documentary,Tablet,Basic,30,26.9,89.7,2
WATCH-000460,2025-08-04T06:57:00,Spain,Thriller,Tablet,Standard,90,24.9,27.7,5
WATCH-000461,2025-07-06T09:13:00,France,Thriller,Tablet,Standard,60,8.9,14.8,5
WATCH-000462,2025-12-30T02:57:00,Sweden,Documentary,Phone,Standard,120,70.5,58.8,2
WATCH-000463,2025-06-12T22:37:00,Germany,Thriller,Laptop,Premium,90,21.5,23.9,1
WATCH-000464,2025-09-20T06:04:00,Germany,Comedy,Laptop,Standard,22,13.9,63.2,2
WATCH-000465,2025-07-07T23:51:00,Sweden,Science fiction,TV,Basic,45,33.5,74.4,4
WATCH-000466,2025-02-03T12:57:00,Sweden,Comedy,TV,Premium,30,21.1,70.3,1
WATCH-000467,2025-04-18T08:18:00,France,Comedy,Tablet,Basic,60,28.6,47.7,5
WATCH-000468,2025-04-17T15:33:00,Germany,Science fiction,Laptop,Premium,45,18.6,41.3,4
WATCH-000469,2025-05-04T10:56:00,Italy,Animation,Laptop,Premium,120,47.8,39.8,1
WATCH-000470,2025-08-17T21:58:00,Netherlands,Drama,TV,Standard,45,36.6,81.3,2
WATCH-000471,2025-09-23T15:57:00,Spain,Thriller,Laptop,Premium,90,7.8,8.7,2
WATCH-000472,2025-05-23T11:45:00,Italy,Thriller,TV,Standard,60,4.7,7.8,5
WATCH-000473,2025-06-19T14:44:00,Germany,Animation,Laptop,Standard,30,20.3,67.7,4
WATCH-000474,2025-09-24T12:43:00,Sweden,Animation,Phone,Premium,30,16.8,56.0,3
WATCH-000475,2025-03-15T03:01:00,Netherlands,Drama,TV,Basic,120,92.9,77.4,1
WATCH-000476,2025-01-13T23:23:00,Spain,Drama,Tablet,Basic,90,55.0,61.1,2
WATCH-000477,2025-06-20T01:38:00,Sweden,Drama,Phone,Standard,22,17.3,78.6,5
WATCH-000478,2025-05-13T09:02:00,France,Thriller,Phone,Premium,90,73.3,81.4,2
WATCH-000479,2025-11-02T13:46:00,Germany,Documentary,TV,Standard,60,59.6,99.3,3
WATCH-000480,2025-04-03T12:11:00,Netherlands,Comedy,TV,Basic,45,16.3,36.2,3
WATCH-000481,2025-10-19T17:50:00,Germany,Comedy,Phone,Basic,120,62.2,51.8,1
WATCH-000482,2025-05-27T22:35:00,Netherlands,Animation,Laptop,Basic,90,5.1,,2
WATCH-000483,2025-01-03T09:26:00,Spain,Thriller,TV,Standard,30,19.3,64.3,4
WATCH-000484,2025-09-25T11:09:00,Sweden,Drama,TV,Basic,60,36.8,61.3,3
WATCH-000485,2025-03-16T08:53:00,Germany,Science fiction,Tablet,Standard,45,35.4,78.7,2
WATCH-000486,2025-08-01T03:11:00,Netherlands,Science fiction,TV,Premium,30,21.9,73.0,2
WATCH-000487,2025-10-04T22:06:00,France,Documentary,Tablet,Premium,120,9.8,8.2,2
WATCH-000488,2025-12-05T04:16:00,Spain,Documentary,Tablet,Basic,45,20.3,45.1,5
WATCH-000489,2025-08-05T23:48:00,Netherlands,Thriller,TV,Premium,45,42.5,94.4,1
WATCH-000490,2025-04-11T08:13:00,Sweden,Animation,Tablet,Standard,30,27.3,91.0,2
WATCH-000491,2025-05-06T17:01:00,Sweden,Thriller,Phone,Premium,90,55.4,61.6,3
WATCH-000492,2025-12-13T10:41:00,Sweden,Documentary,Phone,Premium,22,14.4,65.5,3
WATCH-000493,2025-09-20T04:41:00,France,Science fiction,Tablet,Premium,60,6.8,11.3,5
WATCH-000494,2025-02-19T00:01:00,Germany,Animation,TV,Premium,22,9.0,40.9,1
WATCH-000495,2025-03-14T01:15:00,Spain,Drama,TV,Standard,30,6.0,20.0,1
WATCH-000496,2025-06-07T18:02:00,Germany,Animation,TV,Basic,120,109.7,91.4,3
WATCH-000497,2025-11-21T23:40:00,Spain,Animation,Laptop,Basic,60,8.7,14.5,4
WATCH-000498,2025-10-30T15:56:00,Netherlands,Drama,Laptop,Premium,30,17.9,59.7,4
WATCH-000499,2025-01-08T19:07:00,Italy,Comedy,,Standard,90,10.7,11.9,4
WATCH-000500,2025-09-09T03:22:00,Spain,Science fiction,Laptop,Premium,90,33.7,37.4,2
WATCH-000501,2025-01-05T04:02:00,Sweden,Animation,Laptop,Basic,30,11.9,39.7,3
WATCH-000502,2025-06-05T01:11:00,Netherlands,Science fiction,TV,Premium,30,24.1,80.3,5
WATCH-000503,2025-09-14T06:56:00,Netherlands,Drama,Tablet,Standard,45,5.8,12.9,1
WATCH-000504,2025-11-24T12:45:00,Spain,Documentary,Tablet,Basic,90,52.4,58.2,5
WATCH-000505,2025-04-06T18:17:00,Italy,Science fiction,TV,Premium,45,43.6,96.9,2
WATCH-000506,2025-01-01T10:07:00,Spain,Drama,TV,Basic,60,45.2,75.3,4
WATCH-000507,2025-08-04T06:55:00,Germany,Documentary,Tablet,Standard,120,113.5,94.6,5
WATCH-000508,2025-08-15T16:30:00,France,Thriller,Tablet,Premium,120,8.9,7.4,5
WATCH-000509,2025-09-23T09:26:00,Netherlands,Animation,TV,Standard,22,9.5,43.2,4
WATCH-000510,2025-02-18T05:13:00,Spain,Comedy,TV,Basic,90,13.8,15.3,3
WATCH-000511,2025-06-21T22:37:00,Sweden,Comedy,Laptop,Standard,60,14.7,24.5,2
WATCH-000512,2025-05-13T20:15:00,Italy,Documentary,Tablet,Standard,60,36.8,61.3,5
WATCH-000513,2025-02-17T10:28:00,Sweden,Science fiction,Laptop,Basic,22,2.5,11.4,1
WATCH-000514,2025-02-22T05:03:00,Spain,Documentary,Tablet,Basic,120,60.3,50.2,4
WATCH-000515,2025-05-13T06:32:00,Sweden,Comedy,Tablet,Basic,120,65.4,54.5,5
WATCH-000516,2025-07-18T00:35:00,Netherlands,Animation,Laptop,Standard,90,66.3,73.7,2
WATCH-000517,2025-04-28T10:54:00,Germany,Drama,Phone,Standard,60,28.6,47.7,1
WATCH-000518,2025-10-13T07:14:00,Netherlands,Animation,Phone,Standard,22,14.3,65.0,2
WATCH-000519,2025-08-18T13:20:00,Italy,Thriller,Phone,Basic,60,13.9,,5
WATCH-000520,2025-04-22T02:04:00,Germany,Comedy,TV,Standard,90,64.7,71.9,4
WATCH-000521,2025-06-24T18:05:00,Germany,Drama,Phone,Basic,90,83.2,92.4,2
WATCH-000522,2025-06-16T19:54:00,Sweden,Animation,Phone,Standard,60,18.1,30.2,1
WATCH-000523,2025-06-19T08:03:00,Sweden,Drama,Laptop,Premium,60,27.5,45.8,2
WATCH-000524,2025-03-31T05:57:00,Sweden,Science fiction,Phone,Basic,45,42.1,93.6,3
WATCH-000525,2025-07-09T11:49:00,France,Comedy,Laptop,Basic,60,32.2,53.7,2
WATCH-000526,2025-02-15T05:37:00,Spain,Drama,Tablet,Premium,45,14.5,32.2,3
WATCH-000527,2025-09-28T02:43:00,Germany,Science fiction,Phone,Basic,90,54.7,60.8,5
WATCH-000528,2025-01-27T18:22:00,Spain,Thriller,Laptop,Premium,22,19.8,90.0,3
WATCH-000529,2025-10-31T16:14:00,France,Comedy,Phone,Standard,90,69.4,77.1,3
WATCH-000530,2025-09-26T03:30:00,Germany,Animation,Tablet,Basic,30,6.2,20.7,1
WATCH-000531,2025-06-06T12:46:00,Netherlands,Drama,Laptop,Standard,30,3.2,10.7,2
WATCH-000532,2025-01-18T19:55:00,Netherlands,Thriller,Laptop,Premium,45,33.4,74.2,5
WATCH-000533,2025-01-13T01:54:00,France,Drama,TV,Premium,60,53.6,89.3,2
WATCH-000534,2025-09-18T14:46:00,France,Documentary,TV,Premium,30,4.6,15.3,3
WATCH-000535,2025-06-14T16:19:00,Italy,Animation,Phone,Basic,30,23.9,79.7,3
WATCH-000536,2025-07-26T05:11:00,Netherlands,Drama,TV,Basic,90,41.3,45.9,5
WATCH-000537,2025-10-10T21:39:00,Spain,Comedy,Tablet,Premium,90,39.7,44.1,4
WATCH-000538,2025-02-11T21:28:00,Sweden,Animation,TV,Premium,120,95.4,79.5,2
WATCH-000539,2025-09-19T00:30:00,Netherlands,Drama,Laptop,Standard,30,17.4,58.0,2
WATCH-000540,2025-02-10T00:49:00,Sweden,Animation,Laptop,Premium,60,8.5,14.2,1
WATCH-000541,2025-04-03T12:44:00,Spain,Drama,TV,Basic,90,15.6,17.3,3
WATCH-000542,2025-06-19T11:05:00,Netherlands,Science fiction,Phone,Premium,90,23.7,26.3,3
WATCH-000543,2025-09-14T23:50:00,France,Comedy,Phone,Premium,22,4.7,21.4,3
WATCH-000544,2025-09-04T13:19:00,Spain,Comedy,TV,Premium,90,83.9,93.2,1
WATCH-000545,2025-08-22T15:14:00,Spain,Drama,TV,Basic,120,102.3,85.2,4
WATCH-000546,2025-05-14T23:58:00,Netherlands,Comedy,Phone,Premium,22,20.6,93.6,4
WATCH-000547,2025-05-17T23:44:00,Italy,Thriller,Tablet,Premium,30,29.3,97.7,1
WATCH-000548,2025-09-24T02:46:00,Sweden,Thriller,Tablet,Basic,90,38.4,42.7,3
WATCH-000549,2025-07-24T16:05:00,Germany,Drama,TV,Premium,22,13.2,60.0,1
WATCH-000550,2025-10-08T05:52:00,Italy,Drama,Tablet,Premium,60,9.6,16.0,2
WATCH-000551,2025-01-10T07:55:00,Italy,Drama,Laptop,Premium,120,66.1,55.1,4
WATCH-000552,2025-12-10T05:27:00,Spain,Science fiction,Phone,Premium,90,6.6,7.3,3
WATCH-000553,2025-04-23T05:45:00,Germany,Documentary,Laptop,Basic,120,81.0,67.5,3
WATCH-000554,2025-03-23T14:30:00,Germany,Comedy,Phone,Premium,60,19.1,31.8,5
WATCH-000555,2025-05-24T05:58:00,Sweden,Animation,Tablet,Basic,60,19.0,31.7,3
WATCH-000556,2025-09-15T12:58:00,Sweden,Animation,TV,Premium,22,13.6,,4
WATCH-000557,2025-12-15T12:15:00,Germany,Documentary,TV,Premium,120,97.6,81.3,2
WATCH-000558,2025-06-06T21:33:00,Germany,Comedy,Phone,Premium,30,28.8,96.0,3
WATCH-000559,2025-09-26T13:53:00,Sweden,Comedy,Laptop,Premium,22,4.7,21.4,4
WATCH-000560,2025-01-05T12:03:00,Germany,Comedy,Tablet,Basic,45,10.0,22.2,3
WATCH-000561,2025-09-30T08:29:00,Sweden,Animation,TV,Basic,45,17.8,39.6,3
WATCH-000562,2025-05-25T21:23:00,France,Drama,Tablet,Standard,120,89.2,74.3,4
WATCH-000563,2025-05-01T08:21:00,Sweden,Documentary,TV,Standard,60,42.9,71.5,4
WATCH-000564,2025-05-16T23:25:00,Germany,Drama,Tablet,Premium,22,11.3,51.4,5
WATCH-000565,2025-03-10T13:39:00,Italy,Animation,Phone,Premium,90,60.7,67.4,3
WATCH-000566,2025-01-21T12:59:00,Sweden,Comedy,Tablet,Premium,30,26.1,87.0,1
WATCH-000567,2025-01-14T20:23:00,Italy,Animation,Laptop,Premium,90,85.4,94.9,1
WATCH-000568,2025-01-08T01:49:00,Netherlands,Animation,Tablet,Basic,60,52.3,87.2,4
WATCH-000569,2025-06-20T20:19:00,Netherlands,Comedy,Phone,Standard,90,15.1,16.8,1
WATCH-000570,2025-10-22T13:53:00,Italy,Drama,Laptop,Premium,90,16.2,18.0,3
WATCH-000571,2025-08-05T13:34:00,Netherlands,Drama,TV,Standard,120,18.4,15.3,3
WATCH-000572,2025-09-22T18:11:00,France,Thriller,Laptop,Basic,45,10.4,23.1,1
WATCH-000573,2025-01-19T05:12:00,Italy,Documentary,Tablet,Standard,30,19.5,65.0,4
WATCH-000574,2025-06-28T06:24:00,France,Drama,Phone,Basic,90,8.3,9.2,1
WATCH-000575,2025-09-08T20:52:00,Spain,Animation,TV,Standard,120,60.7,50.6,2
WATCH-000576,2025-04-01T08:36:00,Germany,Science fiction,Laptop,Basic,120,117.9,98.2,5
WATCH-000577,2025-06-05T04:49:00,France,Comedy,Tablet,Basic,22,14.0,63.6,5
WATCH-000578,2025-08-14T16:52:00,Netherlands,Comedy,Phone,Basic,60,16.1,26.8,2
WATCH-000579,2025-01-16T16:49:00,Sweden,Animation,Laptop,Standard,22,12.1,55.0,1
WATCH-000580,2025-11-25T18:05:00,Germany,Documentary,Tablet,Basic,30,10.7,35.7,4
WATCH-000581,2025-04-13T19:56:00,France,Comedy,Laptop,Basic,90,25.7,28.6,4
WATCH-000582,2025-12-17T03:57:00,Sweden,Thriller,,Standard,60,19.3,32.2,5
WATCH-000583,2025-08-29T01:48:00,Germany,Drama,Phone,Basic,90,67.9,75.4,2
WATCH-000584,2025-04-06T17:50:00,France,Science fiction,Tablet,Standard,90,21.4,23.8,1
WATCH-000585,2025-08-07T10:09:00,Netherlands,Comedy,Laptop,Standard,30,15.7,52.3,1
WATCH-000586,2025-08-15T10:30:00,Netherlands,Comedy,Tablet,Basic,120,89.0,74.2,3
WATCH-000587,2025-06-30T16:59:00,Italy,Animation,Tablet,Premium,90,10.6,11.8,4
WATCH-000588,2025-12-19T11:23:00,Italy,Thriller,Phone,Premium,60,26.6,44.3,5
WATCH-000589,2025-06-07T16:31:00,Italy,Documentary,Tablet,Premium,90,64.1,71.2,2
WATCH-000590,2025-06-30T03:44:00,France,Drama,Phone,Basic,120,74.7,62.3,2
WATCH-000591,2025-01-03T02:10:00,Sweden,Comedy,Tablet,Basic,30,2.7,9.0,5
WATCH-000592,2025-03-22T22:12:00,Spain,Science fiction,Phone,Premium,30,12.7,42.3,2
WATCH-000593,2025-01-24T15:25:00,Netherlands,Thriller,TV,Basic,45,29.2,,3
WATCH-000594,2025-02-06T12:47:00,Spain,Drama,TV,Basic,120,56.5,47.1,3
WATCH-000595,2025-10-26T16:54:00,Spain,Documentary,Phone,Premium,60,41.1,68.5,3
WATCH-000596,2025-05-04T18:02:00,Spain,Science fiction,TV,Standard,60,52.1,86.8,3
WATCH-000597,2025-04-16T21:33:00,Sweden,Documentary,Tablet,Basic,90,58.2,64.7,5
WATCH-000598,2025-11-10T03:26:00,Sweden,Science fiction,TV,Basic,22,20.8,94.5,3
WATCH-000599,2025-06-10T10:11:00,Spain,Science fiction,Phone,Basic,90,61.4,68.2,1
WATCH-000600,2025-08-02T03:58:00,Netherlands,Drama,Laptop,Premium,22,17.0,77.3,4
WATCH-000601,2025-07-13T17:09:00,Germany,Animation,Laptop,Standard,90,9.1,10.1,5
WATCH-000602,2025-02-06T01:03:00,Netherlands,Animation,Laptop,Standard,90,56.2,62.4,2
WATCH-000603,2025-02-11T21:02:00,Germany,Science fiction,TV,Standard,120,76.4,63.7,5
WATCH-000604,2025-06-11T20:14:00,France,Science fiction,Phone,Standard,45,3.8,8.4,4
WATCH-000605,2025-06-27T05:22:00,Spain,Comedy,Tablet,Premium,90,51.6,57.3,5
WATCH-000606,2025-11-16T18:44:00,Italy,Comedy,Laptop,Basic,22,9.4,42.7,4
WATCH-000607,2025-03-04T21:05:00,Sweden,Thriller,TV,Standard,45,32.8,72.9,4
WATCH-000608,2025-09-20T11:17:00,Italy,Animation,TV,Premium,90,10.7,11.9,1
WATCH-000609,2025-07-25T04:03:00,Italy,Drama,Phone,Standard,60,57.9,96.5,4
WATCH-000610,2025-02-05T23:36:00,Spain,Drama,Laptop,Standard,90,74.7,83.0,1
WATCH-000611,2025-04-12T22:59:00,Germany,Documentary,Tablet,Premium,60,41.7,69.5,4
WATCH-000612,2025-07-07T17:22:00,Netherlands,Documentary,Tablet,Basic,30,14.9,49.7,2
WATCH-000613,2025-12-27T05:05:00,Netherlands,Comedy,Phone,Standard,60,41.7,69.5,3
WATCH-000614,2025-05-01T09:22:00,Spain,Comedy,TV,Premium,120,78.3,65.2,1
WATCH-000615,2025-01-21T17:07:00,Sweden,Science fiction,Tablet,Standard,60,30.7,51.2,4
WATCH-000616,2025-10-01T11:22:00,France,Drama,Tablet,Standard,60,12.5,20.8,5
WATCH-000617,2025-04-07T17:55:00,Germany,Comedy,Tablet,Basic,90,25.6,28.4,1
WATCH-000618,2025-01-20T07:18:00,Netherlands,Documentary,Tablet,Basic,120,58.2,48.5,3
WATCH-000619,2025-12-24T12:28:00,Spain,Animation,Phone,Premium,30,6.7,22.3,5
WATCH-000620,2025-10-14T17:26:00,Netherlands,Animation,TV,Premium,120,26.2,21.8,4
WATCH-000621,2025-08-31T22:35:00,Germany,Drama,TV,Basic,90,48.4,53.8,1
WATCH-000622,2025-05-29T11:45:00,Italy,Documentary,Laptop,Basic,120,31.0,25.8,3
WATCH-000623,2025-11-07T18:22:00,France,Animation,Phone,Premium,22,17.4,79.1,3
WATCH-000624,2025-03-01T16:41:00,Sweden,Documentary,Tablet,Standard,30,11.3,37.7,5
WATCH-000625,2025-07-05T21:19:00,Sweden,Thriller,TV,Premium,90,38.4,42.7,1
WATCH-000626,2025-12-16T13:50:00,Netherlands,Documentary,Tablet,Premium,30,6.5,21.7,3
WATCH-000627,2025-12-11T08:47:00,Italy,Thriller,Phone,Premium,30,6.9,23.0,1
WATCH-000628,2025-11-07T15:33:00,Italy,Documentary,Laptop,Premium,120,96.3,80.2,2
WATCH-000629,2025-10-08T16:05:00,Germany,Documentary,Laptop,Basic,30,5.2,17.3,2
WATCH-000630,2025-08-11T06:06:00,Italy,Thriller,Laptop,Premium,30,9.7,,2
WATCH-000631,2025-09-11T14:05:00,France,Documentary,Tablet,Premium,30,3.6,12.0,3
WATCH-000632,2025-09-05T19:33:00,Netherlands,Documentary,Tablet,Basic,30,2.8,9.3,1
WATCH-000633,2025-08-23T15:10:00,Italy,Drama,Tablet,Standard,120,66.8,55.7,2
WATCH-000634,2025-03-02T03:22:00,Netherlands,Comedy,TV,Standard,45,4.2,9.3,4
WATCH-000635,2025-02-28T11:48:00,Sweden,Animation,Laptop,Premium,30,7.4,24.7,1
WATCH-000636,2025-01-10T10:53:00,France,Animation,Laptop,Basic,45,5.0,11.1,4
WATCH-000637,2025-11-01T11:51:00,Italy,Thriller,Phone,Standard,45,14.6,32.4,2
WATCH-000638,2025-08-02T19:39:00,Sweden,Thriller,Tablet,Standard,120,81.5,67.9,4
WATCH-000639,2025-08-15T06:35:00,Germany,Animation,TV,Basic,30,24.3,81.0,1
WATCH-000640,2025-12-31T15:24:00,France,Documentary,Tablet,Standard,120,73.9,61.6,1
WATCH-000641,2025-12-26T07:40:00,Netherlands,Comedy,TV,Premium,22,13.2,60.0,3
WATCH-000642,2025-03-23T00:48:00,Netherlands,Comedy,Tablet,Premium,45,3.8,8.4,4
WATCH-000643,2025-11-07T22:44:00,Sweden,Science fiction,Phone,Premium,120,105.5,87.9,3
WATCH-000644,2025-05-05T22:40:00,Netherlands,Animation,Laptop,Premium,120,10.9,9.1,5
WATCH-000645,2025-03-09T16:33:00,Spain,Documentary,Tablet,Basic,22,16.2,73.6,1
WATCH-000646,2025-06-05T04:59:00,Sweden,Drama,TV,Basic,120,20.1,16.8,5
WATCH-000647,2025-10-08T15:51:00,Sweden,Thriller,Phone,Standard,120,46.9,39.1,3
WATCH-000648,2025-05-22T17:24:00,France,Animation,TV,Standard,22,14.8,67.3,1
WATCH-000649,2025-11-24T21:00:00,Spain,Comedy,Laptop,Standard,90,80.7,89.7,1
WATCH-000650,2025-09-21T11:57:00,Germany,Thriller,TV,Premium,90,48.1,53.4,3
WATCH-000651,2025-04-20T05:21:00,Germany,Animation,Phone,Standard,90,57.8,64.2,2
WATCH-000652,2025-12-05T16:09:00,Sweden,Comedy,Laptop,Basic,90,75.2,83.6,4
WATCH-000653,2025-06-21T22:47:00,France,Comedy,Phone,Premium,120,98.0,81.7,4
WATCH-000654,2025-12-24T23:17:00,Italy,Science fiction,Laptop,Standard,22,10.9,49.5,3
WATCH-000655,2025-07-14T23:41:00,Italy,Science fiction,Tablet,Premium,60,56.1,93.5,5
WATCH-000656,2025-08-10T09:27:00,France,Animation,TV,Premium,120,93.0,77.5,4
WATCH-000657,2025-04-14T03:13:00,Spain,Animation,Laptop,Standard,30,10.5,35.0,5
WATCH-000658,2025-02-28T08:42:00,Netherlands,Animation,TV,Basic,60,4.6,7.7,1
WATCH-000659,2025-05-27T11:13:00,Spain,Animation,Laptop,Premium,90,30.7,34.1,2
WATCH-000660,2025-09-02T15:35:00,Sweden,Science fiction,Tablet,Basic,22,6.7,30.5,4
WATCH-000661,2025-03-07T14:54:00,Spain,Documentary,Laptop,Basic,45,38.7,86.0,5
WATCH-000662,2025-10-27T21:59:00,Italy,Documentary,Tablet,Premium,30,12.7,42.3,1
WATCH-000663,2025-12-16T07:27:00,Italy,Comedy,TV,Premium,45,39.3,87.3,4
WATCH-000664,2025-03-18T12:36:00,Germany,Science fiction,Phone,Basic,30,25.2,84.0,2
WATCH-000665,2025-10-25T12:04:00,Germany,Documentary,,Premium,120,101.0,84.2,1
WATCH-000666,2025-01-11T06:10:00,Italy,Science fiction,Tablet,Basic,60,33.4,55.7,2
WATCH-000667,2025-10-20T13:42:00,Spain,Animation,Laptop,Standard,90,62.3,,1
WATCH-000668,2025-10-11T03:03:00,Sweden,Drama,TV,Basic,60,15.1,25.2,2
WATCH-000669,2025-12-28T17:56:00,France,Animation,Phone,Premium,30,26.2,87.3,3
WATCH-000670,2025-07-14T06:06:00,Sweden,Comedy,TV,Basic,30,26.5,88.3,5
WATCH-000671,2025-11-03T23:50:00,France,Animation,Phone,Premium,45,37.4,83.1,5
WATCH-000672,2025-09-26T04:57:00,Italy,Drama,TV,Basic,90,79.0,87.8,4
WATCH-000673,2025-10-12T18:39:00,France,Thriller,Laptop,Standard,30,22.6,75.3,3
WATCH-000674,2025-05-20T00:22:00,Germany,Animation,Laptop,Basic,120,47.2,39.3,4
WATCH-000675,2025-02-13T10:27:00,Germany,Animation,Tablet,Premium,120,82.0,68.3,3
WATCH-000676,2025-02-19T20:45:00,Netherlands,Drama,Phone,Standard,90,49.0,54.4,2
WATCH-000677,2025-03-26T18:16:00,Germany,Animation,Tablet,Standard,120,23.6,19.7,4
WATCH-000678,2025-03-01T02:47:00,France,Comedy,Laptop,Premium,120,51.1,42.6,5
WATCH-000679,2025-12-30T07:44:00,Spain,Animation,Phone,Standard,60,46.0,76.7,4
WATCH-000680,2025-10-18T22:44:00,Spain,Animation,Tablet,Basic,90,59.5,66.1,4
WATCH-000681,2025-11-08T04:18:00,Sweden,Documentary,TV,Standard,120,57.5,47.9,4
WATCH-000682,2025-05-15T08:48:00,Spain,Comedy,TV,Premium,120,25.8,21.5,4
WATCH-000683,2025-06-22T09:27:00,Italy,Science fiction,Laptop,Premium,120,10.3,8.6,1
WATCH-000684,2025-07-02T02:45:00,Germany,Animation,Phone,Basic,22,12.9,58.6,3
WATCH-000685,2025-05-02T10:53:00,Germany,Science fiction,TV,Standard,120,41.6,34.7,1
WATCH-000686,2025-06-22T04:36:00,Spain,Science fiction,Tablet,Premium,30,21.8,72.7,1
WATCH-000687,2025-07-02T02:20:00,Netherlands,Drama,Phone,Premium,90,9.6,10.7,1
WATCH-000688,2025-12-17T06:13:00,France,Animation,Laptop,Basic,22,14.0,63.6,2
WATCH-000689,2025-07-17T17:45:00,Italy,Science fiction,TV,Standard,90,77.9,86.6,1
WATCH-000690,2025-12-07T07:30:00,Spain,Comedy,Phone,Basic,60,38.4,64.0,3
WATCH-000691,2025-07-07T13:20:00,Germany,Thriller,TV,Standard,22,4.8,21.8,2
WATCH-000692,2025-02-09T17:55:00,Sweden,Science fiction,Tablet,Standard,45,10.5,23.3,2
WATCH-000693,2025-12-20T22:42:00,Germany,Science fiction,Laptop,Standard,60,17.5,29.2,3
WATCH-000694,2025-07-28T11:46:00,Italy,Thriller,Tablet,Premium,30,8.2,27.3,1
WATCH-000695,2025-05-09T23:23:00,Sweden,Science fiction,Tablet,Premium,22,18.3,83.2,5
WATCH-000696,2025-12-28T23:20:00,Italy,Thriller,TV,Premium,120,71.8,59.8,5
WATCH-000697,2025-06-09T08:44:00,Netherlands,Comedy,Phone,Premium,45,22.1,49.1,5
WATCH-000698,2025-07-08T11:34:00,France,Animation,TV,Standard,30,19.0,63.3,3
WATCH-000699,2025-09-23T22:25:00,Spain,Science fiction,TV,Premium,45,12.4,27.6,3
WATCH-000700,2025-09-08T06:28:00,Italy,Thriller,Laptop,Basic,120,23.4,19.5,5
WATCH-000701,2025-04-12T23:51:00,Sweden,Animation,Phone,Basic,30,25.7,85.7,5
WATCH-000702,2025-10-31T12:17:00,Italy,Science fiction,Laptop,Standard,120,19.5,16.2,4
WATCH-000703,2025-08-22T03:00:00,France,Comedy,Tablet,Basic,60,38.5,64.2,3
WATCH-000704,2025-08-15T08:08:00,Sweden,Drama,Tablet,Premium,30,11.4,,1
WATCH-000705,2025-03-06T04:30:00,France,Thriller,TV,Premium,22,19.9,90.5,5
WATCH-000706,2025-02-20T17:47:00,Germany,Comedy,Laptop,Standard,45,10.3,22.9,1
WATCH-000707,2025-10-14T19:28:00,Netherlands,Science fiction,TV,Premium,90,57.7,64.1,2
WATCH-000708,2025-04-19T22:18:00,France,Thriller,Phone,Standard,22,9.9,45.0,1
WATCH-000709,2025-06-15T17:38:00,France,Science fiction,Phone,Standard,90,69.1,76.8,1
WATCH-000710,2025-03-04T23:27:00,Germany,Documentary,Tablet,Basic,120,10.8,9.0,3
WATCH-000711,2025-09-08T02:17:00,Spain,Animation,Tablet,Premium,30,14.8,49.3,3
WATCH-000712,2025-01-27T22:17:00,Sweden,Science fiction,TV,Standard,120,62.0,51.7,4
WATCH-000713,2025-05-11T12:42:00,Italy,Comedy,Tablet,Basic,22,11.0,50.0,3
WATCH-000714,2025-07-04T08:47:00,Netherlands,Animation,Phone,Premium,120,57.2,47.7,1
WATCH-000715,2025-09-22T20:42:00,Germany,Animation,Phone,Standard,22,6.3,28.6,1
WATCH-000716,2025-04-27T04:49:00,Italy,Thriller,Tablet,Basic,45,8.6,19.1,4
WATCH-000717,2025-09-27T04:49:00,France,Documentary,Tablet,Premium,22,3.1,14.1,1
WATCH-000718,2025-10-01T13:06:00,Netherlands,Comedy,Tablet,Basic,22,21.6,98.2,4
WATCH-000719,2025-10-06T01:49:00,Netherlands,Thriller,Laptop,Basic,22,19.2,87.3,3
WATCH-000720,2025-08-02T19:47:00,Spain,Drama,Tablet,Standard,30,28.0,93.3,5
WATCH-000721,2025-08-11T14:30:00,France,Documentary,Laptop,Premium,45,39.0,86.7,1
WATCH-000722,2025-11-15T20:07:00,Spain,Thriller,Phone,Basic,22,3.2,14.5,5
WATCH-000723,2025-05-04T15:19:00,Italy,Comedy,Tablet,Standard,90,29.1,32.3,1
WATCH-000724,2025-01-21T13:03:00,Italy,Documentary,TV,Standard,60,4.6,7.7,2
WATCH-000725,2025-06-27T04:15:00,Italy,Science fiction,Laptop,Standard,22,7.9,35.9,5
WATCH-000726,2025-12-08T07:21:00,Spain,Thriller,TV,Standard,90,21.0,23.3,5
WATCH-000727,2025-07-31T21:05:00,Spain,Science fiction,Tablet,Standard,120,10.8,9.0,4
WATCH-000728,2025-06-01T07:08:00,Netherlands,Animation,Tablet,Basic,90,31.4,34.9,5
WATCH-000729,2025-07-09T07:57:00,Spain,Drama,Phone,Basic,22,1.5,6.8,1
WATCH-000730,2025-12-23T04:45:00,Germany,Documentary,Phone,Basic,60,16.2,27.0,4
WATCH-000731,2025-10-31T21:03:00,Sweden,Drama,TV,Basic,90,38.0,42.2,1
WATCH-000732,2025-01-15T17:17:00,Spain,Thriller,Tablet,Premium,30,9.4,31.3,1
WATCH-000733,2025-11-26T19:05:00,France,Thriller,Phone,Basic,120,58.0,48.3,4
WATCH-000734,2025-09-26T04:56:00,France,Science fiction,Laptop,Premium,90,62.1,69.0,5
WATCH-000735,2025-09-13T16:33:00,Netherlands,Animation,Tablet,Premium,60,33.8,56.3,3
WATCH-000736,2025-01-08T01:57:00,France,Documentary,Laptop,Basic,22,18.2,82.7,3
WATCH-000737,2025-03-31T22:05:00,Spain,Animation,Tablet,Standard,45,6.1,13.6,4
WATCH-000738,2025-03-09T10:44:00,Sweden,Thriller,Tablet,Premium,45,34.2,76.0,4
WATCH-000739,2025-04-07T05:26:00,Spain,Documentary,TV,Basic,120,93.4,77.8,1
WATCH-000740,2025-08-11T22:49:00,Germany,Animation,Phone,Premium,90,49.6,55.1,5
WATCH-000741,2025-03-01T05:25:00,France,Science fiction,Phone,Basic,30,7.0,,5
WATCH-000742,2025-02-28T17:13:00,France,Animation,Tablet,Basic,120,40.2,33.5,5
WATCH-000743,2025-08-24T02:09:00,Germany,Thriller,Phone,Premium,120,43.6,36.3,3
WATCH-000744,2025-08-28T16:12:00,Spain,Science fiction,Laptop,Standard,22,19.6,89.1,5
WATCH-000745,2025-08-07T17:44:00,Netherlands,Science fiction,Laptop,Basic,120,46.0,38.3,4
WATCH-000746,2025-12-31T07:01:00,Sweden,Comedy,TV,Premium,30,9.8,32.7,5
WATCH-000747,2025-11-18T02:12:00,Sweden,Documentary,TV,Standard,60,21.1,35.2,1
WATCH-000748,2025-06-19T23:52:00,France,Science fiction,,Basic,60,13.8,23.0,5
WATCH-000749,2025-12-16T09:22:00,Germany,Thriller,TV,Premium,120,39.2,32.7,3
WATCH-000750,2025-03-08T02:37:00,Sweden,Drama,Laptop,Standard,60,11.0,18.3,1
WATCH-000751,2025-09-25T09:53:00,Sweden,Comedy,Phone,Premium,120,36.5,30.4,2
WATCH-000752,2025-04-14T06:35:00,France,Documentary,TV,Basic,30,14.8,49.3,2
WATCH-000753,2025-06-10T15:12:00,Spain,Drama,TV,Basic,120,114.2,95.2,4
WATCH-000754,2025-01-26T19:07:00,France,Comedy,TV,Basic,45,44.2,98.2,4
WATCH-000755,2025-06-02T22:54:00,Netherlands,Thriller,Laptop,Basic,90,84.9,94.3,2
WATCH-000756,2025-06-13T17:17:00,Netherlands,Comedy,Tablet,Standard,22,4.4,20.0,1
WATCH-000757,2025-06-13T23:00:00,Italy,Drama,Laptop,Standard,90,55.8,62.0,3
WATCH-000758,2025-10-31T15:14:00,France,Documentary,Phone,Basic,22,21.7,98.6,4
WATCH-000759,2025-08-22T06:50:00,Germany,Thriller,TV,Premium,45,22.4,49.8,2
WATCH-000760,2025-12-09T10:11:00,Spain,Thriller,Laptop,Basic,120,55.1,45.9,1
WATCH-000761,2025-08-29T12:24:00,Germany,Thriller,TV,Premium,30,21.6,72.0,5
WATCH-000762,2025-05-14T23:44:00,France,Drama,Laptop,Standard,22,5.5,25.0,2
WATCH-000763,2025-09-02T17:37:00,Italy,Science fiction,Phone,Premium,22,7.2,32.7,5
WATCH-000764,2025-07-13T07:41:00,France,Animation,TV,Basic,22,18.0,81.8,4
WATCH-000765,2025-02-28T11:39:00,France,Science fiction,Phone,Basic,90,16.8,18.7,3
WATCH-000766,2025-01-01T02:30:00,Spain,Thriller,TV,Basic,120,78.4,65.3,5
WATCH-000767,2025-01-17T10:00:00,Germany,Drama,Laptop,Premium,90,41.1,45.7,1
WATCH-000768,2025-01-03T01:02:00,Spain,Thriller,TV,Premium,30,20.1,67.0,4
WATCH-000769,2025-11-29T08:30:00,France,Drama,Phone,Premium,60,43.0,71.7,1
WATCH-000770,2025-04-18T22:18:00,Italy,Documentary,Laptop,Standard,45,27.1,60.2,4
WATCH-000771,2025-10-14T00:12:00,Netherlands,Animation,Phone,Standard,22,17.4,79.1,3
WATCH-000772,2025-07-19T01:39:00,Italy,Drama,Phone,Premium,30,8.3,27.7,4
WATCH-000773,2025-03-23T02:55:00,Italy,Drama,Laptop,Standard,90,16.4,18.2,1
WATCH-000774,2025-09-06T15:17:00,Netherlands,Drama,Phone,Premium,120,78.4,65.3,5
WATCH-000775,2025-06-24T10:55:00,Sweden,Drama,Phone,Premium,120,68.2,56.8,5
WATCH-000776,2025-09-07T17:39:00,Italy,Thriller,Phone,Standard,30,11.9,39.7,3
WATCH-000777,2025-06-29T13:26:00,Sweden,Documentary,TV,Basic,120,38.3,31.9,2
WATCH-000778,2025-02-03T12:30:00,Sweden,Science fiction,Laptop,Premium,22,11.5,,4
WATCH-000779,2025-05-02T23:26:00,Germany,Thriller,TV,Basic,90,58.5,65.0,4
WATCH-000780,2025-06-03T15:36:00,France,Documentary,Tablet,Premium,60,46.8,78.0,4
WATCH-000781,2025-10-04T00:04:00,Germany,Documentary,Tablet,Standard,90,31.3,34.8,4
WATCH-000782,2025-03-22T00:46:00,Germany,Documentary,Tablet,Premium,120,97.7,81.4,2
WATCH-000783,2025-01-14T06:06:00,France,Comedy,Phone,Basic,22,20.0,90.9,5
WATCH-000784,2025-11-27T14:37:00,Italy,Comedy,Tablet,Premium,90,46.4,51.6,1
WATCH-000785,2025-12-25T21:42:00,Spain,Science fiction,TV,Premium,90,51.2,56.9,5
WATCH-000786,2025-05-29T10:39:00,Germany,Animation,Laptop,Basic,30,17.5,58.3,1
WATCH-000787,2025-06-23T20:03:00,Germany,Documentary,Laptop,Premium,22,2.9,13.2,3
WATCH-000788,2025-02-09T04:12:00,Germany,Animation,Tablet,Basic,120,100.5,83.8,4
WATCH-000789,2025-03-04T12:32:00,Sweden,Thriller,TV,Standard,45,15.5,34.4,4
WATCH-000790,2025-12-02T10:17:00,Sweden,Documentary,TV,Premium,90,18.4,20.4,2
WATCH-000791,2025-04-12T00:55:00,Germany,Animation,Phone,Standard,22,12.5,56.8,4
WATCH-000792,2025-09-09T04:02:00,Spain,Documentary,Tablet,Premium,30,25.8,86.0,2
WATCH-000793,2025-01-18T21:55:00,Italy,Science fiction,Laptop,Basic,90,25.9,28.8,5
WATCH-000794,2025-03-07T14:26:00,Germany,Science fiction,Tablet,Standard,90,45.3,50.3,3
WATCH-000795,2025-01-05T16:18:00,Germany,Drama,Phone,Basic,22,3.8,17.3,1
WATCH-000796,2025-03-11T16:58:00,Netherlands,Thriller,Tablet,Basic,120,92.2,76.8,1
WATCH-000797,2025-03-07T11:01:00,Germany,Comedy,Tablet,Basic,60,54.8,91.3,5
WATCH-000798,2025-02-08T16:45:00,Spain,Thriller,TV,Premium,22,14.8,67.3,1
WATCH-000799,2025-06-11T19:37:00,Germany,Drama,Laptop,Basic,90,84.0,93.3,3
WATCH-000800,2025-05-14T07:38:00,Spain,Drama,TV,Premium,120,43.0,35.8,2
WATCH-000801,2025-10-06T21:14:00,Spain,Drama,Tablet,Basic,90,8.8,9.8,1
WATCH-000802,2025-01-18T11:30:00,Germany,Drama,Laptop,Premium,60,9.0,15.0,5
WATCH-000803,2025-03-17T05:26:00,Sweden,Animation,Tablet,Basic,30,24.0,80.0,1
WATCH-000804,2025-12-03T08:42:00,Italy,Documentary,Tablet,Standard,45,37.9,84.2,2
WATCH-000805,2025-05-07T19:22:00,France,Animation,Phone,Basic,120,64.2,53.5,4
WATCH-000806,2025-09-01T18:07:00,Netherlands,Science fiction,TV,Basic,60,55.8,93.0,5
WATCH-000807,2025-04-13T00:06:00,Italy,Drama,Tablet,Premium,60,52.7,87.8,1
WATCH-000808,2025-11-20T19:19:00,Sweden,Drama,Phone,Premium,45,31.7,70.4,4
WATCH-000809,2025-12-01T18:30:00,Netherlands,Thriller,Laptop,Standard,60,31.5,52.5,1
WATCH-000810,2025-11-08T15:13:00,France,Drama,Tablet,Standard,90,31.3,34.8,2
WATCH-000811,2025-08-30T22:44:00,Spain,Animation,Tablet,Standard,60,22.1,36.8,2
WATCH-000812,2025-10-16T09:06:00,Sweden,Science fiction,Phone,Standard,45,25.1,55.8,2
WATCH-000813,2025-05-22T08:12:00,Germany,Science fiction,Phone,Basic,60,10.5,17.5,4
WATCH-000814,2025-03-23T23:32:00,Spain,Animation,Tablet,Premium,60,27.0,45.0,5
WATCH-000815,2025-01-22T04:18:00,Sweden,Comedy,Tablet,Standard,120,115.8,,1
WATCH-000816,2025-08-01T12:58:00,Sweden,Drama,Phone,Basic,60,40.0,66.7,2
WATCH-000817,2025-07-16T03:04:00,Italy,Science fiction,Tablet,Standard,120,71.8,59.8,2
WATCH-000818,2025-02-14T15:05:00,Netherlands,Documentary,TV,Premium,90,43.8,48.7,5
WATCH-000819,2025-04-07T14:55:00,Italy,Documentary,Laptop,Standard,45,7.7,17.1,1
WATCH-000820,2025-07-16T12:06:00,Spain,Thriller,Tablet,Basic,120,69.6,58.0,3
WATCH-000821,2025-07-29T18:32:00,Germany,Comedy,Laptop,Basic,30,10.3,34.3,5
WATCH-000822,2025-04-10T00:46:00,Sweden,Drama,Tablet,Premium,45,6.6,14.7,1
WATCH-000823,2025-09-01T17:46:00,Germany,Drama,TV,Basic,120,13.0,10.8,5
WATCH-000824,2025-03-09T21:20:00,Netherlands,Documentary,Laptop,Premium,90,83.4,92.7,3
WATCH-000825,2025-06-07T02:27:00,Italy,Comedy,Laptop,Premium,60,10.3,17.2,1
WATCH-000826,2025-11-08T20:32:00,France,Animation,Tablet,Basic,120,115.4,96.2,4
WATCH-000827,2025-07-15T18:18:00,Sweden,Science fiction,Phone,Standard,120,73.0,60.8,2
WATCH-000828,2025-01-04T02:41:00,Italy,Documentary,Tablet,Basic,30,24.7,82.3,2
WATCH-000829,2025-08-28T22:15:00,Italy,Documentary,Tablet,Premium,90,88.5,98.3,5
WATCH-000830,2025-02-19T06:33:00,Germany,Science fiction,Tablet,Premium,30,23.5,78.3,2
WATCH-000831,2025-10-29T15:35:00,Sweden,Drama,,Basic,22,20.3,92.3,4
WATCH-000832,2025-12-15T10:14:00,Germany,Drama,Laptop,Basic,22,13.5,61.4,3
WATCH-000833,2025-05-26T04:08:00,Netherlands,Comedy,Phone,Premium,22,13.8,62.7,1
WATCH-000834,2025-03-13T22:26:00,Germany,Thriller,Laptop,Premium,120,38.3,31.9,3
WATCH-000835,2025-04-09T01:58:00,Spain,Science fiction,Laptop,Premium,60,46.7,77.8,5
WATCH-000836,2025-02-28T02:03:00,Netherlands,Thriller,TV,Standard,30,29.1,97.0,4
WATCH-000837,2025-02-01T23:32:00,Spain,Documentary,Laptop,Premium,90,24.2,26.9,2
WATCH-000838,2025-03-12T18:42:00,Sweden,Comedy,Laptop,Premium,22,13.4,60.9,5
WATCH-000839,2025-10-17T01:55:00,France,Animation,Phone,Basic,60,36.1,60.2,2
WATCH-000840,2025-12-24T03:40:00,Sweden,Comedy,Phone,Basic,120,107.1,89.2,1
WATCH-000841,2025-11-23T14:51:00,Sweden,Drama,TV,Basic,45,22.1,49.1,1
WATCH-000842,2025-02-25T15:02:00,Sweden,Drama,Laptop,Standard,90,18.9,21.0,3
WATCH-000843,2025-02-22T18:16:00,Sweden,Science fiction,TV,Premium,90,45.2,50.2,1
WATCH-000844,2025-03-26T09:34:00,Sweden,Thriller,Tablet,Premium,60,9.1,15.2,1
WATCH-000845,2025-10-16T08:57:00,Sweden,Science fiction,Tablet,Basic,90,19.8,22.0,4
WATCH-000846,2025-01-21T21:57:00,Sweden,Animation,Tablet,Standard,90,82.6,91.8,3
WATCH-000847,2025-06-01T15:56:00,Italy,Science fiction,Phone,Standard,120,50.0,41.7,2
WATCH-000848,2025-10-10T18:32:00,Spain,Documentary,Phone,Basic,90,42.4,47.1,1
WATCH-000849,2025-08-09T02:33:00,Italy,Science fiction,Laptop,Basic,30,29.6,98.7,3
WATCH-000850,2025-08-22T21:25:00,Italy,Science fiction,TV,Basic,120,81.8,68.2,2
WATCH-000851,2025-08-08T15:45:00,Sweden,Science fiction,Phone,Premium,30,29.2,97.3,1
WATCH-000852,2025-12-16T18:53:00,Spain,Science fiction,Phone,Premium,22,18.1,,5
WATCH-000853,2025-08-10T00:24:00,Sweden,Thriller,TV,Basic,60,5.8,9.7,1
WATCH-000854,2025-05-12T08:58:00,Italy,Comedy,TV,Standard,90,70.2,78.0,3
WATCH-000855,2025-03-10T13:41:00,Spain,Science fiction,TV,Basic,30,16.1,53.7,4
WATCH-000856,2025-08-06T20:58:00,Germany,Thriller,TV,Standard,45,40.7,90.4,2
WATCH-000857,2025-09-19T06:05:00,Netherlands,Animation,Tablet,Standard,45,19.7,43.8,1
WATCH-000858,2025-10-02T18:08:00,Netherlands,Thriller,Laptop,Basic,60,11.3,18.8,5
WATCH-000859,2025-08-06T13:45:00,France,Science fiction,Phone,Standard,30,15.9,53.0,4
WATCH-000860,2025-10-29T11:35:00,Spain,Comedy,Tablet,Premium,120,109.8,91.5,1
WATCH-000861,2025-05-08T21:27:00,Netherlands,Thriller,Laptop,Standard,90,84.0,93.3,5
WATCH-000862,2025-09-06T20:12:00,Germany,Thriller,TV,Premium,90,77.3,85.9,1
WATCH-000863,2025-07-21T00:14:00,Italy,Thriller,Tablet,Basic,30,16.9,56.3,1
WATCH-000864,2025-12-30T19:44:00,France,Science fiction,Tablet,Standard,30,27.6,92.0,5
WATCH-000865,2025-09-29T14:03:00,Italy,Comedy,Laptop,Premium,22,13.8,62.7,4
WATCH-000866,2025-07-06T18:22:00,Netherlands,Animation,TV,Standard,22,8.7,39.5,2
WATCH-000867,2025-03-19T21:30:00,Sweden,Documentary,Phone,Standard,90,78.9,87.7,1
WATCH-000868,2025-06-28T00:45:00,Netherlands,Science fiction,Phone,Premium,30,17.8,59.3,4
WATCH-000869,2025-06-09T00:55:00,Italy,Science fiction,Phone,Basic,45,29.8,66.2,1
WATCH-000870,2025-01-21T12:37:00,Sweden,Drama,Laptop,Premium,60,47.8,79.7,3
WATCH-000871,2025-10-30T21:23:00,Germany,Drama,TV,Standard,90,7.3,8.1,5
WATCH-000872,2025-02-18T02:09:00,Netherlands,Thriller,TV,Basic,22,20.3,92.3,5
WATCH-000873,2025-04-05T16:36:00,Italy,Thriller,Tablet,Standard,22,15.4,70.0,4
WATCH-000874,2025-02-15T15:45:00,Sweden,Comedy,Tablet,Premium,45,22.9,50.9,2
WATCH-000875,2025-06-09T03:23:00,Germany,Documentary,Tablet,Basic,22,8.7,39.5,1
WATCH-000876,2025-09-13T05:58:00,Spain,Documentary,Laptop,Premium,120,96.5,80.4,5
WATCH-000877,2025-03-26T14:41:00,Germany,Comedy,Tablet,Standard,90,16.0,17.8,1
WATCH-000878,2025-01-11T13:07:00,Sweden,Science fiction,Laptop,Premium,60,54.1,90.2,4
WATCH-000879,2025-11-22T01:57:00,Netherlands,Science fiction,TV,Premium,30,18.0,60.0,5
WATCH-000880,2025-12-20T07:59:00,Netherlands,Comedy,Phone,Basic,90,12.4,13.8,3
WATCH-000881,2025-03-14T17:16:00,Netherlands,Drama,Tablet,Premium,45,43.2,96.0,1
WATCH-000882,2025-03-10T04:56:00,Sweden,Documentary,TV,Basic,45,27.5,61.1,2
WATCH-000883,2025-04-08T12:44:00,Italy,Thriller,Laptop,Premium,120,16.0,13.3,1
WATCH-000884,2025-02-17T08:42:00,Germany,Comedy,TV,Standard,60,42.8,71.3,3
WATCH-000885,2025-04-26T02:55:00,Sweden,Animation,Tablet,Basic,60,40.7,67.8,3
WATCH-000886,2025-06-27T23:35:00,Sweden,Documentary,Laptop,Premium,45,36.2,80.4,4
WATCH-000887,2025-05-20T09:11:00,Netherlands,Animation,Laptop,Basic,90,43.3,48.1,3
WATCH-000888,2025-03-21T13:03:00,Spain,Thriller,Tablet,Standard,45,23.9,53.1,3
WATCH-000889,2025-02-03T12:00:00,Sweden,Drama,Phone,Standard,60,49.0,,4
WATCH-000890,2025-04-15T11:34:00,Sweden,Comedy,TV,Standard,22,6.0,27.3,3
WATCH-000891,2025-05-20T11:45:00,Italy,Science fiction,Tablet,Premium,30,22.7,75.7,1
WATCH-000892,2025-04-05T09:08:00,France,Thriller,Tablet,Standard,60,28.6,47.7,4
WATCH-000893,2025-11-14T16:02:00,Spain,Thriller,Tablet,Basic,22,7.2,32.7,5
WATCH-000894,2025-06-11T06:49:00,Italy,Documentary,Tablet,Standard,45,12.9,28.7,1
WATCH-000895,2025-02-02T07:28:00,Italy,Thriller,Tablet,Basic,90,68.4,76.0,5
WATCH-000896,2025-09-24T05:25:00,Germany,Thriller,TV,Standard,90,23.1,25.7,5
WATCH-000897,2025-11-06T10:55:00,Sweden,Comedy,Laptop,Premium,90,71.4,79.3,5
WATCH-000898,2025-12-01T12:30:00,Spain,Comedy,Laptop,Basic,60,6.2,10.3,4
WATCH-000899,2025-11-09T03:57:00,Netherlands,Science fiction,Tablet,Basic,60,57.4,95.7,3
WATCH-000900,2025-05-15T10:55:00,Germany,Animation,Phone,Premium,30,6.5,21.7,5
WATCH-000901,2025-04-18T08:26:00,Italy,Documentary,TV,Standard,90,11.2,12.4,3
WATCH-000902,2025-05-06T06:18:00,Spain,Drama,Tablet,Standard,120,69.4,57.8,5
WATCH-000903,2025-05-22T11:21:00,Netherlands,Comedy,Tablet,Premium,22,20.4,92.7,5
WATCH-000904,2025-07-27T19:24:00,Spain,Science fiction,Tablet,Basic,90,87.6,97.3,2
WATCH-000905,2025-02-22T00:40:00,Netherlands,Documentary,Laptop,Basic,90,85.3,94.8,2
WATCH-000906,2025-12-02T10:53:00,France,Drama,Phone,Basic,120,58.1,48.4,3
WATCH-000907,2025-03-26T19:53:00,Spain,Animation,TV,Standard,120,21.7,18.1,1
WATCH-000908,2025-06-10T07:21:00,France,Comedy,Tablet,Standard,30,23.5,78.3,3
WATCH-000909,2025-12-17T21:21:00,Sweden,Drama,Phone,Standard,22,7.5,34.1,1
WATCH-000910,2025-12-01T20:49:00,France,Comedy,Laptop,Standard,45,39.4,87.6,2
WATCH-000911,2025-11-07T23:12:00,Netherlands,Drama,TV,Premium,60,34.1,56.8,2
WATCH-000912,2025-11-30T15:14:00,France,Drama,Phone,Basic,30,14.9,49.7,2
WATCH-000913,2025-04-16T13:51:00,Sweden,Drama,Phone,Basic,90,75.6,84.0,2
WATCH-000914,2025-07-18T10:20:00,Netherlands,Animation,,Standard,45,39.2,87.1,5
WATCH-000915,2025-03-05T14:07:00,Sweden,Thriller,Laptop,Basic,90,66.7,74.1,5
WATCH-000916,2025-07-30T01:49:00,Germany,Science fiction,Laptop,Standard,45,19.8,44.0,2
WATCH-000917,2025-12-27T12:03:00,Sweden,Comedy,Phone,Premium,45,21.1,46.9,5
WATCH-000918,2025-05-07T10:33:00,Italy,Comedy,Tablet,Standard,120,73.1,60.9,2
WATCH-000919,2025-05-26T17:25:00,France,Comedy,TV,Basic,45,36.4,80.9,1
WATCH-000920,2025-11-24T11:25:00,Italy,Animation,Tablet,Standard,45,4.4,9.8,2
WATCH-000921,2025-03-02T15:07:00,Italy,Science fiction,Phone,Standard,22,6.8,30.9,1
WATCH-000922,2025-06-23T20:29:00,France,Drama,Tablet,Premium,120,62.6,52.2,5
WATCH-000923,2025-11-28T01:37:00,France,Animation,Laptop,Basic,60,30.2,50.3,2
WATCH-000924,2025-07-30T12:08:00,Italy,Drama,TV,Premium,120,98.2,81.8,5
WATCH-000925,2025-05-12T07:02:00,Germany,Animation,Tablet,Basic,90,31.1,34.6,3
WATCH-000926,2025-01-08T09:29:00,Sweden,Science fiction,TV,Premium,90,83.6,,3
WATCH-000927,2025-07-14T10:16:00,France,Thriller,Laptop,Basic,30,25.9,86.3,3
WATCH-000928,2025-09-13T03:02:00,Sweden,Drama,Phone,Standard,30,14.0,46.7,2
WATCH-000929,2025-04-30T05:38:00,Italy,Documentary,Laptop,Basic,30,10.0,33.3,2
WATCH-000930,2025-10-17T00:28:00,France,Thriller,Phone,Basic,90,35.8,39.8,5
WATCH-000931,2025-02-25T04:04:00,Sweden,Comedy,Tablet,Standard,90,9.9,11.0,1
WATCH-000932,2025-01-28T05:32:00,France,Comedy,TV,Basic,30,22.3,74.3,2
WATCH-000933,2025-05-30T22:47:00,Netherlands,Drama,Tablet,Basic,30,19.6,65.3,5
WATCH-000934,2025-05-26T13:27:00,Sweden,Science fiction,TV,Basic,90,74.4,82.7,3
WATCH-000935,2025-03-23T14:39:00,Italy,Thriller,Phone,Basic,30,24.9,83.0,2
WATCH-000936,2025-12-30T08:49:00,Netherlands,Thriller,Laptop,Standard,90,9.0,10.0,4
WATCH-000937,2025-05-02T05:38:00,Italy,Science fiction,Tablet,Premium,90,80.4,89.3,2
WATCH-000938,2025-08-12T14:06:00,Netherlands,Comedy,Phone,Basic,22,19.6,89.1,5
WATCH-000939,2025-11-30T12:06:00,Italy,Drama,Tablet,Basic,60,26.1,43.5,3
WATCH-000940,2025-03-22T17:56:00,Germany,Thriller,Tablet,Premium,45,44.2,98.2,3
WATCH-000941,2025-05-31T17:01:00,Italy,Documentary,TV,Premium,45,10.1,22.4,4
WATCH-000942,2025-03-27T13:59:00,Germany,Science fiction,Tablet,Basic,90,4.8,5.3,5
WATCH-000943,2025-09-23T06:42:00,France,Drama,TV,Basic,120,31.3,26.1,3
WATCH-000944,2025-08-30T18:13:00,Germany,Comedy,TV,Premium,30,12.4,41.3,1
WATCH-000945,2025-06-20T22:53:00,Spain,Science fiction,Tablet,Basic,90,53.3,59.2,3
WATCH-000946,2025-12-28T03:49:00,Germany,Animation,TV,Standard,30,10.0,33.3,1
WATCH-000947,2025-04-04T06:46:00,France,Comedy,Laptop,Premium,60,35.2,58.7,4
WATCH-000948,2025-01-10T08:50:00,Italy,Documentary,Tablet,Standard,30,15.9,53.0,5
WATCH-000949,2025-07-04T09:19:00,Italy,Thriller,Phone,Premium,22,14.5,65.9,2
WATCH-000950,2025-10-10T19:31:00,Italy,Animation,Tablet,Standard,30,27.8,92.7,2
WATCH-000951,2025-08-14T21:36:00,Sweden,Thriller,Tablet,Standard,120,42.4,35.3,3
WATCH-000952,2025-06-07T10:27:00,Netherlands,Drama,TV,Premium,90,28.8,32.0,1
WATCH-000953,2025-08-18T10:57:00,Italy,Thriller,TV,Premium,120,114.4,95.3,1
WATCH-000954,2025-10-06T15:43:00,Italy,Comedy,Phone,Basic,120,95.5,79.6,1
WATCH-000955,2025-07-28T04:42:00,Spain,Documentary,Phone,Basic,60,14.2,23.7,1
WATCH-000956,2025-06-26T10:27:00,Spain,Thriller,Phone,Standard,90,7.4,8.2,2
WATCH-000957,2025-01-28T14:08:00,Spain,Thriller,TV,Standard,90,19.1,21.2,2
WATCH-000958,2025-01-01T08:26:00,Sweden,Comedy,Laptop,Standard,120,61.8,51.5,3
WATCH-000959,2025-03-03T19:12:00,Germany,Documentary,Laptop,Standard,30,12.7,42.3,1
WATCH-000960,2025-03-03T07:35:00,Italy,Thriller,Phone,Basic,90,59.3,65.9,1
WATCH-000961,2025-07-27T12:15:00,Sweden,Animation,TV,Basic,30,9.4,31.3,1
WATCH-000962,2025-05-09T05:59:00,Italy,Comedy,Phone,Premium,22,2.5,11.4,1
WATCH-000963,2025-08-14T18:13:00,Spain,Science fiction,Laptop,Basic,22,7.5,,3
WATCH-000964,2025-03-13T18:18:00,Italy,Thriller,Phone,Premium,45,14.2,31.6,2
WATCH-000965,2025-02-15T13:14:00,Germany,Comedy,TV,Premium,120,34.3,28.6,3
WATCH-000966,2025-06-16T08:04:00,Germany,Thriller,Tablet,Standard,30,27.2,90.7,5
WATCH-000967,2025-08-04T20:14:00,France,Documentary,Laptop,Premium,45,43.1,95.8,3
WATCH-000968,2025-08-22T16:33:00,Italy,Drama,Tablet,Basic,30,27.1,90.3,3
WATCH-000969,2025-03-26T10:15:00,France,Science fiction,TV,Standard,22,10.9,49.5,1
WATCH-000970,2025-08-16T08:25:00,Spain,Science fiction,Tablet,Standard,45,18.4,40.9,2
WATCH-000971,2025-01-13T19:04:00,France,Thriller,Tablet,Basic,30,25.5,85.0,2
WATCH-000972,2025-08-10T02:28:00,France,Animation,Tablet,Premium,30,14.5,48.3,1
WATCH-000973,2025-09-27T23:44:00,Sweden,Thriller,Tablet,Basic,45,32.1,71.3,1
WATCH-000974,2025-01-18T19:01:00,Italy,Thriller,Phone,Standard,45,12.0,26.7,3
WATCH-000975,2025-08-11T12:36:00,Italy,Drama,TV,Basic,120,39.7,33.1,3
WATCH-000976,2025-06-28T19:12:00,Sweden,Science fiction,Laptop,Basic,60,55.3,92.2,5
WATCH-000977,2025-01-06T17:43:00,Sweden,Science fiction,Laptop,Basic,22,17.1,77.7,4
WATCH-000978,2025-03-29T16:05:00,Italy,Science fiction,Tablet,Premium,90,58.7,65.2,2
WATCH-000979,2025-06-01T13:11:00,Netherlands,Science fiction,Phone,Premium,30,9.7,32.3,2
WATCH-000980,2025-06-01T09:56:00,Sweden,Documentary,Tablet,Premium,45,15.2,33.8,1
WATCH-000981,2025-03-03T09:41:00,Germany,Comedy,Laptop,Standard,60,45.1,75.2,3
WATCH-000982,2025-02-22T10:55:00,Italy,Drama,Phone,Standard,90,85.5,95.0,4
WATCH-000983,2025-11-21T02:28:00,Spain,Comedy,Laptop,Basic,45,14.1,31.3,5
WATCH-000984,2025-01-02T14:38:00,Sweden,Documentary,Phone,Standard,22,20.1,91.4,1
WATCH-000985,2025-05-26T12:24:00,Germany,Thriller,Tablet,Standard,45,13.5,30.0,1
WATCH-000986,2025-02-25T23:58:00,France,Drama,TV,Standard,30,7.2,24.0,5
WATCH-000987,2025-10-21T19:14:00,Italy,Animation,Phone,Basic,22,16.6,75.5,1
WATCH-000988,2025-12-17T12:35:00,Spain,Animation,Tablet,Premium,45,24.2,53.8,2
WATCH-000989,2025-04-16T02:21:00,Netherlands,Comedy,TV,Standard,45,30.2,67.1,5
WATCH-000990,2025-10-03T01:16:00,Italy,Thriller,Tablet,Premium,22,17.1,77.7,1
WATCH-000991,2025-12-22T15:07:00,Netherlands,Comedy,Phone,Standard,120,71.8,59.8,2
WATCH-000992,2025-07-13T20:13:00,Sweden,Documentary,Tablet,Basic,45,5.5,12.2,4
WATCH-000993,2025-08-10T07:38:00,Italy,Science fiction,TV,Premium,90,83.5,92.8,1
WATCH-000994,2025-06-25T12:01:00,Germany,Documentary,Phone,Standard,30,10.6,35.3,4
WATCH-000995,2025-02-10T11:39:00,Italy,Thriller,Tablet,Premium,45,7.5,16.7,2
WATCH-000996,2025-01-22T20:30:00,France,Thriller,Phone,Premium,60,45.0,75.0,5
WATCH-000997,2025-06-19T07:46:00,Spain,Comedy,,Standard,60,8.0,13.3,4
WATCH-000998,2025-01-08T07:21:00,Italy,Thriller,Phone,Premium,30,24.5,81.7,4
WATCH-000999,2025-12-03T18:04:00,France,Science fiction,Phone,Standard,30,12.8,42.7,1
WATCH-001000,2025-12-15T23:09:00,France,Animation,Laptop,Premium,45,12.1,,5
WATCH-001001,2025-06-04T15:36:00,Spain,Drama,Laptop,Standard,45,43.7,97.1,2
WATCH-001002,2025-05-19T10:51:00,Netherlands,Animation,TV,Standard,30,18.4,61.3,5
WATCH-001003,2025-09-11T22:18:00,Germany,Drama,Phone,Premium,45,7.5,16.7,3
WATCH-001004,2025-05-12T21:56:00,Germany,Documentary,TV,Premium,120,56.5,47.1,3
WATCH-001005,2025-06-11T08:41:00,France,Animation,Laptop,Basic,120,79.0,65.8,4
WATCH-001006,2025-08-06T21:44:00,Spain,Science fiction,TV,Standard,60,41.2,68.7,4
WATCH-001007,2025-07-23T16:25:00,Spain,Thriller,Tablet,Basic,45,34.0,75.6,5
WATCH-001008,2025-05-08T05:18:00,Germany,Documentary,TV,Standard,60,34.4,57.3,2
WATCH-001009,2025-08-19T23:05:00,Germany,Comedy,Laptop,Standard,45,11.4,25.3,1
WATCH-001010,2025-01-13T00:40:00,Italy,Thriller,TV,Basic,120,74.9,62.4,1
WATCH-001011,2025-01-21T00:38:00,Netherlands,Animation,TV,Basic,45,37.7,83.8,4
WATCH-001012,2025-10-24T04:08:00,Italy,Comedy,Tablet,Premium,45,5.1,11.3,3
WATCH-001013,2025-06-06T19:46:00,Sweden,Science fiction,Phone,Standard,30,20.9,69.7,4
WATCH-001014,2025-04-29T08:14:00,Netherlands,Comedy,Tablet,Premium,30,29.3,97.7,1
WATCH-001015,2025-11-12T06:35:00,Germany,Documentary,Tablet,Basic,30,19.8,66.0,4
WATCH-001016,2025-04-18T08:52:00,Italy,Thriller,Tablet,Premium,60,49.3,82.2,4
WATCH-001017,2025-04-10T02:58:00,Spain,Documentary,Phone,Standard,120,96.7,80.6,1
WATCH-001018,2025-04-18T20:36:00,Italy,Documentary,TV,Standard,90,42.1,46.8,5
WATCH-001019,2025-05-22T22:07:00,Italy,Documentary,Tablet,Basic,60,42.9,71.5,2
WATCH-001020,2025-04-10T05:43:00,France,Animation,Laptop,Basic,120,112.6,93.8,3
WATCH-001021,2025-06-28T04:33:00,Italy,Science fiction,Phone,Premium,22,14.4,65.5,5
WATCH-001022,2025-07-02T02:48:00,Spain,Drama,Phone,Basic,90,42.6,47.3,5
WATCH-001023,2025-08-12T23:39:00,Sweden,Comedy,TV,Premium,45,37.7,83.8,3
WATCH-001024,2025-07-25T21:40:00,Netherlands,Documentary,Tablet,Premium,90,49.2,54.7,4
WATCH-001025,2025-10-06T03:15:00,Germany,Drama,Phone,Premium,45,11.6,25.8,1
WATCH-001026,2025-08-04T02:14:00,Netherlands,Documentary,Laptop,Basic,120,16.4,13.7,5
WATCH-001027,2025-07-26T22:04:00,Netherlands,Thriller,Phone,Standard,22,9.9,45.0,3
WATCH-001028,2025-03-19T03:41:00,France,Animation,Tablet,Standard,90,19.1,21.2,2
WATCH-001029,2025-03-28T10:31:00,Netherlands,Documentary,TV,Basic,22,1.7,7.7,1
WATCH-001030,2025-03-15T03:31:00,Netherlands,Comedy,Laptop,Standard,60,37.0,61.7,1
WATCH-001031,2025-07-28T15:37:00,Spain,Drama,Laptop,Basic,45,27.1,60.2,3
WATCH-001032,2025-03-13T00:34:00,Italy,Animation,Tablet,Basic,45,10.8,24.0,5
WATCH-001033,2025-02-05T10:50:00,Spain,Comedy,Phone,Basic,30,19.1,63.7,1
WATCH-001034,2025-02-05T07:54:00,Netherlands,Animation,Laptop,Standard,120,90.9,75.8,5
WATCH-001035,2025-10-22T23:02:00,Netherlands,Drama,Tablet,Standard,45,9.8,21.8,4
WATCH-001036,2025-09-20T15:10:00,France,Documentary,Laptop,Standard,22,19.0,86.4,1
WATCH-001037,2025-01-23T03:20:00,Italy,Documentary,Tablet,Premium,22,4.4,,4
WATCH-001038,2025-04-25T10:53:00,France,Thriller,Tablet,Premium,30,12.7,42.3,3
WATCH-001039,2025-03-01T14:38:00,France,Animation,Tablet,Basic,45,18.3,40.7,4
WATCH-001040,2025-04-02T05:58:00,Sweden,Science fiction,TV,Premium,60,18.1,30.2,5
WATCH-001041,2025-08-18T09:18:00,Sweden,Drama,Laptop,Standard,22,18.2,82.7,3
WATCH-001042,2025-12-20T19:58:00,Italy,Documentary,Phone,Premium,45,40.1,89.1,3
WATCH-001043,2025-01-16T04:28:00,Spain,Comedy,Phone,Basic,60,28.4,47.3,2
WATCH-001044,2025-10-10T07:26:00,Netherlands,Comedy,Phone,Standard,60,34.3,57.2,2
WATCH-001045,2025-06-05T12:20:00,Spain,Drama,Tablet,Standard,30,20.9,69.7,5
WATCH-001046,2025-08-17T09:19:00,Sweden,Science fiction,TV,Basic,22,16.3,74.1,4
WATCH-001047,2025-07-03T12:39:00,Germany,Thriller,Tablet,Premium,22,4.5,20.5,1
WATCH-001048,2025-03-18T00:21:00,Netherlands,Drama,Laptop,Premium,60,59.3,98.8,2
WATCH-001049,2025-04-02T06:26:00,Sweden,Drama,Laptop,Standard,90,86.3,95.9,5
WATCH-001050,2025-01-09T13:36:00,Sweden,Drama,Laptop,Basic,45,44.4,98.7,4
WATCH-001051,2025-01-25T02:46:00,Netherlands,Science fiction,Laptop,Standard,60,41.5,69.2,2
WATCH-001052,2025-08-27T07:22:00,Spain,Documentary,TV,Premium,60,53.5,89.2,2
WATCH-001053,2025-06-21T17:46:00,France,Science fiction,Tablet,Standard,60,50.1,83.5,1
WATCH-001054,2025-02-22T09:32:00,France,Thriller,Tablet,Basic,120,46.2,38.5,3
WATCH-001055,2025-08-14T16:42:00,Spain,Documentary,TV,Basic,120,95.7,79.8,3
WATCH-001056,2025-09-09T11:26:00,Italy,Comedy,Laptop,Basic,30,16.6,55.3,4
WATCH-001057,2025-07-07T00:24:00,Italy,Thriller,Laptop,Premium,90,65.2,72.4,5
WATCH-001058,2025-11-17T07:00:00,Netherlands,Comedy,Laptop,Premium,120,10.2,8.5,4
WATCH-001059,2025-08-02T17:32:00,Spain,Animation,Laptop,Premium,30,19.9,66.3,1
WATCH-001060,2025-02-12T21:30:00,France,Drama,Laptop,Premium,90,15.3,17.0,5
WATCH-001061,2025-11-22T01:19:00,Italy,Comedy,Tablet,Basic,60,40.6,67.7,1
WATCH-001062,2025-02-16T05:00:00,France,Animation,Laptop,Premium,30,28.8,96.0,3
WATCH-001063,2025-03-26T05:48:00,Sweden,Thriller,TV,Premium,90,71.0,78.9,1
WATCH-001064,2025-03-01T04:27:00,Italy,Science fiction,TV,Premium,45,43.4,96.4,2
WATCH-001065,2025-12-25T03:46:00,Germany,Thriller,Tablet,Standard,22,19.8,90.0,5
WATCH-001066,2025-07-11T19:50:00,Sweden,Thriller,Phone,Basic,30,17.4,58.0,2
WATCH-001067,2025-09-18T10:49:00,Germany,Animation,TV,Premium,45,8.7,19.3,4
WATCH-001068,2025-05-11T03:23:00,Germany,Animation,TV,Premium,30,25.4,84.7,3
WATCH-001069,2025-09-23T23:07:00,Spain,Thriller,Tablet,Standard,120,52.1,43.4,3
WATCH-001070,2025-08-16T13:01:00,France,Drama,TV,Premium,30,16.5,55.0,5
WATCH-001071,2025-09-18T20:38:00,Germany,Drama,Tablet,Basic,30,21.9,73.0,2
WATCH-001072,2025-01-10T12:41:00,France,Documentary,TV,Premium,90,5.2,5.8,2
WATCH-001073,2025-12-18T17:40:00,Netherlands,Drama,Tablet,Standard,90,24.2,26.9,2
WATCH-001074,2025-04-12T13:14:00,Italy,Science fiction,Tablet,Premium,60,23.9,,1
WATCH-001075,2025-10-17T04:35:00,Germany,Drama,TV,Basic,45,37.3,82.9,2
WATCH-001076,2025-05-31T10:56:00,Italy,Animation,Phone,Standard,60,29.9,49.8,5
WATCH-001077,2025-07-09T00:33:00,France,Comedy,Tablet,Basic,90,60.0,66.7,2
WATCH-001078,2025-01-14T00:29:00,Sweden,Documentary,Tablet,Premium,30,14.9,49.7,2
WATCH-001079,2025-05-07T15:59:00,Italy,Documentary,Laptop,Premium,45,44.5,98.9,4
WATCH-001080,2025-09-07T08:27:00,Italy,Thriller,,Basic,60,56.3,93.8,3
WATCH-001081,2025-02-17T04:26:00,Netherlands,Drama,TV,Premium,30,5.1,17.0,4
WATCH-001082,2025-01-03T03:40:00,France,Animation,Tablet,Basic,45,14.7,32.7,5
WATCH-001083,2025-12-31T07:46:00,Spain,Animation,TV,Premium,90,14.6,16.2,2
WATCH-001084,2025-05-03T14:04:00,Germany,Thriller,TV,Standard,60,54.9,91.5,5
WATCH-001085,2025-03-24T06:43:00,Germany,Thriller,Laptop,Basic,60,13.8,23.0,1
WATCH-001086,2025-10-09T07:59:00,France,Documentary,Phone,Premium,90,64.8,72.0,5
WATCH-001087,2025-10-08T20:29:00,Netherlands,Documentary,Laptop,Premium,22,7.5,34.1,5
WATCH-001088,2025-06-22T21:38:00,Spain,Animation,Tablet,Premium,60,41.2,68.7,1
WATCH-001089,2025-05-01T16:53:00,Spain,Comedy,TV,Premium,120,15.4,12.8,2
WATCH-001090,2025-07-09T09:10:00,Spain,Animation,Laptop,Premium,45,30.1,66.9,1
WATCH-001091,2025-10-03T17:32:00,France,Documentary,TV,Standard,60,24.5,40.8,3
WATCH-001092,2025-06-03T15:07:00,France,Science fiction,Phone,Standard,45,32.0,71.1,4
WATCH-001093,2025-11-16T10:24:00,Italy,Documentary,TV,Standard,60,27.6,46.0,2
WATCH-001094,2025-10-23T23:50:00,Italy,Comedy,Tablet,Basic,90,32.7,36.3,5
WATCH-001095,2025-09-23T16:50:00,Sweden,Thriller,Tablet,Basic,45,19.1,42.4,4
WATCH-001096,2025-04-12T00:28:00,Germany,Animation,TV,Standard,60,19.0,31.7,3
WATCH-001097,2025-04-18T10:25:00,Germany,Science fiction,Laptop,Premium,60,55.3,92.2,4
WATCH-001098,2025-07-14T00:09:00,Spain,Comedy,Phone,Standard,22,7.0,31.8,2
WATCH-001099,2025-11-04T13:31:00,Spain,Drama,Laptop,Basic,120,96.3,80.2,5
WATCH-001100,2025-01-28T14:41:00,Germany,Science fiction,Laptop,Standard,45,33.3,74.0,2
WATCH-001101,2025-01-15T05:24:00,Spain,Drama,Phone,Standard,120,75.1,62.6,1
WATCH-001102,2025-06-08T13:33:00,France,Animation,Tablet,Premium,30,26.2,87.3,3
WATCH-001103,2025-07-16T21:50:00,Italy,Animation,Tablet,Premium,30,3.9,13.0,4
WATCH-001104,2025-10-04T01:22:00,Sweden,Science fiction,TV,Premium,60,55.1,91.8,2
WATCH-001105,2025-03-19T11:15:00,Netherlands,Thriller,Phone,Premium,60,31.5,52.5,1
WATCH-001106,2025-02-19T13:20:00,Spain,Drama,TV,Standard,90,24.1,26.8,3
WATCH-001107,2025-08-14T05:15:00,France,Thriller,Tablet,Premium,120,104.9,87.4,1
WATCH-001108,2025-12-25T09:32:00,Germany,Comedy,Laptop,Premium,22,19.8,90.0,4
WATCH-001109,2025-11-10T21:43:00,Spain,Drama,Phone,Standard,22,15.8,71.8,1
WATCH-001110,2025-12-06T10:21:00,Germany,Documentary,Phone,Standard,90,64.1,71.2,4
WATCH-001111,2025-06-03T20:32:00,Spain,Documentary,TV,Standard,22,8.1,,5
WATCH-001112,2025-06-21T12:26:00,Spain,Drama,Tablet,Premium,120,100.1,83.4,2
WATCH-001113,2025-04-24T11:00:00,Netherlands,Comedy,Phone,Premium,90,6.1,6.8,3
WATCH-001114,2025-02-14T07:55:00,France,Science fiction,Laptop,Basic,60,9.6,16.0,5
WATCH-001115,2025-07-13T11:49:00,France,Drama,TV,Standard,90,64.7,71.9,4
WATCH-001116,2025-05-08T17:23:00,Germany,Comedy,Phone,Premium,120,68.5,57.1,5
WATCH-001117,2025-10-26T19:26:00,Sweden,Comedy,Phone,Premium,90,24.3,27.0,3
WATCH-001118,2025-02-03T01:34:00,Spain,Thriller,Tablet,Basic,120,102.6,85.5,1
WATCH-001119,2025-04-06T14:26:00,France,Documentary,TV,Basic,30,24.9,83.0,1
WATCH-001120,2025-01-01T07:26:00,Netherlands,Comedy,TV,Premium,120,27.4,22.8,3
WATCH-001121,2025-03-12T10:12:00,France,Comedy,Phone,Premium,90,43.1,47.9,5
WATCH-001122,2025-11-08T09:15:00,Sweden,Science fiction,Phone,Premium,90,52.6,58.4,2
WATCH-001123,2025-03-20T04:14:00,Germany,Thriller,Tablet,Standard,30,16.8,56.0,1
WATCH-001124,2025-04-07T06:04:00,Spain,Drama,Tablet,Basic,45,41.5,92.2,2
WATCH-001125,2025-05-11T19:33:00,Sweden,Thriller,Laptop,Premium,30,23.3,77.7,4
WATCH-001126,2025-07-17T13:01:00,Sweden,Comedy,Laptop,Basic,120,57.7,48.1,4
WATCH-001127,2025-10-24T11:18:00,Italy,Drama,Laptop,Basic,30,29.9,99.7,2
WATCH-001128,2025-09-26T05:21:00,Spain,Documentary,TV,Standard,45,15.1,33.6,4
WATCH-001129,2025-09-20T20:26:00,Sweden,Animation,Tablet,Basic,90,18.4,20.4,3
WATCH-001130,2025-01-08T12:04:00,Sweden,Comedy,TV,Premium,22,17.2,78.2,3
WATCH-001131,2025-05-06T15:16:00,Spain,Drama,Phone,Basic,60,56.0,93.3,2
WATCH-001132,2025-01-29T02:28:00,Spain,Documentary,Laptop,Standard,22,1.1,5.0,5
WATCH-001133,2025-09-02T09:41:00,France,Documentary,Tablet,Standard,22,13.0,59.1,4
WATCH-001134,2025-04-07T10:05:00,Sweden,Drama,Laptop,Standard,22,9.2,41.8,5
WATCH-001135,2025-08-08T14:58:00,France,Animation,Laptop,Premium,45,21.6,48.0,2
WATCH-001136,2025-04-21T04:19:00,Netherlands,Comedy,TV,Premium,45,44.5,98.9,1
WATCH-001137,2025-10-30T10:18:00,Germany,Science fiction,Phone,Premium,45,14.3,31.8,4
WATCH-001138,2025-10-13T03:48:00,Netherlands,Comedy,Phone,Premium,30,22.2,74.0,5
WATCH-001139,2025-08-23T12:58:00,Netherlands,Documentary,Laptop,Standard,22,14.5,65.9,5
WATCH-001140,2025-06-17T01:58:00,Netherlands,Science fiction,Laptop,Premium,90,78.8,87.6,2
WATCH-001141,2025-12-24T15:53:00,Italy,Documentary,Laptop,Basic,90,59.8,66.4,4
WATCH-001142,2025-05-06T05:01:00,Spain,Thriller,Laptop,Standard,120,90.2,75.2,4
WATCH-001143,2025-11-26T09:40:00,Sweden,Documentary,Tablet,Standard,60,50.2,83.7,1
WATCH-001144,2025-11-15T12:36:00,Netherlands,Comedy,Tablet,Basic,60,3.2,5.3,3
WATCH-001145,2025-10-04T09:46:00,Germany,Documentary,Laptop,Standard,30,7.4,24.7,2
WATCH-001146,2025-02-11T03:24:00,Spain,Animation,Laptop,Basic,45,31.1,69.1,3
WATCH-001147,2025-01-07T11:40:00,Netherlands,Drama,Phone,Premium,90,6.5,7.2,4
WATCH-001148,2025-03-13T19:48:00,Spain,Science fiction,Phone,Premium,45,30.1,,4
WATCH-001149,2025-12-07T14:00:00,Spain,Science fiction,Phone,Premium,45,36.4,80.9,3
WATCH-001150,2025-11-17T13:29:00,Netherlands,Documentary,Laptop,Premium,22,3.7,16.8,2
WATCH-001151,2025-05-08T22:22:00,Spain,Drama,TV,Premium,90,53.2,59.1,5
WATCH-001152,2025-12-11T17:02:00,Sweden,Science fiction,Tablet,Basic,90,41.0,45.6,4
WATCH-001153,2025-06-02T04:44:00,Spain,Drama,Phone,Basic,45,14.9,33.1,4
WATCH-001154,2025-07-05T08:35:00,Germany,Drama,TV,Premium,60,42.5,70.8,5
WATCH-001155,2025-07-18T13:30:00,France,Science fiction,Laptop,Premium,30,7.0,23.3,3
WATCH-001156,2025-05-30T06:59:00,Spain,Documentary,Phone,Basic,30,20.0,66.7,4
WATCH-001157,2025-07-03T06:03:00,Italy,Documentary,Phone,Premium,30,26.9,89.7,5
WATCH-001158,2025-09-05T22:33:00,Sweden,Drama,Tablet,Premium,30,3.8,12.7,5
WATCH-001159,2025-05-20T09:56:00,Germany,Thriller,Laptop,Premium,30,6.6,22.0,2
WATCH-001160,2025-08-07T15:21:00,Germany,Animation,TV,Standard,60,47.5,79.2,5
WATCH-001161,2025-05-15T00:15:00,Sweden,Comedy,Tablet,Basic,45,44.3,98.4,4
WATCH-001162,2025-08-30T12:30:00,Spain,Documentary,Tablet,Standard,22,16.8,76.4,4
WATCH-001163,2025-12-30T14:12:00,Spain,Comedy,,Standard,22,21.7,98.6,3
WATCH-001164,2025-08-22T05:49:00,Germany,Animation,Tablet,Premium,120,10.6,8.8,3
WATCH-001165,2025-08-05T09:20:00,France,Comedy,Phone,Premium,120,40.9,34.1,2
WATCH-001166,2025-01-31T01:58:00,Germany,Science fiction,Phone,Standard,60,40.3,67.2,1
WATCH-001167,2025-03-29T10:39:00,Netherlands,Animation,TV,Basic,60,16.9,28.2,4
WATCH-001168,2025-05-19T14:38:00,Netherlands,Documentary,TV,Premium,90,19.3,21.4,4
WATCH-001169,2025-05-22T07:07:00,Germany,Thriller,Laptop,Basic,60,45.5,75.8,2
WATCH-001170,2025-07-03T03:17:00,France,Thriller,Tablet,Basic,45,21.0,46.7,5
WATCH-001171,2025-10-20T04:39:00,France,Thriller,Tablet,Premium,60,38.6,64.3,5
WATCH-001172,2025-03-02T11:37:00,Germany,Animation,Laptop,Premium,60,45.7,76.2,3
WATCH-001173,2025-04-26T20:07:00,Italy,Science fiction,Tablet,Standard,60,14.4,24.0,1
WATCH-001174,2025-05-26T07:32:00,France,Comedy,TV,Basic,22,10.7,48.6,5
WATCH-001175,2025-12-18T04:53:00,Italy,Drama,Laptop,Standard,22,3.4,15.5,4
WATCH-001176,2025-03-24T03:12:00,Sweden,Comedy,TV,Premium,45,2.3,5.1,2
WATCH-001177,2025-10-05T16:04:00,Netherlands,Thriller,TV,Standard,30,22.5,75.0,2
WATCH-001178,2025-11-15T02:55:00,Italy,Drama,Tablet,Basic,120,43.0,35.8,2
WATCH-001179,2025-01-14T06:30:00,Netherlands,Comedy,TV,Basic,90,13.5,15.0,5
WATCH-001180,2025-10-06T08:01:00,France,Animation,TV,Premium,45,4.5,10.0,2
WATCH-001181,2025-03-14T09:29:00,Netherlands,Documentary,TV,Standard,120,57.9,48.2,2
WATCH-001182,2025-08-15T00:37:00,Spain,Animation,Tablet,Basic,120,42.6,35.5,4
WATCH-001183,2025-08-05T19:29:00,Sweden,Animation,Phone,Premium,120,107.5,89.6,2
WATCH-001184,2025-03-03T06:03:00,Sweden,Drama,Phone,Basic,60,49.6,82.7,5
WATCH-001185,2025-02-05T00:30:00,Netherlands,Animation,Laptop,Basic,45,41.0,,1
WATCH-001186,2025-05-18T11:43:00,France,Thriller,TV,Premium,22,17.1,77.7,2
WATCH-001187,2025-01-05T14:15:00,Germany,Comedy,TV,Premium,120,57.7,48.1,5
WATCH-001188,2025-05-30T04:55:00,Netherlands,Science fiction,TV,Standard,45,23.7,52.7,1
WATCH-001189,2025-02-26T19:46:00,Sweden,Science fiction,Tablet,Standard,120,82.9,69.1,2
WATCH-001190,2025-10-09T22:26:00,Netherlands,Science fiction,TV,Basic,120,71.5,59.6,4
WATCH-001191,2025-09-11T22:45:00,Germany,Documentary,TV,Premium,120,62.6,52.2,1
WATCH-001192,2025-05-09T08:16:00,Netherlands,Documentary,Phone,Basic,120,35.7,29.8,2
WATCH-001193,2025-12-03T02:34:00,Italy,Drama,Phone,Premium,120,39.8,33.2,5
WATCH-001194,2025-09-04T14:29:00,Italy,Thriller,Phone,Basic,30,9.6,32.0,1
WATCH-001195,2025-10-21T09:43:00,Sweden,Comedy,Phone,Premium,45,43.6,96.9,4
WATCH-001196,2025-10-09T11:15:00,Sweden,Animation,Phone,Basic,60,33.6,56.0,4
WATCH-001197,2025-07-26T11:24:00,Italy,Documentary,Tablet,Standard,22,7.9,35.9,5
WATCH-001198,2025-03-25T06:42:00,Italy,Comedy,Phone,Basic,120,63.6,53.0,1
WATCH-001199,2025-08-11T21:35:00,Italy,Thriller,Tablet,Standard,22,13.9,63.2,1
WATCH-001200,2025-12-04T10:44:00,Netherlands,Science fiction,Laptop,Premium,45,37.4,83.1,2
WATCH-001201,2025-05-15T19:32:00,Germany,Comedy,Phone,Premium,120,69.4,57.8,3
WATCH-001202,2025-04-11T09:09:00,Spain,Comedy,TV,Basic,45,36.5,81.1,3
WATCH-001203,2025-01-19T10:33:00,Germany,Comedy,TV,Basic,45,30.7,68.2,2
WATCH-001204,2025-03-20T11:12:00,Spain,Documentary,Phone,Basic,120,33.7,28.1,1
WATCH-001205,2025-02-05T16:33:00,Netherlands,Science fiction,Laptop,Standard,90,32.6,36.2,3
WATCH-001206,2025-05-14T21:26:00,France,Thriller,Tablet,Standard,90,60.2,66.9,5
WATCH-001207,2025-08-31T15:22:00,Italy,Animation,Tablet,Premium,22,9.6,43.6,4
WATCH-001208,2025-08-03T06:15:00,Netherlands,Documentary,Tablet,Basic,120,15.1,12.6,5
WATCH-001209,2025-03-12T11:47:00,Germany,Thriller,TV,Basic,120,70.3,58.6,3
WATCH-001210,2025-03-09T00:15:00,Spain,Comedy,Phone,Standard,90,88.4,98.2,2
WATCH-001211,2025-09-01T06:29:00,Italy,Drama,Laptop,Premium,120,113.7,94.8,3
WATCH-001212,2025-12-19T20:19:00,Italy,Comedy,Tablet,Standard,45,29.8,66.2,4
WATCH-001213,2025-09-05T11:01:00,Spain,Thriller,Tablet,Standard,30,2.7,9.0,4
WATCH-001214,2025-10-05T03:56:00,Netherlands,Documentary,Tablet,Basic,45,33.5,74.4,2
WATCH-001215,2025-04-24T17:21:00,Italy,Drama,Phone,Basic,90,27.5,30.6,4
WATCH-001216,2025-11-11T18:22:00,Italy,Animation,Tablet,Basic,60,23.8,39.7,4
WATCH-001217,2025-03-12T07:53:00,Sweden,Animation,Tablet,Basic,60,9.8,16.3,5
WATCH-001218,2025-05-07T08:52:00,Sweden,Comedy,Phone,Premium,120,14.2,11.8,3
WATCH-001219,2025-10-26T03:29:00,Italy,Animation,Phone,Basic,90,45.8,50.9,3
WATCH-001220,2025-06-14T08:59:00,France,Thriller,Tablet,Standard,90,46.4,51.6,5
WATCH-001221,2025-06-13T20:43:00,Germany,Drama,Phone,Premium,90,50.6,56.2,2
WATCH-001222,2025-03-06T02:18:00,Sweden,Science fiction,TV,Premium,30,9.4,,4
WATCH-001223,2025-01-28T22:17:00,Spain,Thriller,Phone,Standard,90,41.7,46.3,5
WATCH-001224,2025-12-22T07:57:00,France,Comedy,Tablet,Basic,60,40.5,67.5,3
WATCH-001225,2025-07-04T16:48:00,Spain,Comedy,Laptop,Premium,45,41.3,91.8,2
WATCH-001226,2025-10-18T09:32:00,Spain,Comedy,Laptop,Standard,30,14.2,47.3,2
WATCH-001227,2025-01-15T22:48:00,Germany,Documentary,Tablet,Standard,60,58.6,97.7,3
WATCH-001228,2025-11-22T13:17:00,Sweden,Science fiction,Laptop,Premium,60,22.8,38.0,4
WATCH-001229,2025-04-26T00:43:00,France,Documentary,Phone,Premium,45,3.3,7.3,4
WATCH-001230,2025-12-09T05:26:00,Italy,Drama,TV,Premium,45,15.9,35.3,5
WATCH-001231,2025-08-11T16:31:00,France,Science fiction,Tablet,Premium,60,36.7,61.2,3
WATCH-001232,2025-05-09T23:54:00,Italy,Animation,Phone,Standard,30,3.9,13.0,1
WATCH-001233,2025-12-15T19:04:00,Sweden,Thriller,Tablet,Standard,22,5.3,24.1,1
WATCH-001234,2025-08-10T05:35:00,Italy,Science fiction,Phone,Basic,22,19.5,88.6,4
WATCH-001235,2025-05-20T07:51:00,Germany,Documentary,Tablet,Basic,30,12.3,41.0,1
WATCH-001236,2025-02-25T19:28:00,Italy,Thriller,Phone,Basic,120,95.9,79.9,2
WATCH-001237,2025-08-19T14:01:00,Italy,Comedy,Phone,Basic,60,46.8,78.0,3
WATCH-001238,2025-01-08T10:49:00,Spain,Animation,TV,Premium,45,42.3,94.0,5
WATCH-001239,2025-02-16T21:28:00,Germany,Science fiction,Laptop,Basic,90,59.9,66.6,3
WATCH-001240,2025-10-14T16:49:00,Italy,Comedy,TV,Basic,60,27.6,46.0,4
WATCH-001241,2025-11-16T10:35:00,Italy,Documentary,Tablet,Basic,22,1.6,7.3,5
WATCH-001242,2025-10-02T13:35:00,Germany,Thriller,Tablet,Premium,120,86.3,71.9,2
WATCH-001243,2025-12-12T20:38:00,Sweden,Science fiction,Laptop,Standard,22,10.8,49.1,1
WATCH-001244,2025-08-04T15:06:00,France,Science fiction,Phone,Basic,120,57.9,48.2,4
WATCH-001245,2025-01-30T17:10:00,Spain,Science fiction,Tablet,Basic,30,2.0,6.7,1
WATCH-001246,2025-06-24T05:58:00,Germany,Documentary,,Basic,22,21.1,95.9,5
WATCH-001247,2025-01-19T17:31:00,Sweden,Science fiction,TV,Premium,120,34.2,28.5,4
WATCH-001248,2025-05-06T20:14:00,Italy,Animation,TV,Premium,90,68.2,75.8,1
WATCH-001249,2025-09-12T07:09:00,France,Animation,TV,Basic,45,3.2,7.1,2
WATCH-001250,2025-02-20T07:06:00,France,Thriller,Tablet,Premium,30,13.1,43.7,4
WATCH-001251,2025-08-19T11:32:00,Italy,Thriller,TV,Basic,30,22.0,73.3,3
WATCH-001252,2025-12-31T09:42:00,Spain,Documentary,Phone,Premium,22,21.6,98.2,2
WATCH-001253,2025-03-27T03:25:00,Netherlands,Animation,Tablet,Basic,45,33.0,73.3,2
WATCH-001254,2025-07-28T18:50:00,Netherlands,Animation,Phone,Standard,90,30.0,33.3,5
WATCH-001255,2025-10-10T00:13:00,Sweden,Animation,Laptop,Premium,90,35.0,38.9,2
WATCH-001256,2025-12-02T22:51:00,Germany,Comedy,TV,Basic,120,14.8,12.3,2
WATCH-001257,2025-11-26T18:28:00,Netherlands,Animation,TV,Standard,120,14.5,12.1,1
WATCH-001258,2025-07-28T21:55:00,Italy,Documentary,Tablet,Premium,22,4.1,18.6,1
WATCH-001259,2025-04-23T09:47:00,Sweden,Animation,Laptop,Standard,45,35.8,,4
WATCH-001260,2025-09-30T12:13:00,Germany,Drama,TV,Standard,120,108.8,90.7,1
WATCH-001261,2025-11-01T19:20:00,Germany,Comedy,Tablet,Premium,30,25.1,83.7,1
WATCH-001262,2025-06-27T12:36:00,France,Drama,Laptop,Premium,30,20.9,69.7,3
WATCH-001263,2025-06-08T19:06:00,Italy,Comedy,Laptop,Basic,30,6.5,21.7,3
WATCH-001264,2025-08-10T23:22:00,Spain,Drama,Phone,Basic,90,46.9,52.1,2
WATCH-001265,2025-11-09T08:40:00,Spain,Thriller,TV,Premium,22,12.8,58.2,3
WATCH-001266,2025-12-22T17:46:00,Germany,Comedy,Laptop,Premium,22,9.4,42.7,5
WATCH-001267,2025-05-03T12:24:00,Netherlands,Animation,Phone,Standard,22,4.4,20.0,5
WATCH-001268,2025-01-23T20:10:00,Italy,Animation,Laptop,Basic,60,29.8,49.7,1
WATCH-001269,2025-12-28T19:00:00,Netherlands,Documentary,Tablet,Standard,45,44.0,97.8,2
WATCH-001270,2025-12-02T02:26:00,Spain,Science fiction,Tablet,Premium,22,6.5,29.5,5
WATCH-001271,2025-05-13T09:48:00,Sweden,Drama,Tablet,Standard,120,95.1,79.2,5
WATCH-001272,2025-05-17T14:22:00,Netherlands,Documentary,TV,Standard,22,11.4,51.8,1
WATCH-001273,2025-04-03T02:12:00,Netherlands,Science fiction,TV,Basic,30,7.4,24.7,1
WATCH-001274,2025-04-20T09:27:00,Germany,Comedy,TV,Premium,22,12.1,55.0,3
WATCH-001275,2025-03-17T05:57:00,Italy,Comedy,Phone,Premium,45,37.5,83.3,4
WATCH-001276,2025-11-09T06:59:00,Spain,Science fiction,Phone,Standard,60,44.8,74.7,2
WATCH-001277,2025-10-01T16:00:00,Sweden,Documentary,Tablet,Standard,30,3.6,12.0,3
WATCH-001278,2025-10-23T17:28:00,Spain,Drama,TV,Basic,30,27.7,92.3,2
WATCH-001279,2025-05-16T10:41:00,Netherlands,Comedy,Tablet,Basic,22,5.2,23.6,2
WATCH-001280,2025-06-29T22:27:00,Spain,Animation,Tablet,Standard,30,18.4,61.3,3
WATCH-001281,2025-07-03T21:07:00,Spain,Documentary,Laptop,Basic,45,41.3,91.8,1
WATCH-001282,2025-11-06T13:01:00,Italy,Documentary,Phone,Standard,22,11.1,50.5,5
WATCH-001283,2025-12-11T12:03:00,Germany,Comedy,TV,Basic,22,17.2,78.2,1
WATCH-001284,2025-01-05T02:29:00,Spain,Drama,Laptop,Standard,90,11.3,12.6,1
WATCH-001285,2025-08-17T23:18:00,France,Science fiction,Tablet,Basic,22,20.7,94.1,5
WATCH-001286,2025-04-05T08:36:00,France,Thriller,Tablet,Basic,45,44.3,98.4,1
WATCH-001287,2025-12-09T04:54:00,Germany,Thriller,TV,Basic,45,2.7,6.0,1
WATCH-001288,2025-01-28T09:11:00,France,Comedy,Phone,Standard,90,70.1,77.9,1
WATCH-001289,2025-09-14T06:17:00,Netherlands,Science fiction,Tablet,Basic,120,97.0,80.8,2
WATCH-001290,2025-01-05T19:59:00,Sweden,Documentary,Tablet,Basic,30,26.3,87.7,2
WATCH-001291,2025-06-29T17:28:00,Germany,Documentary,Phone,Premium,60,10.5,17.5,2
WATCH-001292,2025-03-01T08:26:00,Sweden,Drama,Laptop,Standard,45,35.1,78.0,3
WATCH-001293,2025-04-11T20:34:00,Germany,Documentary,Phone,Premium,120,89.1,74.2,2
WATCH-001294,2025-06-17T11:50:00,Sweden,Comedy,Tablet,Premium,30,18.8,62.7,2
WATCH-001295,2025-12-19T23:07:00,Germany,Animation,TV,Basic,22,10.1,45.9,3
WATCH-001296,2025-10-31T18:54:00,France,Comedy,TV,Premium,30,5.8,,2
WATCH-001297,2025-08-05T18:30:00,Germany,Drama,Phone,Premium,45,10.9,24.2,5
WATCH-001298,2025-08-21T06:51:00,Spain,Comedy,TV,Standard,120,47.9,39.9,2
WATCH-001299,2025-01-27T05:08:00,Sweden,Comedy,Phone,Premium,30,15.9,53.0,1
WATCH-001300,2025-05-02T06:44:00,Italy,Comedy,Laptop,Basic,60,12.8,21.3,1
WATCH-001301,2025-12-15T04:36:00,Germany,Animation,Laptop,Basic,60,21.2,35.3,2
WATCH-001302,2025-04-27T16:32:00,Sweden,Animation,Laptop,Premium,60,22.0,36.7,5
WATCH-001303,2025-01-21T07:14:00,Germany,Comedy,TV,Standard,60,57.0,95.0,5
WATCH-001304,2025-10-04T12:37:00,Sweden,Documentary,Laptop,Standard,30,7.7,25.7,2
WATCH-001305,2025-10-13T15:23:00,Spain,Drama,Tablet,Basic,30,13.7,45.7,1
WATCH-001306,2025-03-08T21:58:00,Netherlands,Science fiction,Laptop,Premium,90,31.0,34.4,1
WATCH-001307,2025-08-21T02:41:00,Sweden,Science fiction,Tablet,Standard,22,9.7,44.1,4
WATCH-001308,2025-04-12T20:39:00,Italy,Comedy,TV,Premium,45,22.9,50.9,4
WATCH-001309,2025-03-20T15:40:00,Italy,Thriller,TV,Standard,45,37.4,83.1,2
WATCH-001310,2025-03-18T08:55:00,Italy,Science fiction,Tablet,Premium,90,6.8,7.6,1
WATCH-001311,2025-05-22T06:34:00,Spain,Science fiction,Tablet,Basic,60,42.5,70.8,4
WATCH-001312,2025-07-19T12:33:00,France,Science fiction,Phone,Premium,120,18.6,15.5,5
WATCH-001313,2025-11-12T18:26:00,Spain,Drama,TV,Standard,45,40.9,90.9,2
WATCH-001314,2025-03-11T01:00:00,Germany,Animation,Tablet,Standard,60,3.4,5.7,2
WATCH-001315,2025-05-19T15:16:00,Spain,Animation,TV,Standard,120,86.1,71.7,4
WATCH-001316,2025-05-21T16:00:00,Netherlands,Animation,Laptop,Standard,22,20.7,94.1,2
WATCH-001317,2025-08-19T23:50:00,France,Documentary,Laptop,Premium,120,29.1,24.3,3
WATCH-001318,2025-10-28T04:44:00,Netherlands,Comedy,TV,Standard,60,42.8,71.3,3
WATCH-001319,2025-06-26T20:07:00,Spain,Drama,Tablet,Premium,90,15.6,17.3,4
WATCH-001320,2025-09-07T13:14:00,Italy,Science fiction,Tablet,Premium,60,40.5,67.5,4
WATCH-001321,2025-01-17T01:26:00,France,Animation,Laptop,Premium,120,98.4,82.0,5
WATCH-001322,2025-03-29T19:15:00,Italy,Drama,Phone,Premium,45,41.1,91.3,3
WATCH-001323,2025-03-16T05:33:00,Sweden,Documentary,Tablet,Premium,120,8.5,7.1,4
WATCH-001324,2025-02-27T21:07:00,Germany,Comedy,Laptop,Basic,60,4.6,7.7,5
WATCH-001325,2025-02-02T15:36:00,Spain,Science fiction,TV,Standard,30,15.3,51.0,4
WATCH-001326,2025-05-22T05:29:00,Spain,Documentary,TV,Standard,90,17.2,19.1,3
WATCH-001327,2025-01-02T08:34:00,Spain,Science fiction,TV,Basic,22,13.3,60.5,5
WATCH-001328,2025-04-04T23:04:00,Netherlands,Comedy,Laptop,Standard,45,13.9,30.9,3
WATCH-001329,2025-12-09T09:23:00,France,Thriller,,Standard,120,32.8,27.3,3
WATCH-001330,2025-11-08T23:20:00,Germany,Comedy,TV,Premium,22,21.5,97.7,2
WATCH-001331,2025-07-19T13:58:00,Spain,Animation,Tablet,Standard,120,114.5,95.4,2
WATCH-001332,2025-11-25T11:25:00,Netherlands,Science fiction,Laptop,Standard,90,26.9,29.9,5
WATCH-001333,2025-04-15T15:25:00,Sweden,Drama,Laptop,Basic,120,39.6,,3
WATCH-001334,2025-07-15T23:29:00,Italy,Science fiction,Laptop,Premium,30,14.4,48.0,3
WATCH-001335,2025-10-10T06:52:00,France,Documentary,Phone,Premium,45,25.7,57.1,2
WATCH-001336,2025-01-23T07:02:00,Sweden,Drama,Laptop,Basic,90,53.1,59.0,3
WATCH-001337,2025-12-10T15:51:00,Spain,Science fiction,Laptop,Basic,22,6.7,30.5,3
WATCH-001338,2025-10-10T15:46:00,Germany,Comedy,Tablet,Premium,60,44.8,74.7,2
WATCH-001339,2025-03-06T08:32:00,Spain,Science fiction,Phone,Basic,45,35.7,79.3,1
WATCH-001340,2025-06-19T00:06:00,Germany,Thriller,Laptop,Basic,22,11.8,53.6,2
WATCH-001341,2025-05-19T19:41:00,Sweden,Documentary,Tablet,Standard,120,118.8,99.0,2
WATCH-001342,2025-03-20T02:01:00,Sweden,Thriller,Phone,Standard,30,14.4,48.0,1
WATCH-001343,2025-10-13T07:42:00,Italy,Comedy,Tablet,Basic,90,43.1,47.9,3
WATCH-001344,2025-07-20T23:01:00,France,Comedy,TV,Premium,22,3.0,13.6,4
WATCH-001345,2025-01-05T05:53:00,Netherlands,Animation,Laptop,Basic,60,45.2,75.3,5
WATCH-001346,2025-09-09T14:24:00,Italy,Science fiction,Laptop,Standard,60,17.4,29.0,5
WATCH-001347,2025-12-15T05:25:00,Italy,Thriller,TV,Basic,30,10.1,33.7,4
WATCH-001348,2025-03-20T15:58:00,Italy,Thriller,TV,Standard,30,21.5,71.7,3
WATCH-001349,2025-05-14T21:18:00,Netherlands,Comedy,Tablet,Basic,45,3.8,8.4,3
WATCH-001350,2025-11-15T17:22:00,Germany,Animation,Phone,Basic,60,5.1,8.5,5
WATCH-001351,2025-05-20T14:09:00,Spain,Science fiction,Laptop,Standard,60,7.0,11.7,3
WATCH-001352,2025-01-04T17:37:00,Netherlands,Animation,TV,Premium,30,7.0,23.3,1
WATCH-001353,2025-04-10T23:53:00,Germany,Comedy,Phone,Basic,120,86.4,72.0,1
WATCH-001354,2025-06-25T15:25:00,Netherlands,Science fiction,Phone,Basic,60,38.1,63.5,4
WATCH-001355,2025-01-11T23:40:00,Netherlands,Science fiction,Phone,Premium,120,95.7,79.8,3
WATCH-001356,2025-06-10T12:10:00,Spain,Thriller,Laptop,Premium,30,23.3,77.7,3
WATCH-001357,2025-08-08T13:48:00,Germany,Documentary,Laptop,Premium,30,29.1,97.0,4
WATCH-001358,2025-08-28T20:24:00,France,Animation,Phone,Standard,120,95.9,79.9,5
WATCH-001359,2025-06-22T06:25:00,France,Thriller,TV,Standard,90,37.6,41.8,2
WATCH-001360,2025-04-06T15:36:00,Italy,Documentary,Phone,Standard,22,13.8,62.7,5
WATCH-001361,2025-06-10T14:09:00,Sweden,Science fiction,Phone,Standard,90,30.3,33.7,3
WATCH-001362,2025-02-13T15:30:00,Sweden,Comedy,Laptop,Premium,90,55.8,62.0,2
WATCH-001363,2025-03-08T13:40:00,Germany,Science fiction,TV,Premium,90,85.5,95.0,5
WATCH-001364,2025-07-04T23:11:00,Sweden,Science fiction,Phone,Standard,60,47.7,79.5,1
WATCH-001365,2025-11-12T20:54:00,Netherlands,Documentary,TV,Premium,22,16.9,76.8,3
WATCH-001366,2025-03-29T23:13:00,Sweden,Drama,Laptop,Basic,90,56.4,62.7,4
WATCH-001367,2025-12-20T03:55:00,Germany,Comedy,TV,Basic,22,17.5,79.5,1
WATCH-001368,2025-08-17T20:13:00,Italy,Comedy,Laptop,Standard,60,24.0,40.0,5
WATCH-001369,2025-07-14T16:55:00,Netherlands,Drama,TV,Standard,30,24.2,80.7,1
WATCH-001370,2025-07-15T16:59:00,Italy,Drama,Tablet,Basic,45,14.8,,2
WATCH-001371,2025-07-30T08:19:00,Germany,Animation,TV,Premium,90,60.3,67.0,2
WATCH-001372,2025-02-22T16:36:00,France,Animation,Laptop,Basic,120,77.5,64.6,1
WATCH-001373,2025-06-03T18:41:00,France,Comedy,Laptop,Basic,120,69.3,57.8,4
WATCH-001374,2025-01-05T02:40:00,France,Animation,Laptop,Premium,60,23.9,39.8,2
WATCH-001375,2025-03-13T23:58:00,Netherlands,Science fiction,Tablet,Premium,60,27.5,45.8,3
WATCH-001376,2025-01-16T12:17:00,Italy,Thriller,Tablet,Basic,60,13.2,22.0,1
WATCH-001377,2025-07-03T20:02:00,Spain,Comedy,Phone,Basic,30,26.9,89.7,3
WATCH-001378,2025-12-30T04:00:00,France,Comedy,Tablet,Basic,45,7.0,15.6,3
WATCH-001379,2025-04-24T02:38:00,Sweden,Comedy,Phone,Basic,45,18.1,40.2,2
WATCH-001380,2025-03-05T23:44:00,Germany,Animation,Tablet,Standard,90,26.7,29.7,1
WATCH-001381,2025-07-26T11:43:00,Sweden,Documentary,Tablet,Basic,30,29.1,97.0,1
WATCH-001382,2025-05-11T14:55:00,Germany,Science fiction,Tablet,Standard,30,4.0,13.3,4
WATCH-001383,2025-01-03T20:05:00,Sweden,Thriller,Laptop,Basic,30,17.6,58.7,5
WATCH-001384,2025-01-18T06:09:00,Germany,Animation,Phone,Premium,90,71.6,79.6,2
WATCH-001385,2025-01-04T07:43:00,France,Comedy,Phone,Basic,22,9.5,43.2,5
WATCH-001386,2025-11-20T09:31:00,Italy,Documentary,TV,Basic,45,3.7,8.2,1
WATCH-001387,2025-09-28T12:04:00,Sweden,Drama,Phone,Premium,30,14.7,49.0,1
WATCH-001388,2025-07-28T21:57:00,Germany,Comedy,Phone,Standard,60,53.4,89.0,2
WATCH-001389,2025-05-12T14:16:00,Italy,Thriller,Phone,Standard,60,56.6,94.3,2
WATCH-001390,2025-02-14T17:15:00,Spain,Drama,TV,Basic,30,26.7,89.0,5
WATCH-001391,2025-12-13T10:18:00,Sweden,Science fiction,TV,Premium,120,81.5,67.9,3
WATCH-001392,2025-07-07T18:58:00,Spain,Science fiction,Laptop,Standard,90,78.4,87.1,2
WATCH-001393,2025-04-11T04:21:00,Italy,Thriller,Phone,Standard,45,41.8,92.9,3
WATCH-001394,2025-12-30T10:24:00,Netherlands,Thriller,Laptop,Basic,22,16.3,74.1,4
WATCH-001395,2025-03-30T00:36:00,Spain,Comedy,Phone,Premium,120,92.9,77.4,5
WATCH-001396,2025-07-21T19:23:00,Spain,Science fiction,Laptop,Basic,60,24.8,41.3,1
WATCH-001397,2025-08-06T04:28:00,Netherlands,Animation,Laptop,Premium,60,59.8,99.7,2
WATCH-001398,2025-05-30T23:56:00,Sweden,Drama,Laptop,Premium,45,31.0,68.9,1
WATCH-001399,2025-11-07T21:05:00,Sweden,Thriller,Phone,Standard,22,17.9,81.4,5
WATCH-001400,2025-07-06T16:53:00,Italy,Thriller,TV,Basic,30,6.5,21.7,1
WATCH-001401,2025-01-09T03:10:00,Spain,Thriller,Laptop,Premium,120,47.3,39.4,5
WATCH-001402,2025-04-02T19:14:00,Germany,Thriller,Phone,Premium,90,69.3,77.0,2
WATCH-001403,2025-01-25T20:20:00,Germany,Animation,Tablet,Basic,30,1.9,6.3,4
WATCH-001404,2025-10-30T02:21:00,Netherlands,Animation,Laptop,Standard,22,6.5,29.5,1
WATCH-001405,2025-05-15T04:34:00,Italy,Science fiction,Laptop,Premium,22,8.0,36.4,3
WATCH-001406,2025-08-15T19:51:00,Germany,Drama,TV,Premium,60,28.4,47.3,4
WATCH-001407,2025-06-02T23:50:00,Netherlands,Documentary,Phone,Basic,90,88.5,,2
WATCH-001408,2025-08-26T05:42:00,France,Drama,Phone,Premium,45,42.9,95.3,4
WATCH-001409,2025-10-18T09:03:00,Sweden,Animation,Phone,Premium,90,72.7,80.8,2
WATCH-001410,2025-04-22T11:22:00,Sweden,Science fiction,Tablet,Basic,90,29.4,32.7,3
WATCH-001411,2025-09-02T04:26:00,Germany,Science fiction,Laptop,Premium,90,60.2,66.9,1
WATCH-001412,2025-01-16T17:59:00,Spain,Documentary,,Standard,45,35.2,78.2,3
WATCH-001413,2025-10-10T01:38:00,Netherlands,Documentary,TV,Standard,120,69.7,58.1,3
WATCH-001414,2025-04-27T10:29:00,Germany,Animation,Phone,Basic,22,18.0,81.8,1
WATCH-001415,2025-09-01T04:48:00,Netherlands,Comedy,Laptop,Standard,45,25.7,57.1,2
WATCH-001416,2025-09-05T01:15:00,Sweden,Comedy,TV,Basic,90,74.7,83.0,1
WATCH-001417,2025-09-29T12:21:00,Italy,Comedy,TV,Premium,90,55.7,61.9,5
WATCH-001418,2025-06-26T08:45:00,Germany,Drama,Laptop,Standard,45,17.1,38.0,2
WATCH-001419,2025-11-08T17:01:00,Italy,Animation,TV,Standard,60,33.0,55.0,4
WATCH-001420,2025-12-31T15:09:00,Sweden,Science fiction,Phone,Basic,30,10.8,36.0,5
WATCH-001421,2025-10-21T02:35:00,Italy,Thriller,Tablet,Premium,60,42.3,70.5,3
WATCH-001422,2025-10-22T19:41:00,France,Documentary,Tablet,Standard,90,49.1,54.6,5
WATCH-001423,2025-01-07T20:18:00,Sweden,Thriller,Laptop,Basic,45,33.5,74.4,5
WATCH-001424,2025-07-29T13:04:00,Spain,Documentary,Laptop,Basic,30,12.6,42.0,3
WATCH-001425,2025-01-26T15:26:00,Germany,Thriller,Laptop,Premium,60,21.3,35.5,3
WATCH-001426,2025-10-24T20:37:00,Germany,Thriller,TV,Standard,45,32.8,72.9,4
WATCH-001427,2025-07-29T22:23:00,Spain,Documentary,TV,Standard,120,94.1,78.4,1
WATCH-001428,2025-12-12T18:33:00,Germany,Drama,Tablet,Standard,120,53.7,44.8,3
WATCH-001429,2025-03-03T13:02:00,Spain,Animation,Laptop,Standard,120,113.1,94.2,4
WATCH-001430,2025-02-10T04:03:00,Sweden,Animation,TV,Basic,60,53.4,89.0,2
WATCH-001431,2025-07-12T01:33:00,Sweden,Documentary,Phone,Standard,90,29.2,32.4,3
WATCH-001432,2025-11-30T11:10:00,Spain,Science fiction,TV,Premium,120,66.1,55.1,4
WATCH-001433,2025-01-28T14:46:00,Spain,Science fiction,Tablet,Basic,30,6.0,20.0,5
WATCH-001434,2025-03-07T08:01:00,France,Comedy,Tablet,Basic,45,19.7,43.8,5
WATCH-001435,2025-08-25T06:37:00,Spain,Documentary,TV,Basic,22,2.7,12.3,5
WATCH-001436,2025-12-01T08:43:00,Sweden,Drama,Tablet,Standard,120,53.1,44.2,3
WATCH-001437,2025-08-01T12:55:00,Netherlands,Animation,Laptop,Premium,120,30.9,25.8,2
WATCH-001438,2025-03-13T00:22:00,Netherlands,Science fiction,Phone,Standard,120,117.7,98.1,1
WATCH-001439,2025-03-07T08:34:00,Italy,Thriller,TV,Premium,120,40.5,33.8,2
WATCH-001440,2025-09-26T09:06:00,Netherlands,Documentary,Tablet,Standard,90,30.9,34.3,3
WATCH-001441,2025-10-13T09:14:00,Netherlands,Thriller,Laptop,Standard,30,6.4,21.3,3
WATCH-001442,2025-03-12T05:18:00,Italy,Science fiction,Laptop,Standard,30,27.2,90.7,3
WATCH-001443,2025-03-01T10:29:00,France,Animation,TV,Standard,30,18.4,61.3,5
WATCH-001444,2025-07-12T18:07:00,Spain,Thriller,Phone,Premium,22,19.1,,1
WATCH-001445,2025-04-28T16:53:00,Netherlands,Comedy,Phone,Basic,60,35.1,58.5,1
WATCH-001446,2025-01-06T08:50:00,Sweden,Comedy,Laptop,Standard,60,58.0,96.7,5
WATCH-001447,2025-12-18T04:26:00,Italy,Documentary,Tablet,Basic,30,5.7,19.0,3
WATCH-001448,2025-03-27T19:22:00,Spain,Comedy,Laptop,Basic,120,99.3,82.8,4
WATCH-001449,2025-04-26T00:21:00,Germany,Comedy,Tablet,Basic,120,107.3,89.4,4
WATCH-001450,2025-12-13T07:12:00,France,Science fiction,Tablet,Premium,120,81.4,67.8,1
WATCH-001451,2025-04-30T14:46:00,Italy,Documentary,Phone,Premium,120,92.8,77.3,4
WATCH-001452,2025-06-25T00:31:00,Italy,Animation,Laptop,Standard,45,32.0,71.1,2
WATCH-001453,2025-10-08T17:27:00,France,Comedy,Phone,Premium,90,31.8,35.3,3
WATCH-001454,2025-07-02T06:40:00,France,Science fiction,Tablet,Basic,45,15.0,33.3,1
WATCH-001455,2025-05-21T12:17:00,Germany,Comedy,Laptop,Basic,30,26.4,88.0,5
WATCH-001456,2025-09-15T05:26:00,Spain,Thriller,Phone,Basic,30,18.9,63.0,3
WATCH-001457,2025-06-28T18:02:00,Sweden,Drama,TV,Standard,45,13.7,30.4,5
WATCH-001458,2025-02-07T21:46:00,France,Science fiction,Phone,Premium,120,14.8,12.3,3
WATCH-001459,2025-10-23T22:13:00,France,Animation,Laptop,Standard,60,21.6,36.0,5
WATCH-001460,2025-04-03T22:46:00,Spain,Animation,Phone,Basic,90,50.6,56.2,4
WATCH-001461,2025-12-18T03:06:00,Sweden,Drama,Phone,Premium,60,16.3,27.2,2
WATCH-001462,2025-03-21T09:32:00,Germany,Comedy,Laptop,Standard,90,13.5,15.0,2
WATCH-001463,2025-01-24T23:55:00,Netherlands,Animation,TV,Basic,90,54.0,60.0,1
WATCH-001464,2025-12-02T14:34:00,Italy,Comedy,Laptop,Premium,30,2.3,7.7,1
WATCH-001465,2025-10-18T07:19:00,Germany,Animation,Laptop,Premium,22,19.6,89.1,5
WATCH-001466,2025-01-13T05:38:00,Netherlands,Comedy,TV,Basic,90,11.1,12.3,1
WATCH-001467,2025-12-17T21:37:00,Netherlands,Science fiction,Phone,Premium,30,5.9,19.7,2
WATCH-001468,2025-12-30T06:52:00,Germany,Drama,Laptop,Standard,120,83.3,69.4,5
WATCH-001469,2025-03-03T04:34:00,France,Documentary,Laptop,Standard,30,5.8,19.3,5
WATCH-001470,2025-09-18T00:10:00,Italy,Drama,Laptop,Premium,22,11.6,52.7,2
WATCH-001471,2025-07-05T12:12:00,Spain,Comedy,Laptop,Standard,30,25.1,83.7,3
WATCH-001472,2025-03-22T21:17:00,France,Documentary,Phone,Basic,30,8.4,28.0,3
WATCH-001473,2025-09-26T16:55:00,Italy,Comedy,Laptop,Standard,22,14.1,64.1,5
WATCH-001474,2025-07-19T17:43:00,Italy,Science fiction,TV,Premium,45,2.8,6.2,5
WATCH-001475,2025-09-10T16:39:00,Netherlands,Comedy,Tablet,Standard,60,27.5,45.8,2
WATCH-001476,2025-10-31T20:03:00,France,Comedy,Tablet,Standard,22,11.9,54.1,4
WATCH-001477,2025-07-22T12:19:00,France,Documentary,Phone,Basic,120,33.4,27.8,1
WATCH-001478,2025-11-06T23:32:00,Netherlands,Science fiction,TV,Basic,120,77.4,64.5,5
WATCH-001479,2025-06-13T14:07:00,Italy,Documentary,Phone,Premium,30,13.2,44.0,1
WATCH-001480,2025-10-24T10:05:00,Germany,Comedy,Tablet,Standard,90,80.9,89.9,1
WATCH-001481,2025-09-05T15:24:00,Italy,Comedy,TV,Basic,60,47.0,,4
WATCH-001482,2025-01-08T09:15:00,Sweden,Science fiction,Laptop,Premium,120,71.8,59.8,2
WATCH-001483,2025-08-14T08:54:00,Spain,Thriller,TV,Standard,60,23.9,39.8,5
WATCH-001484,2025-01-28T10:41:00,Netherlands,Thriller,Phone,Basic,60,57.8,96.3,3
WATCH-001485,2025-07-28T13:34:00,Germany,Thriller,Laptop,Basic,30,21.7,72.3,4
WATCH-001486,2025-02-15T14:29:00,Spain,Comedy,Phone,Basic,30,14.3,47.7,2
WATCH-001487,2025-10-07T02:43:00,Sweden,Animation,TV,Premium,30,3.1,10.3,5
WATCH-001488,2025-11-18T07:08:00,Sweden,Animation,Tablet,Standard,90,60.8,67.6,3
WATCH-001489,2025-07-15T08:33:00,Netherlands,Comedy,Laptop,Standard,45,38.1,84.7,4
WATCH-001490,2025-12-04T18:30:00,France,Science fiction,Phone,Basic,45,23.8,52.9,1
WATCH-001491,2025-05-21T12:19:00,Germany,Thriller,Phone,Basic,30,3.8,12.7,2
WATCH-001492,2025-12-14T00:46:00,Italy,Animation,TV,Standard,120,59.0,49.2,2
WATCH-001493,2025-07-24T19:18:00,France,Science fiction,TV,Standard,120,34.8,29.0,5
WATCH-001494,2025-05-13T10:36:00,Spain,Science fiction,Tablet,Standard,30,19.3,64.3,1
WATCH-001495,2025-11-17T10:08:00,Germany,Thriller,,Premium,120,7.3,6.1,5
WATCH-001496,2025-08-24T17:37:00,Spain,Science fiction,TV,Standard,60,38.0,63.3,4
WATCH-001497,2025-01-08T12:51:00,Spain,Animation,TV,Premium,30,12.0,40.0,4
WATCH-001498,2025-02-18T08:23:00,Sweden,Science fiction,Phone,Standard,30,3.7,12.3,1
WATCH-001499,2025-11-03T22:36:00,Italy,Animation,Phone,Basic,30,4.5,15.0,4
WATCH-001500,2025-10-09T23:47:00,Sweden,Thriller,Phone,Standard,45,26.0,57.8,3
WATCH-001501,2025-07-03T05:01:00,Sweden,Comedy,Phone,Premium,45,15.7,34.9,4
WATCH-001502,2025-03-30T17:02:00,France,Thriller,TV,Premium,22,2.3,10.5,2
WATCH-001503,2025-10-06T19:02:00,Netherlands,Drama,Laptop,Standard,22,16.9,76.8,5
WATCH-001504,2025-12-05T03:52:00,Germany,Animation,Tablet,Premium,45,36.1,80.2,1
WATCH-001505,2025-01-03T13:52:00,France,Science fiction,Tablet,Standard,22,4.9,22.3,5
WATCH-001506,2025-10-12T04:33:00,Germany,Comedy,Laptop,Premium,120,63.2,52.7,4
WATCH-001507,2025-09-19T23:18:00,Italy,Drama,Phone,Standard,60,17.1,28.5,4
WATCH-001508,2025-10-23T07:15:00,Sweden,Documentary,TV,Basic,45,23.5,52.2,3
WATCH-001509,2025-05-28T17:40:00,Spain,Comedy,Tablet,Premium,60,34.6,57.7,5
WATCH-001510,2025-04-22T21:09:00,Sweden,Science fiction,TV,Basic,120,72.6,60.5,3
WATCH-001511,2025-11-13T12:33:00,Italy,Drama,Phone,Standard,30,16.3,54.3,1
WATCH-001512,2025-01-14T16:40:00,Italy,Science fiction,Tablet,Premium,90,29.2,32.4,1
WATCH-001513,2025-01-29T14:06:00,Italy,Thriller,TV,Basic,60,49.4,82.3,5
WATCH-001514,2025-08-24T05:19:00,Sweden,Drama,TV,Standard,45,24.4,54.2,5
WATCH-001515,2025-11-29T23:39:00,Sweden,Drama,Laptop,Standard,120,42.3,35.2,1
WATCH-001516,2025-08-02T10:16:00,Spain,Animation,Laptop,Premium,120,38.6,32.2,5
WATCH-001517,2025-04-06T02:33:00,Netherlands,Comedy,Phone,Premium,60,50.7,84.5,1
WATCH-001518,2025-11-25T02:30:00,Italy,Documentary,Tablet,Basic,22,14.2,,5
WATCH-001519,2025-07-16T09:17:00,Netherlands,Science fiction,TV,Premium,30,20.5,68.3,5
WATCH-001520,2025-12-26T05:22:00,Italy,Science fiction,TV,Premium,120,68.8,57.3,1
WATCH-001521,2025-04-27T03:20:00,Germany,Documentary,Laptop,Basic,45,28.0,62.2,2
WATCH-001522,2025-07-05T16:24:00,Sweden,Animation,Tablet,Standard,90,47.1,52.3,3
WATCH-001523,2025-05-02T09:15:00,Spain,Comedy,Laptop,Premium,22,7.7,35.0,3
WATCH-001524,2025-11-11T11:00:00,Italy,Thriller,Tablet,Standard,90,39.8,44.2,1
WATCH-001525,2025-03-29T17:06:00,Italy,Documentary,Phone,Standard,30,27.4,91.3,1
WATCH-001526,2025-12-31T00:47:00,Spain,Animation,Laptop,Premium,120,82.0,68.3,3
WATCH-001527,2025-09-06T16:00:00,Italy,Thriller,Tablet,Basic,60,15.9,26.5,1
WATCH-001528,2025-11-09T02:52:00,Spain,Documentary,Laptop,Basic,90,22.9,25.4,4
WATCH-001529,2025-11-02T17:31:00,Spain,Documentary,TV,Basic,30,10.3,34.3,3
WATCH-001530,2025-02-14T18:17:00,Sweden,Documentary,Tablet,Standard,90,69.5,77.2,3
WATCH-001531,2025-04-17T23:33:00,Spain,Drama,Laptop,Basic,120,86.0,71.7,1
WATCH-001532,2025-08-20T23:40:00,Spain,Comedy,Laptop,Basic,60,30.4,50.7,3
WATCH-001533,2025-03-08T16:42:00,Italy,Thriller,Laptop,Basic,90,88.9,98.8,1
WATCH-001534,2025-11-18T16:25:00,Netherlands,Animation,Phone,Standard,30,17.3,57.7,3
WATCH-001535,2025-03-03T00:49:00,France,Science fiction,Tablet,Premium,45,18.4,40.9,3
WATCH-001536,2025-09-11T16:07:00,Spain,Comedy,Phone,Basic,120,31.8,26.5,5
WATCH-001537,2025-04-01T01:31:00,France,Science fiction,Tablet,Basic,60,15.5,25.8,5
WATCH-001538,2025-06-20T18:36:00,Netherlands,Animation,Laptop,Basic,45,11.1,24.7,1
WATCH-001539,2025-12-28T02:22:00,Netherlands,Comedy,TV,Basic,30,2.6,8.7,4
WATCH-001540,2025-02-23T07:27:00,Germany,Comedy,TV,Basic,22,11.0,50.0,3
WATCH-001541,2025-08-20T13:28:00,France,Drama,Phone,Premium,30,25.9,86.3,5
WATCH-001542,2025-12-06T05:21:00,Italy,Documentary,Tablet,Standard,30,24.0,80.0,3
WATCH-001543,2025-07-28T23:38:00,Spain,Drama,Laptop,Basic,90,14.4,16.0,3
WATCH-001544,2025-08-01T09:07:00,Germany,Thriller,Tablet,Basic,45,10.7,23.8,3
WATCH-001545,2025-01-15T00:46:00,Italy,Animation,Tablet,Basic,90,74.0,82.2,5
WATCH-001546,2025-01-01T13:13:00,Netherlands,Thriller,TV,Premium,120,18.8,15.7,2
WATCH-001547,2025-06-29T03:39:00,Sweden,Animation,TV,Premium,90,83.3,92.6,2
WATCH-001548,2025-08-16T16:04:00,Germany,Comedy,Tablet,Basic,90,74.8,83.1,2
WATCH-001549,2025-12-26T03:38:00,Sweden,Comedy,Phone,Standard,30,13.1,43.7,5
WATCH-001550,2025-10-03T08:07:00,Sweden,Documentary,Laptop,Premium,120,12.4,10.3,4
WATCH-001551,2025-09-18T16:03:00,Sweden,Animation,TV,Standard,120,89.4,74.5,3
WATCH-001552,2025-09-22T22:26:00,France,Thriller,TV,Premium,120,38.2,31.8,5
WATCH-001553,2025-04-11T22:39:00,Germany,Documentary,Phone,Basic,22,1.4,6.4,3
WATCH-001554,2025-12-27T19:52:00,France,Comedy,TV,Premium,120,66.4,55.3,3
WATCH-001555,2025-01-07T14:14:00,Spain,Comedy,Laptop,Standard,30,6.6,,3
WATCH-001556,2025-07-08T02:09:00,Germany,Comedy,Tablet,Standard,30,14.3,47.7,5
WATCH-001557,2025-05-14T00:34:00,Spain,Science fiction,TV,Premium,22,1.5,6.8,1
WATCH-001558,2025-10-27T03:23:00,France,Animation,Laptop,Standard,90,41.9,46.6,2
WATCH-001559,2025-06-09T11:08:00,Netherlands,Thriller,Phone,Basic,22,7.7,35.0,1
WATCH-001560,2025-05-30T18:01:00,Sweden,Science fiction,TV,Standard,22,18.4,83.6,4
WATCH-001561,2025-10-22T17:37:00,Italy,Documentary,Phone,Premium,120,46.1,38.4,4
WATCH-001562,2025-04-11T11:48:00,France,Science fiction,Phone,Premium,45,17.5,38.9,2
WATCH-001563,2025-09-09T06:56:00,Italy,Comedy,Phone,Basic,90,24.8,27.6,5
WATCH-001564,2025-10-08T00:14:00,Netherlands,Thriller,Laptop,Premium,30,26.4,88.0,1
WATCH-001565,2025-07-16T07:30:00,Sweden,Drama,Laptop,Standard,22,5.4,24.5,1
WATCH-001566,2025-10-22T03:30:00,Sweden,Comedy,Laptop,Premium,45,24.1,53.6,3
WATCH-001567,2025-03-02T08:16:00,Germany,Documentary,Phone,Standard,45,20.6,45.8,1
WATCH-001568,2025-11-22T12:09:00,France,Animation,Tablet,Premium,22,18.6,84.5,3
WATCH-001569,2025-12-31T21:29:00,Spain,Drama,Laptop,Standard,120,37.3,31.1,2
WATCH-001570,2025-12-13T05:21:00,Spain,Comedy,Phone,Standard,60,18.6,31.0,2
WATCH-001571,2025-12-22T12:11:00,Germany,Comedy,Phone,Standard,22,21.4,97.3,4
WATCH-001572,2025-07-29T01:13:00,Sweden,Animation,TV,Premium,120,74.5,62.1,5
WATCH-001573,2025-06-17T06:05:00,Netherlands,Drama,Phone,Standard,30,22.4,74.7,1
WATCH-001574,2025-12-14T03:13:00,Italy,Comedy,Tablet,Basic,22,5.6,25.5,3
WATCH-001575,2025-03-20T01:04:00,Germany,Documentary,Phone,Basic,30,11.7,39.0,1
WATCH-001576,2025-08-01T07:36:00,France,Documentary,Laptop,Standard,90,17.7,19.7,3
WATCH-001577,2025-08-29T04:36:00,France,Thriller,TV,Standard,30,26.8,89.3,4
WATCH-001578,2025-05-19T19:21:00,France,Documentary,,Basic,60,50.6,84.3,3
WATCH-001579,2025-03-05T23:27:00,Netherlands,Thriller,Tablet,Basic,90,56.0,62.2,4
WATCH-001580,2025-09-16T06:08:00,Sweden,Thriller,Tablet,Basic,45,44.5,98.9,4
WATCH-001581,2025-06-14T22:06:00,France,Science fiction,Tablet,Premium,120,92.9,77.4,1
WATCH-001582,2025-07-08T01:47:00,Germany,Documentary,Tablet,Premium,120,42.1,35.1,5
WATCH-001583,2025-03-20T11:17:00,Italy,Thriller,TV,Basic,120,97.1,80.9,3
WATCH-001584,2025-05-06T12:15:00,Germany,Documentary,TV,Premium,30,28.2,94.0,4
WATCH-001585,2025-09-14T05:44:00,Spain,Drama,TV,Premium,60,33.0,55.0,3
WATCH-001586,2025-02-05T16:02:00,Italy,Comedy,Laptop,Basic,60,57.0,95.0,1
WATCH-001587,2025-08-27T10:27:00,Germany,Science fiction,Phone,Standard,120,17.4,14.5,4
WATCH-001588,2025-01-30T09:24:00,Sweden,Documentary,Tablet,Premium,22,8.0,36.4,5
WATCH-001589,2025-07-27T10:37:00,Netherlands,Comedy,TV,Standard,30,14.8,49.3,4
WATCH-001590,2025-09-29T09:33:00,Spain,Thriller,Tablet,Standard,22,13.0,59.1,2
WATCH-001591,2025-05-11T15:42:00,Sweden,Drama,Phone,Premium,60,10.7,17.8,5
WATCH-001592,2025-07-10T17:17:00,Netherlands,Documentary,Laptop,Premium,60,45.0,,3
WATCH-001593,2025-01-14T22:45:00,France,Documentary,Laptop,Standard,30,18.3,61.0,5
WATCH-001594,2025-12-20T11:32:00,Italy,Comedy,Tablet,Premium,120,108.8,90.7,1
WATCH-001595,2025-05-04T21:35:00,France,Comedy,Tablet,Basic,60,35.0,58.3,2
WATCH-001596,2025-01-01T08:03:00,Italy,Science fiction,Laptop,Premium,60,43.1,71.8,3
WATCH-001597,2025-07-03T20:30:00,Spain,Documentary,Phone,Basic,22,17.2,78.2,3
WATCH-001598,2025-07-11T05:36:00,Spain,Animation,Tablet,Premium,22,5.5,25.0,3
WATCH-001599,2025-02-07T02:11:00,Spain,Drama,Phone,Standard,22,5.6,25.5,3
WATCH-001600,2025-02-23T05:40:00,Germany,Thriller,Tablet,Basic,120,77.9,64.9,4
WATCH-001601,2025-07-08T19:20:00,France,Animation,Laptop,Premium,45,4.9,10.9,3
WATCH-001602,2025-12-17T21:25:00,France,Science fiction,Phone,Premium,30,2.3,7.7,1
WATCH-001603,2025-04-30T22:17:00,Italy,Science fiction,Laptop,Standard,90,71.5,79.4,1
WATCH-001604,2025-12-04T19:12:00,Italy,Drama,Laptop,Basic,60,36.9,61.5,3
WATCH-001605,2025-07-28T08:26:00,France,Documentary,Laptop,Premium,22,11.1,50.5,3
WATCH-001606,2025-01-29T00:20:00,Sweden,Science fiction,TV,Standard,90,61.6,68.4,1
WATCH-001607,2025-07-30T17:50:00,Netherlands,Comedy,Phone,Standard,22,19.6,89.1,4
WATCH-001608,2025-01-16T00:41:00,Sweden,Drama,Tablet,Premium,120,10.0,8.3,4
WATCH-001609,2025-04-18T18:16:00,Netherlands,Animation,Tablet,Basic,45,24.2,53.8,4
WATCH-001610,2025-06-01T13:28:00,Sweden,Documentary,Tablet,Standard,60,32.0,53.3,1
WATCH-001611,2025-06-06T23:08:00,France,Science fiction,Phone,Standard,90,12.5,13.9,2
WATCH-001612,2025-06-29T21:51:00,Italy,Drama,Tablet,Premium,60,8.5,14.2,2
WATCH-001613,2025-01-26T10:45:00,Italy,Documentary,Laptop,Premium,30,19.0,63.3,4
WATCH-001614,2025-11-19T01:23:00,Germany,Comedy,Phone,Premium,120,112.6,93.8,1
WATCH-001615,2025-01-23T11:33:00,Netherlands,Drama,Laptop,Standard,30,12.0,40.0,2
WATCH-001616,2025-09-18T23:09:00,Germany,Drama,TV,Standard,45,43.5,96.7,2
WATCH-001617,2025-01-08T17:12:00,Netherlands,Documentary,Tablet,Premium,60,45.6,76.0,2
WATCH-001618,2025-07-09T12:16:00,Spain,Thriller,Tablet,Premium,45,36.0,80.0,1
WATCH-001619,2025-10-03T20:29:00,Germany,Comedy,Laptop,Premium,30,19.0,63.3,3
WATCH-001620,2025-06-05T16:17:00,Italy,Animation,Tablet,Basic,90,39.1,43.4,2
WATCH-001621,2025-06-27T05:04:00,Sweden,Drama,Laptop,Basic,30,1.6,5.3,1
WATCH-001622,2025-01-29T08:15:00,Spain,Science fiction,TV,Premium,45,23.9,53.1,1
WATCH-001623,2025-07-28T15:30:00,Sweden,Thriller,Tablet,Standard,120,32.2,26.8,4
WATCH-001624,2025-02-15T01:23:00,France,Drama,Phone,Basic,60,53.7,89.5,3
WATCH-001625,2025-02-05T04:12:00,Netherlands,Drama,TV,Basic,45,23.2,51.6,4
WATCH-001626,2025-04-29T20:55:00,France,Thriller,Tablet,Basic,30,2.5,8.3,5
WATCH-001627,2025-09-30T10:44:00,Italy,Documentary,Phone,Basic,45,18.8,41.8,4
WATCH-001628,2025-02-19T14:01:00,Spain,Comedy,TV,Standard,90,36.8,40.9,2
WATCH-001629,2025-01-28T16:47:00,Netherlands,Science fiction,Laptop,Premium,60,12.4,,4
WATCH-001630,2025-11-06T00:16:00,Italy,Animation,Phone,Standard,60,40.8,68.0,4
WATCH-001631,2025-09-03T18:46:00,Sweden,Comedy,Laptop,Standard,60,5.6,9.3,3
WATCH-001632,2025-11-02T02:08:00,Netherlands,Comedy,Laptop,Premium,22,19.6,89.1,4
WATCH-001633,2025-10-10T22:05:00,France,Animation,Phone,Standard,60,51.6,86.0,2
WATCH-001634,2025-01-10T12:36:00,France,Comedy,Tablet,Premium,22,13.6,61.8,1
WATCH-001635,2025-01-09T08:56:00,France,Science fiction,Tablet,Basic,60,54.8,91.3,5
WATCH-001636,2025-01-02T21:28:00,Italy,Science fiction,Tablet,Basic,120,36.4,30.3,2
WATCH-001637,2025-07-26T02:58:00,Germany,Drama,Laptop,Basic,120,119.3,99.4,1
WATCH-001638,2025-06-06T05:43:00,Germany,Animation,Tablet,Standard,60,53.8,89.7,4
WATCH-001639,2025-07-02T19:22:00,Netherlands,Thriller,Laptop,Premium,120,116.8,97.3,3
WATCH-001640,2025-09-25T07:20:00,Spain,Drama,Phone,Basic,90,22.4,24.9,3
WATCH-001641,2025-09-12T07:46:00,Germany,Drama,Tablet,Basic,60,21.1,35.2,5
WATCH-001642,2025-01-11T18:41:00,Germany,Documentary,TV,Premium,22,5.7,25.9,1
WATCH-001643,2025-09-10T04:46:00,Germany,Animation,Laptop,Premium,60,7.5,12.5,5
WATCH-001644,2025-06-27T21:44:00,Netherlands,Thriller,Phone,Basic,45,40.2,89.3,1
WATCH-001645,2025-10-19T16:36:00,Italy,Drama,Laptop,Standard,90,34.0,37.8,4
WATCH-001646,2025-07-30T08:20:00,Germany,Animation,Laptop,Premium,120,6.3,5.2,2
WATCH-001647,2025-10-23T02:14:00,France,Science fiction,Laptop,Premium,120,35.4,29.5,4
WATCH-001648,2025-02-10T18:03:00,France,Documentary,Phone,Basic,120,89.6,74.7,3
WATCH-001649,2025-06-10T10:21:00,France,Drama,Tablet,Basic,45,25.0,55.6,3
WATCH-001650,2025-02-06T07:35:00,Sweden,Thriller,Phone,Basic,22,5.2,23.6,3
WATCH-001651,2025-08-14T04:45:00,Netherlands,Documentary,Phone,Standard,90,63.2,70.2,4
WATCH-001652,2025-07-04T16:26:00,Netherlands,Thriller,TV,Basic,45,8.9,19.8,3
WATCH-001653,2025-10-05T02:50:00,Italy,Animation,TV,Standard,22,20.1,91.4,4
WATCH-001654,2025-03-17T17:40:00,Germany,Thriller,Laptop,Basic,22,7.5,34.1,5
WATCH-001655,2025-07-12T00:25:00,Netherlands,Science fiction,Tablet,Standard,60,44.7,74.5,4
WATCH-001656,2025-10-15T02:11:00,Italy,Documentary,Tablet,Basic,22,7.1,32.3,4
WATCH-001657,2025-10-05T00:48:00,Spain,Comedy,Phone,Premium,90,24.2,26.9,4
WATCH-001658,2025-02-17T11:48:00,Italy,Animation,Phone,Standard,22,12.6,57.3,2
WATCH-001659,2025-08-18T10:03:00,Italy,Drama,Tablet,Standard,120,59.2,49.3,4
WATCH-001660,2025-05-26T12:28:00,Italy,Drama,Phone,Standard,60,42.4,70.7,5
WATCH-001661,2025-12-18T04:34:00,Sweden,Drama,,Basic,30,24.6,82.0,5
WATCH-001662,2025-12-02T07:43:00,Italy,Documentary,TV,Basic,22,4.0,18.2,4
WATCH-001663,2025-06-03T21:15:00,Sweden,Science fiction,Phone,Basic,22,8.9,40.5,1
WATCH-001664,2025-07-08T14:55:00,Germany,Documentary,Laptop,Standard,120,108.8,90.7,5
WATCH-001665,2025-09-09T21:16:00,Sweden,Drama,TV,Basic,22,20.8,94.5,2
WATCH-001666,2025-04-29T19:09:00,Netherlands,Thriller,Laptop,Standard,30,7.7,,5
WATCH-001667,2025-12-04T06:05:00,Italy,Documentary,Tablet,Standard,90,75.5,83.9,1
WATCH-001668,2025-11-23T02:09:00,Sweden,Drama,Phone,Premium,60,44.7,74.5,3
WATCH-001669,2025-11-26T07:00:00,Italy,Thriller,Phone,Standard,120,43.2,36.0,4
WATCH-001670,2025-06-08T19:21:00,Sweden,Science fiction,Tablet,Basic,120,95.2,79.3,4
WATCH-001671,2025-12-01T00:30:00,Germany,Animation,TV,Basic,45,24.1,53.6,2
WATCH-001672,2025-02-26T14:29:00,Germany,Animation,Tablet,Standard,60,6.5,10.8,3
WATCH-001673,2025-04-15T04:39:00,Sweden,Documentary,Laptop,Standard,60,30.0,50.0,4
WATCH-001674,2025-01-02T06:17:00,Spain,Animation,Phone,Standard,60,49.5,82.5,2
WATCH-001675,2025-09-06T07:17:00,Spain,Science fiction,Laptop,Standard,60,14.6,24.3,3
WATCH-001676,2025-08-23T01:23:00,Sweden,Drama,TV,Premium,45,19.7,43.8,2
WATCH-001677,2025-02-24T21:06:00,Sweden,Thriller,Phone,Premium,45,36.1,80.2,1
WATCH-001678,2025-10-27T06:12:00,Spain,Comedy,Laptop,Basic,22,3.6,16.4,4
WATCH-001679,2025-07-27T13:25:00,Netherlands,Science fiction,Tablet,Premium,22,4.0,18.2,1
WATCH-001680,2025-11-07T06:53:00,Netherlands,Science fiction,Phone,Basic,120,91.3,76.1,1
WATCH-001681,2025-06-14T19:56:00,France,Animation,Phone,Basic,22,5.4,24.5,1
WATCH-001682,2025-09-20T18:28:00,Netherlands,Drama,TV,Premium,45,28.1,62.4,1
WATCH-001683,2025-05-03T21:16:00,Italy,Comedy,TV,Basic,120,98.6,82.2,2
WATCH-001684,2025-09-17T02:30:00,Netherlands,Drama,TV,Standard,30,21.8,72.7,2
WATCH-001685,2025-08-05T14:08:00,Netherlands,Animation,Tablet,Basic,30,28.4,94.7,1
WATCH-001686,2025-10-04T10:27:00,Italy,Documentary,Tablet,Premium,30,1.5,5.0,4
WATCH-001687,2025-11-28T13:59:00,Sweden,Science fiction,Laptop,Premium,90,66.3,73.7,2
WATCH-001688,2025-02-06T21:27:00,Germany,Documentary,Tablet,Basic,90,57.7,64.1,4
WATCH-001689,2025-04-20T16:21:00,Netherlands,Science fiction,Tablet,Premium,90,24.9,27.7,4
WATCH-001690,2025-12-03T12:15:00,Spain,Animation,TV,Basic,90,68.0,75.6,5
WATCH-001691,2025-06-01T07:18:00,Sweden,Thriller,Phone,Standard,120,68.6,57.2,4
WATCH-001692,2025-01-05T04:04:00,Italy,Documentary,TV,Premium,90,50.5,56.1,4
WATCH-001693,2025-02-05T15:47:00,Italy,Science fiction,TV,Standard,60,24.5,40.8,2
WATCH-001694,2025-03-21T13:39:00,France,Documentary,Laptop,Premium,45,29.2,64.9,5
WATCH-001695,2025-04-30T14:52:00,Italy,Animation,Phone,Basic,30,22.4,74.7,2
WATCH-001696,2025-02-12T09:15:00,Sweden,Drama,TV,Basic,30,3.5,11.7,2
WATCH-001697,2025-07-05T08:11:00,France,Documentary,Laptop,Premium,45,44.0,97.8,3
WATCH-001698,2025-07-09T04:18:00,Netherlands,Comedy,TV,Standard,90,13.3,14.8,3
WATCH-001699,2025-10-24T15:30:00,Netherlands,Drama,Tablet,Standard,30,20.1,67.0,1
WATCH-001700,2025-01-17T23:03:00,France,Science fiction,TV,Basic,30,2.2,7.3,4
WATCH-001701,2025-07-10T22:15:00,France,Drama,TV,Basic,22,7.8,35.5,4
WATCH-001702,2025-05-02T15:30:00,Netherlands,Animation,Laptop,Basic,120,109.6,91.3,1
WATCH-001703,2025-12-03T03:02:00,Germany,Drama,Laptop,Premium,30,28.3,,1
WATCH-001704,2025-11-01T14:57:00,Germany,Science fiction,Laptop,Standard,90,86.5,96.1,4
WATCH-001705,2025-10-08T17:25:00,Spain,Science fiction,Phone,Premium,45,20.0,44.4,2
WATCH-001706,2025-05-16T11:51:00,France,Documentary,Laptop,Premium,90,55.1,61.2,3
WATCH-001707,2025-04-23T16:44:00,Netherlands,Documentary,TV,Standard,45,33.8,75.1,3
WATCH-001708,2025-02-28T23:43:00,Italy,Animation,TV,Basic,30,5.0,16.7,4
WATCH-001709,2025-04-16T09:20:00,Sweden,Drama,TV,Standard,60,30.3,50.5,1
WATCH-001710,2025-09-15T06:05:00,Spain,Thriller,Laptop,Basic,22,12.8,58.2,3
WATCH-001711,2025-04-29T19:53:00,Italy,Drama,Tablet,Basic,120,14.0,11.7,1
WATCH-001712,2025-05-15T16:40:00,Netherlands,Drama,TV,Standard,45,31.6,70.2,5
WATCH-001713,2025-06-26T05:32:00,Sweden,Documentary,TV,Basic,22,14.6,66.4,3
WATCH-001714,2025-10-04T04:04:00,Netherlands,Thriller,Laptop,Basic,22,21.2,96.4,2
WATCH-001715,2025-01-27T05:18:00,Spain,Documentary,TV,Basic,60,28.4,47.3,3
WATCH-001716,2025-05-30T16:59:00,Spain,Comedy,Phone,Standard,90,58.4,64.9,2
WATCH-001717,2025-12-11T13:20:00,Italy,Comedy,Phone,Basic,90,25.9,28.8,2
WATCH-001718,2025-04-26T15:07:00,France,Drama,TV,Premium,45,43.4,96.4,5
WATCH-001719,2025-04-03T03:17:00,Italy,Science fiction,Laptop,Standard,22,10.9,49.5,4
WATCH-001720,2025-10-15T03:22:00,Spain,Animation,Tablet,Standard,90,40.6,45.1,2
WATCH-001721,2025-09-16T20:23:00,Germany,Thriller,Phone,Premium,120,117.6,98.0,5
WATCH-001722,2025-03-06T08:53:00,Spain,Comedy,Tablet,Standard,45,35.5,78.9,2
WATCH-001723,2025-06-02T14:12:00,Spain,Drama,Phone,Premium,120,118.9,99.1,2
WATCH-001724,2025-11-02T00:03:00,France,Science fiction,Tablet,Premium,22,18.6,84.5,5
WATCH-001725,2025-01-23T10:49:00,France,Science fiction,TV,Basic,90,52.4,58.2,1
WATCH-001726,2025-07-31T10:32:00,France,Science fiction,Phone,Premium,90,35.6,39.6,4
WATCH-001727,2025-09-11T07:17:00,Germany,Documentary,Tablet,Basic,60,57.2,95.3,3
WATCH-001728,2025-01-20T07:40:00,Sweden,Science fiction,Phone,Standard,22,19.6,89.1,3
WATCH-001729,2025-01-08T23:30:00,Spain,Documentary,Tablet,Basic,60,57.4,95.7,1
WATCH-001730,2025-03-21T04:35:00,Netherlands,Thriller,Phone,Standard,90,17.4,19.3,1
WATCH-001731,2025-08-14T02:44:00,Spain,Animation,Phone,Basic,90,43.1,47.9,3
WATCH-001732,2025-03-16T04:46:00,Italy,Comedy,Tablet,Premium,30,23.5,78.3,3
WATCH-001733,2025-01-12T18:56:00,France,Drama,Tablet,Standard,60,24.7,41.2,3
WATCH-001734,2025-04-23T05:16:00,Germany,Documentary,Phone,Basic,120,100.4,83.7,4
WATCH-001735,2025-06-07T08:08:00,Germany,Documentary,Laptop,Premium,30,26.1,87.0,2
WATCH-001736,2025-12-07T13:19:00,Sweden,Comedy,TV,Basic,30,25.6,85.3,3
WATCH-001737,2025-02-27T22:52:00,Spain,Comedy,TV,Basic,120,84.1,70.1,5
WATCH-001738,2025-09-06T11:07:00,Sweden,Comedy,Phone,Standard,30,17.3,57.7,4
WATCH-001739,2025-11-27T06:54:00,Sweden,Drama,Laptop,Basic,22,10.8,49.1,3
WATCH-001740,2025-10-14T15:49:00,France,Drama,Laptop,Premium,60,52.0,,3
WATCH-001741,2025-07-19T05:30:00,Netherlands,Drama,Tablet,Basic,90,62.1,69.0,5
WATCH-001742,2025-01-15T08:00:00,France,Comedy,Laptop,Standard,45,3.6,8.0,5
WATCH-001743,2025-04-01T19:04:00,Sweden,Thriller,TV,Basic,60,13.0,21.7,1
WATCH-001744,2025-01-04T15:49:00,Sweden,Science fiction,,Standard,30,11.9,39.7,3
WATCH-001745,2025-09-23T16:26:00,Spain,Drama,Tablet,Basic,22,14.4,65.5,2
WATCH-001746,2025-05-31T13:55:00,France,Drama,TV,Basic,120,51.1,42.6,2
WATCH-001747,2025-01-16T01:32:00,Netherlands,Documentary,Phone,Basic,60,44.4,74.0,3
WATCH-001748,2025-12-31T17:55:00,France,Comedy,TV,Premium,120,91.6,76.3,2
WATCH-001749,2025-02-23T10:03:00,Germany,Comedy,Phone,Premium,30,27.3,91.0,5
WATCH-001750,2025-12-18T21:19:00,Spain,Animation,TV,Basic,30,28.6,95.3,4
WATCH-001751,2025-09-25T09:53:00,Spain,Animation,Phone,Standard,120,27.3,22.8,4
WATCH-001752,2025-06-23T03:35:00,Netherlands,Drama,Tablet,Basic,30,19.1,63.7,5
WATCH-001753,2025-01-21T11:36:00,Sweden,Animation,Tablet,Standard,90,80.7,89.7,4
WATCH-001754,2025-08-30T20:42:00,Sweden,Drama,Tablet,Basic,45,23.8,52.9,1
WATCH-001755,2025-02-18T09:05:00,Germany,Thriller,Phone,Standard,120,112.9,94.1,4
WATCH-001756,2025-06-29T01:49:00,Sweden,Documentary,TV,Basic,90,20.7,23.0,5
WATCH-001757,2025-02-21T12:43:00,Netherlands,Drama,Laptop,Basic,60,45.4,75.7,5
WATCH-001758,2025-03-18T14:46:00,Germany,Animation,Laptop,Basic,90,58.6,65.1,1
WATCH-001759,2025-01-06T17:36:00,Italy,Documentary,TV,Premium,30,13.8,46.0,4
WATCH-001760,2025-02-02T22:45:00,Sweden,Drama,Laptop,Basic,120,86.5,72.1,2
WATCH-001761,2025-09-07T21:11:00,Spain,Documentary,Phone,Standard,30,7.0,23.3,1
WATCH-001762,2025-06-18T17:03:00,France,Drama,TV,Premium,30,2.8,9.3,3
WATCH-001763,2025-05-13T11:49:00,Spain,Drama,TV,Standard,22,19.6,89.1,1
WATCH-001764,2025-11-10T03:41:00,Netherlands,Documentary,Phone,Premium,30,30.0,100.0,2
WATCH-001765,2025-01-22T06:08:00,Sweden,Documentary,Laptop,Standard,60,51.4,85.7,1
WATCH-001766,2025-03-01T07:10:00,Italy,Thriller,Phone,Basic,30,17.9,59.7,5
WATCH-001767,2025-07-17T20:49:00,Italy,Documentary,TV,Premium,22,12.9,58.6,3
WATCH-001768,2025-04-23T15:52:00,Netherlands,Drama,Tablet,Premium,45,22.3,49.6,5
WATCH-001769,2025-06-20T00:54:00,Spain,Thriller,Laptop,Premium,90,84.0,93.3,3
WATCH-001770,2025-02-16T23:17:00,Spain,Comedy,Tablet,Premium,120,106.5,88.8,1
WATCH-001771,2025-06-01T22:58:00,Germany,Science fiction,TV,Standard,30,3.4,11.3,1
WATCH-001772,2025-02-06T06:05:00,Germany,Drama,Laptop,Basic,22,18.1,82.3,1
WATCH-001773,2025-05-03T16:01:00,Germany,Drama,Phone,Standard,45,9.4,20.9,4
WATCH-001774,2025-07-11T08:06:00,Italy,Drama,Phone,Standard,22,10.6,48.2,3
WATCH-001775,2025-08-20T11:20:00,Germany,Drama,Tablet,Standard,90,82.5,91.7,3
WATCH-001776,2025-01-25T18:57:00,Germany,Documentary,Tablet,Premium,60,35.2,58.7,3
WATCH-001777,2025-12-03T20:42:00,Spain,Comedy,Laptop,Basic,22,11.6,,5
WATCH-001778,2025-07-02T08:06:00,Spain,Comedy,TV,Basic,120,33.8,28.2,4
WATCH-001779,2025-02-03T04:29:00,Netherlands,Animation,Laptop,Basic,30,2.0,6.7,5
WATCH-001780,2025-11-14T10:03:00,France,Science fiction,Tablet,Standard,30,22.9,76.3,2
WATCH-001781,2025-09-12T23:14:00,Netherlands,Science fiction,Tablet,Premium,60,26.9,44.8,2
WATCH-001782,2025-04-09T11:41:00,Italy,Thriller,TV,Premium,45,29.2,64.9,5
WATCH-001783,2025-08-19T03:42:00,Germany,Documentary,Phone,Standard,120,73.4,61.2,4
WATCH-001784,2025-09-04T12:44:00,France,Science fiction,Phone,Standard,22,20.8,94.5,4
WATCH-001785,2025-10-20T09:31:00,Sweden,Comedy,TV,Premium,45,29.5,65.6,4
WATCH-001786,2025-10-15T14:35:00,France,Comedy,Tablet,Standard,22,5.7,25.9,1
WATCH-001787,2025-04-15T12:11:00,Netherlands,Animation,Laptop,Premium,45,3.5,7.8,3
WATCH-001788,2025-10-11T18:32:00,Italy,Science fiction,TV,Basic,60,17.4,29.0,5
WATCH-001789,2025-08-08T20:26:00,Germany,Science fiction,Tablet,Premium,60,49.6,82.7,4
WATCH-001790,2025-09-11T21:16:00,Italy,Documentary,TV,Premium,90,52.2,58.0,5
WATCH-001791,2025-03-14T20:21:00,Netherlands,Animation,TV,Premium,45,40.3,89.6,4
WATCH-001792,2025-04-14T23:55:00,Spain,Thriller,TV,Premium,120,90.1,75.1,1
WATCH-001793,2025-07-27T19:58:00,Italy,Thriller,Tablet,Standard,22,18.5,84.1,2
WATCH-001794,2025-05-24T08:38:00,Spain,Science fiction,Laptop,Standard,30,8.8,29.3,1
WATCH-001795,2025-02-02T18:25:00,Germany,Documentary,Tablet,Standard,120,101.2,84.3,2
WATCH-001796,2025-04-19T20:05:00,Italy,Comedy,Tablet,Premium,90,27.4,30.4,2
WATCH-001797,2025-03-21T08:26:00,Sweden,Comedy,Phone,Standard,22,2.5,11.4,2
WATCH-001798,2025-09-05T15:19:00,Germany,Drama,Phone,Standard,45,44.1,98.0,3
WATCH-001799,2025-12-28T13:31:00,France,Thriller,Laptop,Premium,45,30.9,68.7,1
WATCH-001800,2025-03-31T15:47:00,Sweden,Animation,Phone,Basic,120,17.2,14.3,3
WATCH-001801,2025-05-22T10:22:00,Italy,Drama,Laptop,Premium,30,29.5,98.3,2
WATCH-001802,2025-06-22T22:47:00,France,Documentary,Laptop,Basic,22,14.3,65.0,5
WATCH-001803,2025-01-12T20:16:00,Netherlands,Comedy,Tablet,Standard,30,17.2,57.3,2
WATCH-001804,2025-11-30T19:13:00,Sweden,Thriller,TV,Premium,30,20.2,67.3,5
WATCH-001805,2025-05-31T14:40:00,Netherlands,Thriller,Laptop,Basic,60,33.3,55.5,5
WATCH-001806,2025-04-01T21:59:00,Sweden,Science fiction,TV,Premium,22,4.8,21.8,4
WATCH-001807,2025-12-30T19:49:00,Sweden,Documentary,TV,Standard,120,65.1,54.2,4
WATCH-001808,2025-04-10T23:48:00,Spain,Science fiction,TV,Standard,120,88.4,73.7,1
WATCH-001809,2025-02-09T20:54:00,Netherlands,Animation,Phone,Basic,45,32.7,72.7,2
WATCH-001810,2025-07-12T13:52:00,Spain,Comedy,TV,Standard,45,11.5,25.6,1
WATCH-001811,2025-08-31T20:18:00,Sweden,Science fiction,Laptop,Standard,22,9.5,43.2,4
WATCH-001812,2025-04-14T05:22:00,Sweden,Thriller,Laptop,Premium,30,2.9,9.7,2
WATCH-001813,2025-02-11T15:22:00,Sweden,Animation,Tablet,Premium,30,6.3,21.0,5
WATCH-001814,2025-06-14T05:16:00,Spain,Science fiction,TV,Standard,22,14.1,,2
WATCH-001815,2025-12-11T06:59:00,France,Drama,Tablet,Premium,120,96.6,80.5,2
WATCH-001816,2025-08-21T12:27:00,Germany,Comedy,Laptop,Basic,60,9.5,15.8,5
WATCH-001817,2025-07-07T20:05:00,France,Comedy,Phone,Premium,45,4.7,10.4,2
WATCH-001818,2025-06-22T06:24:00,Netherlands,Comedy,Laptop,Standard,60,47.4,79.0,1
WATCH-001819,2025-03-31T20:54:00,Spain,Drama,TV,Standard,22,18.3,83.2,4
WATCH-001820,2025-10-03T12:30:00,France,Comedy,TV,Premium,45,28.6,63.6,5
WATCH-001821,2025-02-13T21:39:00,Sweden,Comedy,Tablet,Premium,45,4.5,10.0,3
WATCH-001822,2025-10-02T04:32:00,Netherlands,Drama,TV,Premium,90,33.8,37.6,3
WATCH-001823,2025-12-20T14:43:00,Netherlands,Thriller,Phone,Basic,60,17.8,29.7,3
WATCH-001824,2025-02-11T18:42:00,Italy,Animation,Phone,Standard,30,27.0,90.0,1
WATCH-001825,2025-08-12T19:51:00,Netherlands,Documentary,Phone,Standard,30,14.0,46.7,5
WATCH-001826,2025-01-20T06:47:00,France,Documentary,Laptop,Basic,120,18.4,15.3,5
WATCH-001827,2025-12-28T00:54:00,France,Comedy,,Basic,22,7.6,34.5,5
WATCH-001828,2025-04-15T16:19:00,Germany,Comedy,Tablet,Standard,22,20.4,92.7,2
WATCH-001829,2025-10-19T04:46:00,Spain,Animation,TV,Standard,45,40.1,89.1,1
WATCH-001830,2025-04-03T22:20:00,Netherlands,Animation,Laptop,Premium,30,5.3,17.7,2
WATCH-001831,2025-10-05T13:10:00,Germany,Drama,Laptop,Premium,22,12.2,55.5,3
WATCH-001832,2025-03-03T09:03:00,Netherlands,Documentary,Phone,Standard,45,14.9,33.1,1
WATCH-001833,2025-06-16T17:12:00,France,Thriller,Laptop,Basic,45,10.9,24.2,5
WATCH-001834,2025-06-01T08:50:00,France,Drama,Laptop,Standard,45,16.1,35.8,1
WATCH-001835,2025-12-27T06:31:00,France,Documentary,Phone,Standard,45,4.3,9.6,2
WATCH-001836,2025-11-09T14:44:00,Italy,Comedy,TV,Premium,90,20.9,23.2,2
WATCH-001837,2025-10-16T12:25:00,Sweden,Drama,TV,Standard,45,8.7,19.3,4
WATCH-001838,2025-05-27T05:11:00,Italy,Comedy,Phone,Standard,30,9.8,32.7,3
WATCH-001839,2025-06-14T08:14:00,Netherlands,Drama,Tablet,Basic,90,34.6,38.4,1
WATCH-001840,2025-10-05T06:12:00,Netherlands,Documentary,TV,Premium,60,17.1,28.5,1
WATCH-001841,2025-08-31T14:55:00,Spain,Science fiction,Laptop,Premium,90,58.7,65.2,3
WATCH-001842,2025-02-03T19:28:00,Netherlands,Science fiction,Laptop,Standard,30,9.0,30.0,3
WATCH-001843,2025-08-23T06:23:00,Spain,Comedy,Tablet,Basic,120,20.3,16.9,3
WATCH-001844,2025-02-24T23:05:00,France,Science fiction,Tablet,Standard,60,16.9,28.2,2
WATCH-001845,2025-10-18T01:09:00,Spain,Animation,Laptop,Premium,120,94.9,79.1,2
WATCH-001846,2025-05-26T15:22:00,Germany,Animation,Phone,Basic,22,12.1,55.0,3
WATCH-001847,2025-09-23T07:30:00,Netherlands,Documentary,Phone,Standard,60,59.5,99.2,2
WATCH-001848,2025-12-16T23:55:00,Italy,Thriller,Phone,Basic,120,30.7,25.6,2
WATCH-001849,2025-09-26T10:09:00,Sweden,Thriller,Laptop,Standard,45,26.9,59.8,3
WATCH-001850,2025-08-13T23:48:00,France,Thriller,TV,Standard,30,16.9,56.3,2
WATCH-001851,2025-06-16T17:35:00,Germany,Animation,Tablet,Basic,60,22.4,,1
WATCH-001852,2025-09-22T11:12:00,Netherlands,Comedy,Phone,Standard,90,29.1,32.3,4
WATCH-001853,2025-01-15T03:17:00,Spain,Comedy,Laptop,Standard,22,12.5,56.8,4
WATCH-001854,2025-09-17T22:44:00,Italy,Animation,Laptop,Standard,22,17.7,80.5,1
WATCH-001855,2025-01-15T06:03:00,France,Comedy,Phone,Standard,120,102.5,85.4,3
WATCH-001856,2025-09-16T07:53:00,Sweden,Drama,TV,Premium,90,84.8,94.2,5
WATCH-001857,2025-09-14T03:20:00,Sweden,Thriller,Tablet,Basic,22,10.0,45.5,4
WATCH-001858,2025-07-18T16:39:00,France,Comedy,Laptop,Standard,30,18.0,60.0,2
WATCH-001859,2025-08-08T09:33:00,Italy,Thriller,TV,Standard,30,27.5,91.7,1
WATCH-001860,2025-12-23T08:25:00,Spain,Thriller,TV,Premium,60,43.2,72.0,3
WATCH-001861,2025-06-18T11:10:00,Spain,Drama,Laptop,Basic,45,28.2,62.7,1
WATCH-001862,2025-03-20T08:19:00,Netherlands,Comedy,Tablet,Basic,120,116.3,96.9,5
WATCH-001863,2025-03-11T21:22:00,Germany,Drama,Phone,Basic,120,103.0,85.8,2
WATCH-001864,2025-04-14T16:52:00,Italy,Animation,Tablet,Premium,30,19.0,63.3,5
WATCH-001865,2025-01-08T18:55:00,Spain,Comedy,TV,Standard,22,14.9,67.7,2
WATCH-001866,2025-07-02T21:11:00,Sweden,Comedy,Tablet,Premium,30,18.0,60.0,5
WATCH-001867,2025-02-13T09:50:00,Italy,Drama,Laptop,Standard,120,11.0,9.2,4
WATCH-001868,2025-05-28T06:09:00,Germany,Documentary,TV,Basic,90,19.9,22.1,5
WATCH-001869,2025-05-05T02:34:00,Germany,Drama,Laptop,Premium,120,47.5,39.6,4
WATCH-001870,2025-11-07T13:14:00,Sweden,Animation,Laptop,Premium,120,55.3,46.1,3
WATCH-001871,2025-09-19T16:52:00,Netherlands,Drama,TV,Standard,120,58.6,48.8,3
WATCH-001872,2025-12-20T19:13:00,Italy,Documentary,Tablet,Premium,22,20.7,94.1,2
WATCH-001873,2025-04-29T01:42:00,Netherlands,Thriller,TV,Basic,30,11.3,37.7,3
WATCH-001874,2025-01-31T03:22:00,Sweden,Animation,Laptop,Standard,30,28.3,94.3,1
WATCH-001875,2025-08-06T20:35:00,Italy,Comedy,Tablet,Standard,22,16.2,73.6,3
WATCH-001876,2025-06-13T02:36:00,Spain,Animation,Tablet,Basic,60,6.3,10.5,2
WATCH-001877,2025-12-25T10:08:00,Italy,Comedy,Phone,Basic,120,12.9,10.8,5
WATCH-001878,2025-06-25T07:51:00,Spain,Comedy,Laptop,Standard,45,5.4,12.0,5
WATCH-001879,2025-12-03T05:28:00,Netherlands,Drama,Tablet,Basic,90,82.2,91.3,3
WATCH-001880,2025-06-15T17:26:00,Sweden,Thriller,Laptop,Basic,30,29.2,97.3,5
WATCH-001881,2025-01-31T17:22:00,Italy,Comedy,Laptop,Standard,60,58.7,97.8,3
WATCH-001882,2025-08-04T09:21:00,Spain,Science fiction,Tablet,Premium,45,42.5,94.4,1
WATCH-001883,2025-10-02T23:46:00,Netherlands,Science fiction,Phone,Standard,90,11.7,13.0,5
WATCH-001884,2025-10-12T22:24:00,Spain,Documentary,Laptop,Premium,90,19.5,21.7,2
WATCH-001885,2025-02-10T04:31:00,Germany,Thriller,Laptop,Basic,90,4.7,5.2,3
WATCH-001886,2025-04-27T03:15:00,Sweden,Comedy,Laptop,Standard,60,39.0,65.0,3
WATCH-001887,2025-12-02T19:11:00,France,Science fiction,Tablet,Basic,22,17.2,78.2,3
WATCH-001888,2025-10-05T12:06:00,Italy,Science fiction,TV,Standard,45,42.5,,2
WATCH-001889,2025-05-02T09:03:00,France,Documentary,Phone,Premium,45,17.7,39.3,2
WATCH-001890,2025-11-28T02:08:00,Sweden,Drama,TV,Standard,60,28.0,46.7,2
WATCH-001891,2025-06-20T09:11:00,Sweden,Drama,Tablet,Standard,60,53.9,89.8,2
WATCH-001892,2025-09-18T14:23:00,Sweden,Documentary,Phone,Standard,45,6.4,14.2,3
WATCH-001893,2025-09-24T14:53:00,Sweden,Documentary,Tablet,Basic,120,69.0,57.5,1
WATCH-001894,2025-08-06T16:05:00,France,Drama,TV,Standard,90,33.1,36.8,5
WATCH-001895,2025-09-28T18:44:00,Sweden,Animation,Phone,Premium,60,33.6,56.0,1
WATCH-001896,2025-09-12T05:36:00,Sweden,Thriller,Phone,Premium,120,56.5,47.1,5
WATCH-001897,2025-08-15T06:43:00,France,Thriller,Phone,Premium,30,29.3,97.7,3
WATCH-001898,2025-03-19T17:44:00,Netherlands,Documentary,Phone,Premium,60,45.5,75.8,5
WATCH-001899,2025-02-04T21:19:00,Germany,Drama,Tablet,Basic,22,15.1,68.6,3
WATCH-001900,2025-01-23T13:17:00,Germany,Animation,Tablet,Basic,120,70.5,58.8,5
WATCH-001901,2025-02-23T21:56:00,Spain,Documentary,Laptop,Basic,45,21.8,48.4,3
WATCH-001902,2025-08-29T17:08:00,Germany,Documentary,TV,Standard,90,38.9,43.2,5
WATCH-001903,2025-04-14T18:32:00,Spain,Documentary,Phone,Premium,30,18.1,60.3,5
WATCH-001904,2025-10-29T02:27:00,Germany,Thriller,Laptop,Basic,22,11.4,51.8,5
WATCH-001905,2025-07-10T19:55:00,Spain,Drama,Phone,Premium,45,20.2,44.9,4
WATCH-001906,2025-04-21T17:49:00,France,Thriller,Laptop,Basic,120,50.5,42.1,4
WATCH-001907,2025-09-24T19:48:00,Spain,Comedy,Laptop,Standard,22,18.7,85.0,2
WATCH-001908,2025-10-15T18:09:00,France,Animation,TV,Premium,90,81.3,90.3,3
WATCH-001909,2025-05-28T16:37:00,France,Comedy,Laptop,Standard,45,16.8,37.3,3
WATCH-001910,2025-02-28T21:47:00,Sweden,Drama,,Premium,60,11.5,19.2,2
WATCH-001911,2025-07-14T15:59:00,Sweden,Documentary,TV,Standard,90,29.5,32.8,2
WATCH-001912,2025-03-25T18:23:00,Germany,Animation,Laptop,Basic,60,42.5,70.8,5
WATCH-001913,2025-11-01T17:45:00,Sweden,Comedy,TV,Basic,30,13.3,44.3,1
WATCH-001914,2025-03-02T10:39:00,Germany,Animation,Phone,Basic,60,45.6,76.0,1
WATCH-001915,2025-03-26T10:26:00,Italy,Documentary,Phone,Basic,22,15.5,70.5,2
WATCH-001916,2025-06-12T15:21:00,Netherlands,Animation,Tablet,Premium,120,46.2,38.5,2
WATCH-001917,2025-01-28T12:27:00,Netherlands,Comedy,Laptop,Basic,60,43.1,71.8,4
WATCH-001918,2025-10-15T21:17:00,Germany,Thriller,TV,Premium,90,68.8,76.4,1
WATCH-001919,2025-06-11T05:40:00,Netherlands,Thriller,Tablet,Standard,60,57.9,96.5,5
WATCH-001920,2025-09-10T20:08:00,Germany,Documentary,Laptop,Basic,120,29.0,24.2,5
WATCH-001921,2025-04-29T04:56:00,Germany,Thriller,Phone,Basic,120,93.5,77.9,5
WATCH-001922,2025-01-21T09:51:00,Germany,Drama,TV,Standard,60,20.3,33.8,5
WATCH-001923,2025-09-24T11:43:00,Netherlands,Comedy,Laptop,Standard,120,28.4,23.7,2
WATCH-001924,2025-04-01T19:43:00,Germany,Drama,Tablet,Basic,60,35.7,59.5,4
WATCH-001925,2025-08-05T13:19:00,Spain,Science fiction,Laptop,Standard,30,11.5,,4
WATCH-001926,2025-12-12T03:29:00,Italy,Comedy,TV,Basic,30,20.7,69.0,3
WATCH-001927,2025-04-09T05:42:00,France,Drama,Tablet,Standard,30,4.4,14.7,4
WATCH-001928,2025-03-14T03:48:00,Spain,Science fiction,Tablet,Basic,60,48.3,80.5,3
WATCH-001929,2025-09-01T02:12:00,Spain,Animation,Laptop,Standard,45,26.2,58.2,4
WATCH-001930,2025-07-17T16:24:00,Sweden,Drama,Tablet,Premium,60,40.5,67.5,1
WATCH-001931,2025-08-07T03:03:00,Germany,Comedy,Phone,Standard,45,31.0,68.9,3
WATCH-001932,2025-03-30T11:42:00,Germany,Animation,TV,Standard,60,36.2,60.3,4
WATCH-001933,2025-05-21T16:21:00,Sweden,Science fiction,TV,Standard,45,40.7,90.4,5
WATCH-001934,2025-07-07T22:12:00,France,Documentary,TV,Standard,90,51.2,56.9,3
WATCH-001935,2025-12-03T05:16:00,France,Science fiction,TV,Basic,60,11.6,19.3,4
WATCH-001936,2025-01-10T05:35:00,Germany,Animation,Phone,Basic,120,56.2,46.8,2
WATCH-001937,2025-10-09T04:20:00,Spain,Animation,Laptop,Premium,90,16.8,18.7,5
WATCH-001938,2025-09-17T14:34:00,Netherlands,Thriller,Laptop,Premium,45,5.6,12.4,1
WATCH-001939,2025-05-22T06:45:00,France,Comedy,Tablet,Standard,30,12.3,41.0,4
WATCH-001940,2025-09-25T23:59:00,Netherlands,Comedy,Phone,Basic,30,19.6,65.3,3
WATCH-001941,2025-04-10T09:45:00,Spain,Drama,Tablet,Standard,30,3.1,10.3,5
WATCH-001942,2025-11-22T02:22:00,Netherlands,Documentary,Laptop,Premium,90,17.8,19.8,2
WATCH-001943,2025-11-23T05:46:00,Netherlands,Drama,Tablet,Standard,22,19.3,87.7,5
WATCH-001944,2025-06-14T21:36:00,Spain,Thriller,Phone,Standard,22,17.0,77.3,3
WATCH-001945,2025-06-19T21:48:00,France,Animation,TV,Premium,90,77.4,86.0,4
WATCH-001946,2025-10-04T10:07:00,Spain,Animation,Phone,Premium,60,4.0,6.7,5
WATCH-001947,2025-11-19T04:52:00,France,Comedy,TV,Standard,90,83.2,92.4,4
WATCH-001948,2025-04-10T19:04:00,Netherlands,Animation,Tablet,Basic,30,26.6,88.7,3
WATCH-001949,2025-06-24T17:35:00,Germany,Documentary,Tablet,Premium,60,46.2,77.0,1
WATCH-001950,2025-07-09T04:19:00,Germany,Thriller,Phone,Basic,30,25.6,85.3,2
WATCH-001951,2025-06-12T07:39:00,Spain,Documentary,Tablet,Premium,60,26.5,44.2,1
WATCH-001952,2025-04-13T21:11:00,Netherlands,Comedy,Laptop,Premium,120,37.0,30.8,1
WATCH-001953,2025-11-04T02:14:00,Italy,Drama,Laptop,Standard,45,15.4,34.2,3
WATCH-001954,2025-09-05T07:17:00,Spain,Documentary,TV,Premium,120,100.1,83.4,2
WATCH-001955,2025-07-06T08:56:00,Italy,Drama,Tablet,Basic,30,29.1,97.0,1
WATCH-001956,2025-12-02T20:46:00,Spain,Drama,TV,Premium,45,3.3,7.3,1
WATCH-001957,2025-08-02T07:59:00,Netherlands,Animation,Tablet,Basic,120,76.7,63.9,5
WATCH-001958,2025-02-08T16:09:00,Germany,Thriller,Laptop,Standard,90,74.0,82.2,3
WATCH-001959,2025-04-01T05:38:00,Germany,Drama,Phone,Basic,22,17.3,78.6,1
WATCH-001960,2025-03-12T22:41:00,Sweden,Drama,Tablet,Premium,90,50.9,56.6,1
WATCH-001961,2025-07-11T09:45:00,France,Documentary,Laptop,Basic,60,6.4,10.7,3
WATCH-001962,2025-01-10T04:10:00,Italy,Comedy,TV,Standard,22,11.9,,4
WATCH-001963,2025-03-19T14:04:00,Italy,Science fiction,Phone,Premium,22,3.9,17.7,5
WATCH-001964,2025-10-29T05:11:00,France,Documentary,Phone,Basic,22,10.9,49.5,5
WATCH-001965,2025-07-22T08:00:00,Netherlands,Science fiction,Tablet,Premium,90,21.9,24.3,2
WATCH-001966,2025-08-24T21:08:00,Italy,Thriller,Tablet,Basic,45,25.5,56.7,2
WATCH-001967,2025-06-03T04:54:00,Germany,Animation,Tablet,Basic,120,111.2,92.7,1
WATCH-001968,2025-05-16T23:27:00,France,Thriller,TV,Standard,120,23.9,19.9,4
WATCH-001969,2025-10-20T09:00:00,Netherlands,Science fiction,Tablet,Premium,45,21.3,47.3,5
WATCH-001970,2025-11-02T02:41:00,France,Documentary,TV,Standard,30,15.0,50.0,2
WATCH-001971,2025-10-25T13:20:00,Spain,Thriller,TV,Premium,120,10.2,8.5,2
WATCH-001972,2025-12-17T01:38:00,Germany,Animation,TV,Premium,45,10.8,24.0,2
WATCH-001973,2025-01-12T04:15:00,Italy,Documentary,Laptop,Basic,30,18.5,61.7,2
WATCH-001974,2025-05-26T20:53:00,Germany,Documentary,Phone,Premium,45,38.7,86.0,5
WATCH-001975,2025-12-14T01:30:00,France,Animation,TV,Basic,120,100.1,83.4,1
WATCH-001976,2025-03-02T15:50:00,France,Documentary,Laptop,Standard,60,47.2,78.7,2
WATCH-001977,2025-05-23T02:53:00,Netherlands,Animation,TV,Standard,120,63.0,52.5,3
WATCH-001978,2025-01-21T07:06:00,Italy,Science fiction,Phone,Standard,30,2.9,9.7,2
WATCH-001979,2025-07-16T00:31:00,Spain,Comedy,Laptop,Premium,90,26.5,29.4,4
WATCH-001980,2025-05-27T12:45:00,Spain,Thriller,Laptop,Premium,120,92.0,76.7,1
WATCH-001981,2025-09-01T06:20:00,Sweden,Animation,Tablet,Basic,120,56.4,47.0,3
WATCH-001982,2025-04-08T23:39:00,Netherlands,Science fiction,Laptop,Basic,120,32.1,26.8,5
WATCH-001983,2025-02-25T17:52:00,France,Drama,Phone,Basic,120,70.0,58.3,3
WATCH-001984,2025-03-30T01:21:00,Italy,Thriller,Tablet,Basic,22,6.4,29.1,2
WATCH-001985,2025-05-11T18:35:00,Germany,Documentary,Phone,Premium,30,22.5,75.0,3
WATCH-001986,2025-07-26T00:49:00,Spain,Comedy,Laptop,Basic,90,83.1,92.3,5
WATCH-001987,2025-08-18T19:01:00,Spain,Thriller,Laptop,Basic,30,12.3,41.0,5
WATCH-001988,2025-02-03T23:01:00,Germany,Science fiction,Tablet,Basic,90,15.5,17.2,2
WATCH-001989,2025-02-26T23:08:00,France,Documentary,Laptop,Premium,90,16.0,17.8,2
WATCH-001990,2025-02-26T19:47:00,Germany,Thriller,Tablet,Basic,30,21.5,71.7,2
WATCH-001991,2025-02-17T16:37:00,Spain,Comedy,Phone,Basic,60,8.4,14.0,4
WATCH-001992,2025-02-01T15:44:00,Italy,Animation,Phone,Standard,90,78.0,86.7,4
WATCH-001993,2025-01-02T23:42:00,Germany,Thriller,,Premium,45,7.9,17.6,4
WATCH-001994,2025-09-24T22:29:00,Sweden,Science fiction,Laptop,Standard,45,7.4,16.4,3
WATCH-001995,2025-04-23T01:57:00,France,Documentary,Phone,Premium,22,17.9,81.4,3
WATCH-001996,2025-03-29T10:57:00,France,Thriller,Laptop,Basic,90,84.7,94.1,2
WATCH-001997,2025-05-22T01:48:00,Spain,Animation,TV,Premium,90,80.8,89.8,1
WATCH-001998,2025-11-26T00:30:00,Sweden,Thriller,Laptop,Premium,30,24.1,80.3,1
WATCH-001999,2025-08-07T18:19:00,Sweden,Science fiction,Tablet,Standard,120,58.0,,1
WATCH-002000,2025-04-08T00:07:00,Germany,Thriller,Phone,Basic,22,19.5,88.6,3
WATCH-002001,2025-03-13T08:44:00,France,Science fiction,Tablet,Premium,22,20.2,91.8,1
WATCH-002002,2025-05-05T18:26:00,France,Drama,Phone,Standard,60,33.1,55.2,1
WATCH-002003,2025-06-04T23:26:00,Germany,Science fiction,Tablet,Basic,120,114.2,95.2,1
WATCH-002004,2025-11-09T11:00:00,Spain,Thriller,TV,Basic,30,23.7,79.0,2
WATCH-002005,2025-01-20T12:21:00,Sweden,Documentary,Tablet,Premium,90,47.1,52.3,4
WATCH-002006,2025-05-25T13:25:00,Spain,Documentary,Laptop,Standard,120,108.2,90.2,1
WATCH-002007,2025-08-08T05:51:00,France,Thriller,Tablet,Basic,45,19.7,43.8,3
WATCH-002008,2025-11-02T01:48:00,Netherlands,Drama,Laptop,Basic,90,26.0,28.9,2
WATCH-002009,2025-04-19T04:46:00,Spain,Science fiction,Laptop,Premium,60,56.7,94.5,5
WATCH-002010,2025-10-14T00:53:00,Germany,Animation,TV,Basic,30,17.8,59.3,4
WATCH-002011,2025-02-26T23:22:00,Italy,Comedy,Tablet,Premium,90,59.8,66.4,5
WATCH-002012,2025-02-20T23:08:00,Spain,Thriller,TV,Standard,90,73.7,81.9,2
WATCH-002013,2025-09-12T08:57:00,Sweden,Animation,Laptop,Standard,45,20.3,45.1,1
WATCH-002014,2025-12-21T23:16:00,Netherlands,Science fiction,Tablet,Basic,120,82.6,68.8,1
WATCH-002015,2025-09-29T07:11:00,France,Documentary,Laptop,Premium,90,47.7,53.0,1
WATCH-002016,2025-07-02T01:28:00,Italy,Drama,TV,Standard,45,38.6,85.8,1
WATCH-002017,2025-08-05T01:01:00,Italy,Thriller,Laptop,Standard,120,96.9,80.8,4
WATCH-002018,2025-01-22T09:15:00,Netherlands,Drama,TV,Standard,45,21.6,48.0,2
WATCH-002019,2025-10-24T16:40:00,France,Drama,TV,Basic,90,47.6,52.9,5
WATCH-002020,2025-05-05T16:57:00,Netherlands,Comedy,Phone,Standard,90,26.1,29.0,5
WATCH-002021,2025-08-09T02:23:00,Sweden,Thriller,TV,Basic,45,25.0,55.6,2
WATCH-002022,2025-10-03T13:54:00,Netherlands,Animation,Tablet,Basic,120,50.8,42.3,2
WATCH-002023,2025-07-05T06:46:00,Spain,Comedy,TV,Standard,60,9.5,15.8,2
WATCH-002024,2025-07-05T01:53:00,Netherlands,Science fiction,Phone,Premium,22,7.1,32.3,3
WATCH-002025,2025-12-23T16:05:00,Netherlands,Animation,Laptop,Premium,30,9.1,30.3,4
WATCH-002026,2025-01-22T06:11:00,Germany,Thriller,Tablet,Basic,90,43.0,47.8,4
WATCH-002027,2025-06-13T21:07:00,Italy,Science fiction,Tablet,Premium,90,33.1,36.8,3
WATCH-002028,2025-04-25T08:49:00,Sweden,Drama,Tablet,Basic,22,15.3,69.5,1
WATCH-002029,2025-09-15T00:05:00,Italy,Thriller,Laptop,Basic,45,12.7,28.2,2
WATCH-002030,2025-03-11T06:45:00,Spain,Documentary,TV,Basic,45,20.8,46.2,4
WATCH-002031,2025-03-16T23:06:00,Netherlands,Animation,Tablet,Premium,30,24.0,80.0,5
WATCH-002032,2025-07-25T03:46:00,France,Thriller,Tablet,Premium,60,59.0,98.3,1
WATCH-002033,2025-01-27T14:52:00,Germany,Drama,Tablet,Basic,30,18.9,63.0,1
WATCH-002034,2025-10-19T08:41:00,Germany,Drama,Phone,Basic,120,25.4,21.2,2
WATCH-002035,2025-07-24T04:37:00,Germany,Comedy,Tablet,Standard,22,16.7,75.9,3
WATCH-002036,2025-04-13T05:35:00,Italy,Comedy,Phone,Basic,90,8.7,,4
WATCH-002037,2025-02-06T19:43:00,Netherlands,Thriller,Phone,Standard,30,24.1,80.3,2
WATCH-002038,2025-01-11T23:25:00,France,Drama,TV,Basic,120,84.8,70.7,4
WATCH-002039,2025-03-18T16:58:00,Italy,Thriller,TV,Premium,30,3.9,13.0,5
WATCH-002040,2025-04-17T22:04:00,Germany,Comedy,Tablet,Basic,120,86.8,72.3,1
WATCH-002041,2025-12-24T10:46:00,Germany,Science fiction,TV,Basic,60,29.4,49.0,2
WATCH-002042,2025-11-10T03:24:00,Italy,Documentary,Laptop,Standard,30,10.0,33.3,3
WATCH-002043,2025-08-30T02:47:00,France,Science fiction,Tablet,Premium,120,53.4,44.5,3
WATCH-002044,2025-08-28T19:08:00,Sweden,Science fiction,Phone,Standard,45,15.9,35.3,1
WATCH-002045,2025-12-30T01:53:00,Spain,Animation,Tablet,Premium,30,17.4,58.0,3
WATCH-002046,2025-06-27T00:56:00,Sweden,Documentary,Tablet,Standard,45,16.0,35.6,1
WATCH-002047,2025-07-11T14:09:00,France,Drama,Laptop,Premium,30,16.6,55.3,2
WATCH-002048,2025-08-30T09:31:00,Italy,Documentary,Laptop,Basic,45,16.2,36.0,3
WATCH-002049,2025-07-25T08:33:00,Italy,Science fiction,Laptop,Basic,30,26.8,89.3,1
WATCH-002050,2025-02-02T00:15:00,Sweden,Thriller,Tablet,Premium,60,14.9,24.8,1
WATCH-002051,2025-01-24T14:41:00,Sweden,Documentary,TV,Premium,30,7.8,26.0,5
WATCH-002052,2025-01-13T22:11:00,France,Thriller,Phone,Premium,60,56.7,94.5,4
WATCH-002053,2025-03-10T10:56:00,Spain,Drama,Tablet,Basic,90,44.7,49.7,3
WATCH-002054,2025-07-22T23:21:00,Spain,Comedy,Phone,Premium,22,11.2,50.9,5
WATCH-002055,2025-09-16T13:12:00,Spain,Drama,TV,Premium,120,83.1,69.2,4
WATCH-002056,2025-12-21T19:45:00,Italy,Animation,Phone,Premium,30,8.6,28.7,4
WATCH-002057,2025-07-30T23:36:00,Italy,Thriller,Laptop,Standard,60,33.6,56.0,1
WATCH-002058,2025-06-11T13:05:00,France,Documentary,Laptop,Standard,22,15.8,71.8,5
WATCH-002059,2025-03-03T19:08:00,France,Comedy,TV,Standard,22,14.3,65.0,5
WATCH-002060,2025-04-04T02:47:00,Italy,Drama,Tablet,Basic,30,12.2,40.7,2
WATCH-002061,2025-05-31T19:45:00,Germany,Documentary,Phone,Basic,90,9.0,10.0,2
WATCH-002062,2025-12-15T19:56:00,Italy,Animation,TV,Premium,60,5.4,9.0,2
WATCH-002063,2025-07-27T08:44:00,Spain,Science fiction,Tablet,Premium,45,20.0,44.4,5
WATCH-002064,2025-01-22T02:23:00,Netherlands,Drama,Phone,Basic,22,10.4,47.3,3
WATCH-002065,2025-06-27T20:08:00,Spain,Thriller,Phone,Premium,30,28.5,95.0,3
WATCH-002066,2025-04-20T07:03:00,Spain,Thriller,Laptop,Standard,45,16.1,35.8,5
WATCH-002067,2025-05-10T10:33:00,Netherlands,Drama,Phone,Basic,60,54.4,90.7,3
WATCH-002068,2025-03-20T08:41:00,Spain,Comedy,Laptop,Standard,22,21.5,97.7,4
WATCH-002069,2025-05-15T02:24:00,Germany,Thriller,TV,Premium,120,108.3,90.2,3
WATCH-002070,2025-10-17T06:28:00,Spain,Thriller,Laptop,Standard,45,18.9,42.0,4
WATCH-002071,2025-10-30T11:11:00,Spain,Thriller,TV,Standard,60,42.8,71.3,2
WATCH-002072,2025-10-20T02:12:00,Sweden,Drama,Phone,Basic,90,47.9,53.2,4
WATCH-002073,2025-09-23T07:45:00,Spain,Thriller,TV,Premium,30,15.9,,1
WATCH-002074,2025-06-26T06:38:00,France,Documentary,TV,Premium,120,95.9,79.9,2
WATCH-002075,2025-09-19T04:51:00,Spain,Comedy,Laptop,Standard,22,19.8,90.0,5
WATCH-002076,2025-07-03T16:52:00,Sweden,Documentary,,Premium,22,13.0,59.1,3
WATCH-002077,2025-05-30T02:33:00,Italy,Thriller,Laptop,Standard,22,9.6,43.6,4
WATCH-002078,2025-10-25T11:58:00,Sweden,Science fiction,Laptop,Basic,22,13.7,62.3,2
WATCH-002079,2025-08-16T07:04:00,Italy,Drama,Laptop,Basic,22,2.9,13.2,4
WATCH-002080,2025-02-21T00:29:00,France,Documentary,TV,Standard,22,16.7,75.9,1
WATCH-002081,2025-02-06T11:06:00,Italy,Science fiction,TV,Premium,30,2.6,8.7,3
WATCH-002082,2025-12-21T13:32:00,Sweden,Drama,Phone,Basic,30,3.3,11.0,4
WATCH-002083,2025-10-14T23:03:00,Italy,Documentary,Tablet,Basic,22,17.8,80.9,3
WATCH-002084,2025-11-03T02:32:00,Germany,Documentary,Laptop,Premium,120,86.1,71.7,1
WATCH-002085,2025-04-14T04:09:00,Sweden,Documentary,Phone,Basic,90,76.3,84.8,4
WATCH-002086,2025-04-05T03:35:00,Italy,Animation,TV,Premium,45,13.4,29.8,2
WATCH-002087,2025-02-28T19:42:00,Sweden,Comedy,Phone,Premium,30,13.6,45.3,1
WATCH-002088,2025-02-13T09:35:00,Germany,Animation,Laptop,Basic,45,5.6,12.4,3
WATCH-002089,2025-05-03T14:57:00,Spain,Thriller,Laptop,Standard,120,42.6,35.5,3
WATCH-002090,2025-09-01T04:52:00,Netherlands,Comedy,TV,Basic,60,33.8,56.3,4
WATCH-002091,2025-11-06T21:26:00,France,Animation,Phone,Premium,30,23.3,77.7,3
WATCH-002092,2025-07-31T15:06:00,Spain,Thriller,Tablet,Basic,22,8.4,38.2,2
WATCH-002093,2025-11-13T14:14:00,Italy,Drama,Tablet,Premium,45,9.9,22.0,1
WATCH-002094,2025-11-02T21:31:00,France,Drama,Phone,Premium,120,76.9,64.1,3
WATCH-002095,2025-09-24T05:29:00,Netherlands,Comedy,Tablet,Premium,22,6.9,31.4,1
WATCH-002096,2025-09-13T03:31:00,Netherlands,Drama,Phone,Standard,22,18.2,82.7,4
WATCH-002097,2025-12-10T13:36:00,France,Science fiction,Laptop,Basic,90,14.6,16.2,3
WATCH-002098,2025-07-25T02:00:00,Sweden,Comedy,Tablet,Basic,22,19.6,89.1,3
WATCH-002099,2025-02-15T23:34:00,Spain,Science fiction,TV,Basic,45,39.1,86.9,4
WATCH-002100,2025-01-14T14:09:00,Netherlands,Drama,TV,Standard,30,21.3,71.0,4
WATCH-002101,2025-06-18T19:44:00,Spain,Documentary,Laptop,Standard,90,52.4,58.2,1
WATCH-002102,2025-01-04T06:02:00,Italy,Animation,Laptop,Standard,90,45.6,50.7,2
WATCH-002103,2025-02-15T04:35:00,France,Documentary,TV,Basic,22,20.2,91.8,4
WATCH-002104,2025-09-26T11:45:00,Netherlands,Animation,TV,Premium,30,3.2,10.7,1
WATCH-002105,2025-08-05T11:19:00,France,Drama,TV,Premium,60,25.9,43.2,5
WATCH-002106,2025-01-05T11:27:00,France,Animation,Phone,Standard,22,12.3,55.9,2
WATCH-002107,2025-07-13T20:49:00,Netherlands,Thriller,Laptop,Basic,90,25.9,28.8,4
WATCH-002108,2025-06-21T15:23:00,Italy,Thriller,Laptop,Basic,30,8.5,28.3,5
WATCH-002109,2025-04-12T06:44:00,France,Animation,Tablet,Standard,22,11.0,50.0,2
WATCH-002110,2025-08-14T11:19:00,Italy,Thriller,Phone,Standard,30,19.3,,2
WATCH-002111,2025-05-29T06:03:00,Italy,Documentary,Tablet,Standard,60,45.4,75.7,5
WATCH-002112,2025-06-28T04:47:00,France,Drama,TV,Basic,30,4.0,13.3,1
WATCH-002113,2025-03-10T15:20:00,Netherlands,Drama,Tablet,Basic,120,116.4,97.0,1
WATCH-002114,2025-08-27T17:53:00,France,Thriller,Phone,Premium,120,108.6,90.5,3
WATCH-002115,2025-11-05T23:26:00,Netherlands,Documentary,TV,Premium,60,43.1,71.8,2
WATCH-002116,2025-08-14T09:06:00,Germany,Drama,Tablet,Standard,120,57.4,47.8,3
WATCH-002117,2025-01-15T05:45:00,Sweden,Animation,Tablet,Standard,45,16.0,35.6,1
WATCH-002118,2025-06-27T11:50:00,Italy,Documentary,Tablet,Premium,30,23.1,77.0,3
WATCH-002119,2025-03-26T15:36:00,Spain,Science fiction,Laptop,Basic,90,15.8,17.6,1
WATCH-002120,2025-10-20T23:09:00,Spain,Thriller,Tablet,Premium,30,9.1,30.3,3
WATCH-002121,2025-05-29T19:05:00,Spain,Comedy,Phone,Standard,30,24.7,82.3,3
WATCH-002122,2025-11-24T20:48:00,Sweden,Thriller,Laptop,Basic,30,28.9,96.3,4
WATCH-002123,2025-01-15T00:39:00,Netherlands,Comedy,Laptop,Standard,120,100.3,83.6,2
WATCH-002124,2025-07-27T13:23:00,Italy,Comedy,Laptop,Standard,45,30.5,67.8,2
WATCH-002125,2025-08-24T12:23:00,Sweden,Documentary,TV,Basic,45,20.0,44.4,1
WATCH-002126,2025-08-08T04:41:00,Spain,Comedy,Laptop,Premium,22,1.7,7.7,4
WATCH-002127,2025-12-20T23:32:00,Italy,Documentary,Phone,Premium,90,41.1,45.7,2
WATCH-002128,2025-11-02T19:41:00,Spain,Drama,TV,Standard,90,53.3,59.2,3
WATCH-002129,2025-09-11T01:27:00,Germany,Thriller,TV,Standard,45,45.0,100.0,2
WATCH-002130,2025-04-06T16:35:00,Netherlands,Comedy,Tablet,Standard,22,4.1,18.6,5
WATCH-002131,2025-05-24T01:50:00,Germany,Science fiction,Tablet,Standard,30,4.3,14.3,5
WATCH-002132,2025-10-17T23:35:00,Sweden,Science fiction,Phone,Standard,60,36.7,61.2,5
WATCH-002133,2025-08-08T12:50:00,Germany,Animation,Tablet,Premium,30,11.3,37.7,5
WATCH-002134,2025-09-25T00:31:00,Spain,Comedy,Tablet,Basic,60,28.8,48.0,1
WATCH-002135,2025-01-20T11:54:00,France,Comedy,Tablet,Standard,120,36.3,30.2,1
WATCH-002136,2025-05-09T00:36:00,France,Animation,Laptop,Standard,30,1.7,5.7,4
WATCH-002137,2025-08-17T03:34:00,Sweden,Science fiction,Phone,Premium,22,8.2,37.3,3
WATCH-002138,2025-12-22T10:46:00,France,Comedy,TV,Basic,22,9.9,45.0,3
WATCH-002139,2025-01-09T15:34:00,Spain,Drama,Phone,Basic,120,78.4,65.3,5
WATCH-002140,2025-03-10T17:16:00,Germany,Thriller,Tablet,Premium,30,8.3,27.7,5
WATCH-002141,2025-11-13T18:07:00,France,Documentary,Tablet,Standard,90,32.8,36.4,5
WATCH-002142,2025-09-15T14:38:00,Sweden,Comedy,Laptop,Standard,30,16.5,55.0,1
WATCH-002143,2025-05-26T22:11:00,Germany,Drama,Laptop,Basic,90,51.3,57.0,2
WATCH-002144,2025-12-15T20:34:00,Germany,Thriller,Phone,Basic,22,20.3,92.3,3
WATCH-002145,2025-12-06T17:08:00,Germany,Thriller,Phone,Premium,30,15.3,51.0,3
WATCH-002146,2025-08-17T10:50:00,Italy,Comedy,Tablet,Basic,90,36.3,40.3,3
WATCH-002147,2025-12-28T16:35:00,Germany,Animation,Tablet,Standard,22,2.7,,3
WATCH-002148,2025-09-27T14:01:00,Germany,Comedy,Laptop,Standard,90,65.8,73.1,1
WATCH-002149,2025-06-20T00:32:00,Netherlands,Comedy,TV,Basic,120,80.8,67.3,5
WATCH-002150,2025-12-19T06:14:00,Italy,Thriller,Phone,Basic,45,3.2,7.1,2
WATCH-002151,2025-11-16T02:39:00,Spain,Thriller,Laptop,Premium,90,86.4,96.0,1
WATCH-002152,2025-11-16T18:22:00,Sweden,Drama,Tablet,Basic,22,16.7,75.9,1
WATCH-002153,2025-07-26T02:44:00,Germany,Drama,Laptop,Standard,45,21.6,48.0,2
WATCH-002154,2025-02-11T20:00:00,Italy,Documentary,TV,Premium,120,54.0,45.0,5
WATCH-002155,2025-04-10T02:11:00,Spain,Drama,Laptop,Premium,60,13.9,23.2,1
WATCH-002156,2025-10-27T05:14:00,Netherlands,Science fiction,TV,Premium,90,77.7,86.3,4
WATCH-002157,2025-03-05T14:09:00,Netherlands,Thriller,Phone,Premium,22,18.2,82.7,1
WATCH-002158,2025-12-27T19:48:00,Italy,Drama,Laptop,Standard,120,9.3,7.8,5
WATCH-002159,2025-10-17T03:33:00,Sweden,Comedy,,Premium,60,6.6,11.0,3
WATCH-002160,2025-03-31T17:43:00,Sweden,Drama,TV,Standard,45,17.0,37.8,4
WATCH-002161,2025-05-20T18:08:00,Italy,Thriller,Tablet,Premium,22,3.0,13.6,2
WATCH-002162,2025-11-21T22:46:00,Spain,Animation,TV,Standard,22,4.2,19.1,4
WATCH-002163,2025-03-13T22:08:00,France,Documentary,Tablet,Standard,30,14.8,49.3,3
WATCH-002164,2025-12-21T08:38:00,France,Drama,Laptop,Premium,90,24.0,26.7,4
WATCH-002165,2025-01-10T21:59:00,Netherlands,Documentary,Laptop,Standard,60,5.9,9.8,1
WATCH-002166,2025-05-24T16:12:00,Italy,Thriller,Laptop,Premium,22,19.9,90.5,2
WATCH-002167,2025-06-08T07:06:00,Spain,Drama,Tablet,Premium,60,35.2,58.7,4
WATCH-002168,2025-11-04T11:49:00,Spain,Science fiction,Laptop,Standard,90,58.1,64.6,4
WATCH-002169,2025-12-10T21:09:00,Spain,Animation,Phone,Standard,45,41.4,92.0,3
WATCH-002170,2025-01-03T22:21:00,Italy,Drama,Phone,Standard,30,6.0,20.0,4
WATCH-002171,2025-12-13T01:55:00,Italy,Thriller,Tablet,Basic,120,79.5,66.2,4
WATCH-002172,2025-12-08T11:03:00,France,Animation,Tablet,Standard,45,4.4,9.8,1
WATCH-002173,2025-03-07T07:09:00,Netherlands,Thriller,Tablet,Standard,45,20.6,45.8,4
WATCH-002174,2025-10-03T11:48:00,Germany,Documentary,Phone,Standard,120,57.2,47.7,5
WATCH-002175,2025-12-17T00:05:00,Spain,Comedy,TV,Basic,60,38.2,63.7,5
WATCH-002176,2025-07-24T23:40:00,Sweden,Animation,Tablet,Basic,60,30.2,50.3,3
WATCH-002177,2025-04-22T01:05:00,Spain,Thriller,TV,Premium,120,40.0,33.3,1
WATCH-002178,2025-03-18T12:29:00,Netherlands,Animation,Phone,Basic,30,27.8,92.7,4
WATCH-002179,2025-07-23T05:49:00,France,Documentary,Phone,Premium,60,53.5,89.2,1
WATCH-002180,2025-05-16T11:05:00,Germany,Animation,Tablet,Premium,120,56.3,46.9,4
WATCH-002181,2025-12-17T10:13:00,Italy,Drama,Laptop,Premium,60,23.2,38.7,4
WATCH-002182,2025-06-23T03:30:00,France,Animation,TV,Basic,60,15.8,26.3,3
WATCH-002183,2025-10-24T12:53:00,France,Comedy,Laptop,Standard,30,16.9,56.3,3
WATCH-002184,2025-12-02T09:15:00,Sweden,Documentary,Phone,Premium,45,11.9,,1
WATCH-002185,2025-08-05T07:04:00,France,Science fiction,Laptop,Basic,30,1.9,6.3,5
WATCH-002186,2025-09-11T22:56:00,Netherlands,Animation,Laptop,Basic,22,15.3,69.5,4
WATCH-002187,2025-07-19T22:42:00,Sweden,Drama,Phone,Standard,120,78.6,65.5,2
WATCH-002188,2025-07-06T02:24:00,Sweden,Thriller,Tablet,Basic,45,42.9,95.3,4
WATCH-002189,2025-06-07T00:05:00,Spain,Comedy,Phone,Standard,45,2.4,5.3,2
WATCH-002190,2025-12-07T00:29:00,Italy,Animation,Phone,Standard,120,87.0,72.5,4
WATCH-002191,2025-02-05T22:50:00,Netherlands,Documentary,Tablet,Premium,120,20.4,17.0,4
WATCH-002192,2025-10-02T15:44:00,Sweden,Science fiction,Phone,Premium,22,6.5,29.5,5
WATCH-002193,2025-01-23T00:54:00,Spain,Comedy,TV,Premium,120,116.9,97.4,1
WATCH-002194,2025-03-13T18:56:00,Netherlands,Thriller,Phone,Basic,60,9.4,15.7,1
WATCH-002195,2025-05-18T17:57:00,Netherlands,Thriller,TV,Standard,45,21.0,46.7,3
WATCH-002196,2025-07-15T19:59:00,Netherlands,Comedy,Tablet,Basic,45,4.6,10.2,5
WATCH-002197,2025-12-26T15:18:00,Italy,Comedy,Laptop,Basic,120,105.4,87.8,5
WATCH-002198,2025-01-27T06:22:00,Sweden,Drama,Phone,Basic,120,71.9,59.9,3
WATCH-002199,2025-07-13T10:19:00,Italy,Science fiction,Phone,Standard,60,18.0,30.0,1
WATCH-002200,2025-11-06T07:13:00,Spain,Thriller,TV,Standard,45,27.0,60.0,4
WATCH-002201,2025-02-22T00:35:00,Netherlands,Animation,Tablet,Premium,45,41.9,93.1,3
WATCH-002202,2025-01-09T14:39:00,Italy,Drama,Tablet,Basic,120,117.4,97.8,4
WATCH-002203,2025-10-12T00:44:00,Sweden,Thriller,Phone,Basic,30,27.4,91.3,5
WATCH-002204,2025-10-30T17:32:00,France,Animation,Phone,Standard,120,37.0,30.8,5
WATCH-002205,2025-10-01T08:40:00,Germany,Documentary,Laptop,Standard,45,29.5,65.6,1
WATCH-002206,2025-01-28T14:48:00,Italy,Thriller,Phone,Basic,30,20.8,69.3,1
WATCH-002207,2025-08-02T01:09:00,Sweden,Drama,Phone,Premium,45,29.2,64.9,1
WATCH-002208,2025-11-20T08:23:00,France,Documentary,Phone,Premium,45,17.6,39.1,4
WATCH-002209,2025-06-30T23:54:00,Spain,Animation,Phone,Basic,90,34.9,38.8,1
WATCH-002210,2025-12-18T13:17:00,Italy,Documentary,Tablet,Standard,120,27.5,22.9,3
WATCH-002211,2025-02-21T15:15:00,France,Comedy,TV,Standard,45,34.1,75.8,4
WATCH-002212,2025-12-08T06:56:00,Sweden,Thriller,Tablet,Premium,30,4.8,16.0,2
WATCH-002213,2025-05-18T10:41:00,Spain,Documentary,Tablet,Premium,30,12.1,40.3,4
WATCH-002214,2025-05-04T04:36:00,Sweden,Drama,TV,Standard,90,5.3,5.9,1
WATCH-002215,2025-12-24T21:20:00,Spain,Thriller,Phone,Basic,45,3.2,7.1,2
WATCH-002216,2025-01-19T04:32:00,Sweden,Drama,Tablet,Premium,120,23.8,19.8,2
WATCH-002217,2025-08-26T16:18:00,France,Science fiction,Laptop,Standard,90,5.1,5.7,5
WATCH-002218,2025-04-02T18:28:00,France,Comedy,Tablet,Basic,120,92.9,77.4,1
WATCH-002219,2025-02-21T13:35:00,France,Comedy,Tablet,Premium,120,111.7,93.1,2
WATCH-002220,2025-09-21T21:29:00,Spain,Comedy,Tablet,Basic,30,19.9,66.3,5
WATCH-002221,2025-01-11T11:11:00,Italy,Documentary,Laptop,Standard,90,46.7,,5
WATCH-002222,2025-01-10T13:00:00,Sweden,Thriller,Laptop,Standard,60,12.5,20.8,4
WATCH-002223,2025-01-20T05:16:00,Spain,Animation,Laptop,Premium,90,46.3,51.4,2
WATCH-002224,2025-10-28T19:21:00,Italy,Documentary,Laptop,Basic,60,11.1,18.5,3
WATCH-002225,2025-04-02T14:23:00,Sweden,Documentary,Tablet,Premium,60,42.7,71.2,2
WATCH-002226,2025-05-17T09:09:00,Sweden,Documentary,TV,Standard,45,15.7,34.9,5
WATCH-002227,2025-03-18T17:36:00,Netherlands,Science fiction,Phone,Premium,120,64.6,53.8,1
WATCH-002228,2025-09-29T06:20:00,France,Animation,Tablet,Basic,60,47.1,78.5,1
WATCH-002229,2025-06-08T15:34:00,Spain,Animation,Tablet,Premium,90,16.7,18.6,1
WATCH-002230,2025-02-24T05:21:00,Sweden,Documentary,Phone,Basic,30,22.0,73.3,3
WATCH-002231,2025-07-29T03:04:00,Spain,Documentary,TV,Premium,22,17.6,80.0,4
WATCH-002232,2025-12-21T12:39:00,Italy,Thriller,Tablet,Standard,22,3.0,13.6,1
WATCH-002233,2025-02-01T10:38:00,Spain,Drama,Laptop,Basic,60,52.3,87.2,1
WATCH-002234,2025-06-18T11:46:00,Germany,Science fiction,Laptop,Standard,90,16.9,18.8,4
WATCH-002235,2025-04-01T19:00:00,Italy,Thriller,TV,Standard,90,44.9,49.9,2
WATCH-002236,2025-07-23T03:15:00,France,Drama,Laptop,Basic,120,29.3,24.4,2
WATCH-002237,2025-11-15T02:57:00,Italy,Science fiction,Phone,Standard,22,2.0,9.1,2
WATCH-002238,2025-07-21T14:33:00,Italy,Comedy,Phone,Premium,120,34.1,28.4,1
WATCH-002239,2025-09-01T13:23:00,Germany,Comedy,Laptop,Premium,45,33.5,74.4,5
WATCH-002240,2025-05-18T15:49:00,Germany,Thriller,TV,Basic,30,13.4,44.7,5
WATCH-002241,2025-03-11T14:37:00,France,Science fiction,Tablet,Premium,45,27.8,61.8,4
WATCH-002242,2025-07-21T14:55:00,Italy,Comedy,,Basic,22,13.1,59.5,3
WATCH-002243,2025-02-09T14:54:00,Germany,Documentary,Phone,Basic,30,22.2,74.0,2
WATCH-002244,2025-03-11T22:34:00,France,Documentary,Phone,Basic,120,20.8,17.3,3
WATCH-002245,2025-08-19T01:45:00,Italy,Drama,TV,Standard,45,7.4,16.4,1
WATCH-002246,2025-12-04T21:32:00,Germany,Science fiction,Tablet,Basic,90,38.0,42.2,4
WATCH-002247,2025-10-30T18:51:00,Netherlands,Documentary,TV,Basic,120,103.9,86.6,4
WATCH-002248,2025-02-06T13:52:00,Italy,Documentary,TV,Standard,90,17.4,19.3,1
WATCH-002249,2025-01-04T10:47:00,Sweden,Science fiction,Laptop,Standard,22,3.1,14.1,5
WATCH-002250,2025-11-21T06:12:00,Sweden,Documentary,Phone,Basic,120,9.3,7.8,5
WATCH-002251,2025-11-15T14:17:00,Germany,Thriller,TV,Premium,120,64.2,53.5,2
WATCH-002252,2025-05-16T02:36:00,Spain,Comedy,Phone,Premium,90,86.5,96.1,3
WATCH-002253,2025-03-07T09:12:00,France,Thriller,Tablet,Standard,60,29.8,49.7,2
WATCH-002254,2025-11-18T02:12:00,Italy,Thriller,TV,Basic,60,22.9,38.2,3
WATCH-002255,2025-08-10T10:17:00,Germany,Thriller,TV,Standard,60,22.8,38.0,2
WATCH-002256,2025-03-01T13:27:00,Netherlands,Animation,Phone,Basic,60,49.5,82.5,5
WATCH-002257,2025-09-16T18:03:00,Spain,Thriller,Phone,Basic,60,28.1,46.8,1
WATCH-002258,2025-09-18T03:58:00,France,Documentary,Tablet,Premium,30,5.5,,4
WATCH-002259,2025-10-20T22:24:00,Netherlands,Thriller,Tablet,Basic,22,12.9,58.6,5
WATCH-002260,2025-11-24T04:52:00,Germany,Drama,TV,Basic,120,99.9,83.2,1
WATCH-002261,2025-03-27T14:55:00,Spain,Comedy,Laptop,Premium,30,13.5,45.0,3
WATCH-002262,2025-08-10T10:17:00,Sweden,Drama,Tablet,Standard,120,26.5,22.1,2
WATCH-002263,2025-11-08T12:45:00,Spain,Thriller,Tablet,Premium,45,42.0,93.3,5
WATCH-002264,2025-02-15T12:29:00,Germany,Thriller,TV,Standard,30,20.9,69.7,5
WATCH-002265,2025-10-24T03:32:00,Spain,Thriller,Tablet,Standard,30,2.8,9.3,4
WATCH-002266,2025-03-11T05:36:00,Spain,Thriller,Phone,Standard,45,31.9,70.9,3
WATCH-002267,2025-10-29T21:08:00,Italy,Drama,Laptop,Standard,120,92.4,77.0,4
WATCH-002268,2025-05-18T12:50:00,Sweden,Animation,Phone,Basic,22,16.4,74.5,5
WATCH-002269,2025-08-20T06:06:00,Sweden,Thriller,Phone,Premium,60,45.5,75.8,5
WATCH-002270,2025-01-13T07:07:00,Sweden,Drama,Laptop,Basic,90,17.3,19.2,5
WATCH-002271,2025-03-29T23:46:00,Italy,Documentary,Phone,Basic,22,6.4,29.1,2
WATCH-002272,2025-10-28T15:51:00,Sweden,Comedy,Tablet,Standard,22,2.7,12.3,1
WATCH-002273,2025-10-11T22:19:00,Netherlands,Animation,TV,Premium,45,31.9,70.9,2
WATCH-002274,2025-02-08T18:17:00,Sweden,Animation,Phone,Standard,90,52.4,58.2,5
WATCH-002275,2025-01-08T19:10:00,Germany,Documentary,TV,Basic,120,18.0,15.0,3
WATCH-002276,2025-07-13T05:01:00,Germany,Science fiction,TV,Premium,60,46.1,76.8,3
WATCH-002277,2025-04-01T20:55:00,Italy,Comedy,Tablet,Basic,30,8.1,27.0,3
WATCH-002278,2025-10-11T14:47:00,Sweden,Comedy,TV,Standard,30,28.6,95.3,3
WATCH-002279,2025-02-14T07:01:00,Germany,Thriller,Phone,Basic,30,18.1,60.3,2
WATCH-002280,2025-07-01T11:55:00,Netherlands,Animation,Laptop,Basic,60,26.8,44.7,4
WATCH-002281,2025-10-22T04:35:00,Italy,Thriller,TV,Standard,60,45.6,76.0,5
WATCH-002282,2025-10-06T16:36:00,Germany,Drama,Phone,Premium,30,16.8,56.0,1
WATCH-002283,2025-01-16T03:11:00,Netherlands,Comedy,TV,Basic,45,44.9,99.8,4
WATCH-002284,2025-01-13T13:54:00,Italy,Thriller,Tablet,Standard,90,76.5,85.0,1
WATCH-002285,2025-12-02T08:26:00,Italy,Animation,TV,Standard,30,28.6,95.3,3
WATCH-002286,2025-12-01T17:05:00,Spain,Animation,Tablet,Standard,90,14.0,15.6,2
WATCH-002287,2025-03-26T23:32:00,Spain,Thriller,TV,Basic,90,30.7,34.1,1
WATCH-002288,2025-09-07T07:51:00,Netherlands,Animation,TV,Basic,30,25.0,83.3,3
WATCH-002289,2025-07-12T20:09:00,Netherlands,Thriller,TV,Basic,120,12.4,10.3,5
WATCH-002290,2025-11-29T13:39:00,France,Animation,Tablet,Standard,30,27.5,91.7,1
WATCH-002291,2025-10-03T02:06:00,Germany,Animation,TV,Basic,45,39.9,88.7,4
WATCH-002292,2025-09-30T10:08:00,Netherlands,Drama,Laptop,Standard,30,2.0,6.7,1
WATCH-002293,2025-02-14T06:53:00,Spain,Drama,Laptop,Premium,90,80.9,89.9,2
WATCH-002294,2025-07-01T22:31:00,France,Science fiction,Tablet,Basic,120,81.2,67.7,5
WATCH-002295,2025-04-16T18:53:00,Germany,Thriller,TV,Basic,30,15.7,,5
WATCH-002296,2025-12-09T23:05:00,Germany,Documentary,Tablet,Standard,120,48.3,40.2,1
WATCH-002297,2025-07-23T19:56:00,Sweden,Documentary,Phone,Standard,45,32.9,73.1,3
WATCH-002298,2025-07-22T03:06:00,Germany,Comedy,Phone,Premium,45,43.9,97.6,3
WATCH-002299,2025-01-12T12:18:00,Netherlands,Thriller,Phone,Premium,45,42.3,94.0,2
WATCH-002300,2025-12-27T02:36:00,Netherlands,Science fiction,TV,Standard,60,38.6,64.3,4
WATCH-002301,2025-02-08T16:19:00,Spain,Drama,Tablet,Standard,30,19.6,65.3,4
WATCH-002302,2025-07-01T08:58:00,Italy,Thriller,Phone,Standard,30,22.6,75.3,5
WATCH-002303,2025-04-20T21:51:00,France,Animation,Laptop,Standard,90,17.3,19.2,5
WATCH-002304,2025-12-30T12:30:00,Sweden,Comedy,Laptop,Premium,60,46.6,77.7,1
WATCH-002305,2025-04-27T01:22:00,Italy,Science fiction,TV,Standard,45,18.9,42.0,4
WATCH-002306,2025-09-09T18:29:00,Italy,Drama,Tablet,Standard,90,74.2,82.4,4
WATCH-002307,2025-06-21T17:43:00,Sweden,Science fiction,TV,Standard,120,53.6,44.7,3
WATCH-002308,2025-07-31T01:54:00,France,Thriller,Tablet,Basic,45,13.5,30.0,2
WATCH-002309,2025-03-23T16:49:00,Netherlands,Science fiction,Tablet,Basic,90,17.9,19.9,1
WATCH-002310,2025-06-15T06:02:00,Sweden,Drama,Phone,Premium,90,13.4,14.9,1
WATCH-002311,2025-12-14T03:03:00,Spain,Documentary,TV,Standard,90,7.1,7.9,1
WATCH-002312,2025-08-29T14:41:00,Netherlands,Science fiction,Tablet,Basic,60,43.4,72.3,4
WATCH-002313,2025-10-05T06:09:00,Spain,Science fiction,TV,Standard,22,19.2,87.3,5
WATCH-002314,2025-05-28T16:42:00,Germany,Thriller,Laptop,Basic,90,78.2,86.9,2
WATCH-002315,2025-02-20T04:15:00,Spain,Science fiction,Phone,Basic,22,19.2,87.3,2
WATCH-002316,2025-07-25T05:36:00,Spain,Animation,TV,Standard,45,44.4,98.7,1
WATCH-002317,2025-10-26T15:14:00,France,Thriller,Tablet,Premium,120,15.0,12.5,3
WATCH-002318,2025-05-01T21:43:00,Spain,Drama,Tablet,Basic,90,5.0,5.6,4
WATCH-002319,2025-03-08T21:08:00,Sweden,Animation,Phone,Standard,120,36.2,30.2,5
WATCH-002320,2025-11-19T05:57:00,Germany,Comedy,Phone,Basic,30,18.9,63.0,5
WATCH-002321,2025-09-25T23:18:00,Germany,Thriller,Laptop,Premium,90,82.0,91.1,3
WATCH-002322,2025-02-25T09:08:00,Italy,Science fiction,Laptop,Standard,30,12.5,41.7,4
WATCH-002323,2025-05-06T20:48:00,Netherlands,Animation,Laptop,Standard,45,40.8,90.7,5
WATCH-002324,2025-10-17T23:33:00,Italy,Comedy,Tablet,Basic,90,48.7,54.1,4
WATCH-002325,2025-08-28T03:48:00,Sweden,Documentary,,Standard,90,18.3,20.3,5
WATCH-002326,2025-02-11T14:43:00,France,Drama,Laptop,Premium,90,35.0,38.9,2
WATCH-002327,2025-12-29T14:17:00,Netherlands,Animation,Laptop,Standard,90,7.9,8.8,4
WATCH-002328,2025-04-08T01:30:00,Netherlands,Science fiction,Tablet,Standard,22,14.8,67.3,3
WATCH-002329,2025-07-14T02:14:00,Sweden,Comedy,TV,Standard,90,73.3,81.4,4
WATCH-002330,2025-03-23T03:15:00,Spain,Drama,Laptop,Premium,120,74.6,62.2,1
WATCH-002331,2025-09-17T14:50:00,Italy,Drama,Phone,Premium,22,15.7,71.4,4
WATCH-002332,2025-10-15T21:33:00,Netherlands,Comedy,Phone,Basic,30,2.9,,3
WATCH-002333,2025-03-21T22:45:00,France,Thriller,Tablet,Standard,22,1.3,5.9,4
WATCH-002334,2025-10-26T18:27:00,France,Comedy,TV,Basic,90,79.9,88.8,1
WATCH-002335,2025-04-28T13:28:00,Spain,Thriller,TV,Standard,90,38.3,42.6,5
WATCH-002336,2025-02-17T00:09:00,France,Documentary,Laptop,Premium,90,74.6,82.9,1
WATCH-002337,2025-04-14T00:19:00,Germany,Comedy,Laptop,Basic,30,3.1,10.3,5
WATCH-002338,2025-11-05T05:05:00,Sweden,Comedy,Laptop,Standard,30,12.1,40.3,1
WATCH-002339,2025-09-21T19:09:00,France,Thriller,Laptop,Standard,90,79.5,88.3,4
WATCH-002340,2025-10-25T11:37:00,France,Thriller,TV,Standard,90,76.6,85.1,1
WATCH-002341,2025-05-12T19:39:00,France,Documentary,TV,Basic,90,68.9,76.6,4
WATCH-002342,2025-04-15T11:49:00,Sweden,Comedy,Tablet,Premium,90,86.1,95.7,5
WATCH-002343,2025-11-09T13:47:00,France,Documentary,Phone,Standard,90,63.4,70.4,4
WATCH-002344,2025-11-25T19:11:00,Netherlands,Documentary,TV,Basic,90,39.7,44.1,3
WATCH-002345,2025-11-21T15:25:00,Netherlands,Science fiction,Tablet,Basic,45,26.0,57.8,4
WATCH-002346,2025-10-02T09:20:00,France,Animation,Laptop,Standard,60,37.2,62.0,1
WATCH-002347,2025-04-03T16:35:00,Sweden,Comedy,TV,Standard,30,26.9,89.7,2
WATCH-002348,2025-09-05T07:24:00,Sweden,Thriller,TV,Premium,45,14.4,32.0,4
WATCH-002349,2025-08-04T17:39:00,Netherlands,Comedy,Phone,Standard,120,111.0,92.5,1
WATCH-002350,2025-12-17T06:39:00,Italy,Comedy,TV,Standard,45,5.3,11.8,3
WATCH-002351,2025-01-11T15:27:00,Germany,Animation,Phone,Standard,45,43.4,96.4,5
WATCH-002352,2025-06-16T16:09:00,Spain,Animation,Tablet,Standard,90,86.4,96.0,2
WATCH-002353,2025-01-27T17:12:00,Germany,Science fiction,Laptop,Basic,30,23.2,77.3,5
WATCH-002354,2025-02-26T13:42:00,Spain,Drama,Phone,Premium,45,21.2,47.1,1
WATCH-002355,2025-07-20T14:08:00,France,Comedy,Phone,Standard,45,6.8,15.1,4
WATCH-002356,2025-06-04T03:09:00,Germany,Thriller,Tablet,Premium,120,66.5,55.4,3
WATCH-002357,2025-03-31T16:48:00,Sweden,Comedy,Tablet,Standard,120,46.1,38.4,2
WATCH-002358,2025-06-30T01:46:00,Netherlands,Drama,Phone,Standard,30,4.1,13.7,4
WATCH-002359,2025-03-07T10:11:00,Spain,Thriller,Laptop,Basic,90,58.0,64.4,4
WATCH-002360,2025-05-17T07:14:00,Italy,Thriller,Tablet,Premium,120,73.4,61.2,4
WATCH-002361,2025-09-28T17:05:00,Sweden,Animation,Tablet,Basic,22,15.8,71.8,4
WATCH-002362,2025-11-25T07:22:00,Netherlands,Animation,Laptop,Premium,22,16.5,75.0,5
WATCH-002363,2025-01-22T18:21:00,Italy,Drama,Laptop,Standard,60,11.3,18.8,5
WATCH-002364,2025-12-02T18:34:00,Sweden,Thriller,Phone,Standard,22,5.0,22.7,2
WATCH-002365,2025-04-06T22:45:00,Spain,Documentary,Laptop,Basic,120,77.3,64.4,2
WATCH-002366,2025-09-18T11:21:00,Italy,Science fiction,TV,Standard,90,24.6,27.3,3
WATCH-002367,2025-08-22T22:48:00,Spain,Drama,Tablet,Standard,90,24.1,26.8,4
WATCH-002368,2025-09-30T22:38:00,Netherlands,Comedy,TV,Basic,60,36.9,61.5,1
WATCH-002369,2025-10-21T13:24:00,France,Science fiction,TV,Premium,30,21.8,,4
WATCH-002370,2025-01-22T12:21:00,Netherlands,Comedy,Laptop,Premium,30,19.7,65.7,4
WATCH-002371,2025-10-06T11:13:00,Germany,Drama,Phone,Standard,90,34.7,38.6,4
WATCH-002372,2025-01-13T23:45:00,France,Thriller,Tablet,Basic,22,12.2,55.5,5
WATCH-002373,2025-07-10T22:24:00,Netherlands,Comedy,TV,Standard,90,44.7,49.7,3
WATCH-002374,2025-03-25T12:34:00,Italy,Animation,Laptop,Basic,120,103.2,86.0,3
WATCH-002375,2025-07-02T01:43:00,Italy,Documentary,TV,Standard,30,2.1,7.0,2
WATCH-002376,2025-05-03T02:12:00,Spain,Science fiction,Phone,Standard,22,1.4,6.4,1
WATCH-002377,2025-01-01T09:45:00,Italy,Thriller,TV,Premium,90,52.6,58.4,5
WATCH-002378,2025-04-26T16:07:00,Sweden,Science fiction,TV,Basic,45,20.2,44.9,4
WATCH-002379,2025-10-17T12:14:00,Italy,Drama,Tablet,Standard,22,10.4,47.3,4
WATCH-002380,2025-02-18T12:32:00,France,Drama,Laptop,Standard,90,45.9,51.0,1
WATCH-002381,2025-05-03T02:57:00,Italy,Comedy,TV,Premium,90,34.2,38.0,3
WATCH-002382,2025-04-12T22:06:00,Netherlands,Documentary,TV,Standard,30,26.0,86.7,5
WATCH-002383,2025-09-20T15:01:00,Sweden,Science fiction,Laptop,Premium,60,24.4,40.7,1
WATCH-002384,2025-04-06T04:59:00,Spain,Thriller,Laptop,Basic,30,20.5,68.3,4
WATCH-002385,2025-12-17T12:09:00,Italy,Drama,Tablet,Premium,90,83.1,92.3,5
WATCH-002386,2025-03-25T19:34:00,Italy,Documentary,TV,Basic,90,37.9,42.1,4
WATCH-002387,2025-05-19T06:10:00,Italy,Animation,Tablet,Premium,90,76.2,84.7,5
WATCH-002388,2025-03-14T15:53:00,Germany,Animation,Tablet,Basic,90,37.2,41.3,4
WATCH-002389,2025-09-07T09:54:00,Italy,Drama,TV,Basic,90,45.4,50.4,5
WATCH-002390,2025-09-20T11:03:00,France,Drama,Tablet,Basic,60,38.2,63.7,1
WATCH-002391,2025-01-25T18:20:00,Spain,Drama,Laptop,Standard,90,83.1,92.3,4
WATCH-002392,2025-06-05T06:50:00,France,Comedy,Laptop,Basic,22,3.4,15.5,5
WATCH-002393,2025-10-02T06:37:00,France,Comedy,TV,Premium,45,21.7,48.2,2
WATCH-002394,2025-06-18T10:34:00,Spain,Thriller,Tablet,Basic,90,81.5,90.6,1
WATCH-002395,2025-03-13T08:44:00,France,Drama,Laptop,Standard,22,4.8,21.8,1
WATCH-002396,2025-12-06T00:36:00,France,Thriller,Laptop,Basic,90,55.6,61.8,5
WATCH-002397,2025-01-10T03:58:00,Germany,Animation,Laptop,Standard,30,22.9,76.3,2
WATCH-002398,2025-08-04T07:44:00,Netherlands,Science fiction,Tablet,Basic,120,38.0,31.7,5
WATCH-002399,2025-11-18T14:16:00,Italy,Documentary,Laptop,Basic,30,29.0,96.7,3
WATCH-002400,2025-06-20T11:36:00,Netherlands,Comedy,TV,Standard,120,110.8,92.3,4
WATCH-002401,2025-01-29T12:58:00,Sweden,Science fiction,Tablet,Basic,60,58.1,96.8,4
WATCH-002402,2025-09-08T20:11:00,Netherlands,Comedy,TV,Premium,45,16.8,37.3,2
WATCH-002403,2025-12-28T10:44:00,Germany,Science fiction,Tablet,Basic,120,30.4,25.3,5
WATCH-002404,2025-11-10T16:16:00,Italy,Comedy,Phone,Standard,120,110.0,91.7,4
WATCH-002405,2025-12-25T01:29:00,Sweden,Science fiction,Tablet,Basic,45,39.6,88.0,5
WATCH-002406,2025-07-09T06:46:00,Italy,Documentary,Phone,Basic,120,7.4,,5
WATCH-002407,2025-05-11T18:24:00,Germany,Comedy,TV,Basic,60,58.7,97.8,3
WATCH-002408,2025-12-28T22:06:00,Netherlands,Animation,,Premium,90,78.0,86.7,2
WATCH-002409,2025-04-01T22:16:00,France,Animation,Tablet,Standard,120,75.8,63.2,4
WATCH-002410,2025-11-18T12:25:00,France,Animation,Laptop,Basic,60,52.3,87.2,5
WATCH-002411,2025-01-19T22:05:00,France,Science fiction,Laptop,Premium,90,9.6,10.7,4
WATCH-002412,2025-03-03T09:16:00,France,Comedy,Phone,Basic,22,16.1,73.2,1
WATCH-002413,2025-02-27T13:29:00,Italy,Thriller,TV,Premium,90,79.9,88.8,5
WATCH-002414,2025-09-26T11:00:00,France,Drama,TV,Premium,22,5.1,23.2,4
WATCH-002415,2025-06-10T12:31:00,France,Science fiction,Laptop,Basic,120,93.4,77.8,2
WATCH-002416,2025-12-26T18:02:00,Germany,Comedy,Tablet,Standard,60,9.1,15.2,4
WATCH-002417,2025-04-09T06:10:00,Spain,Documentary,Phone,Basic,45,35.6,79.1,1
WATCH-002418,2025-07-26T02:49:00,France,Science fiction,Laptop,Standard,45,16.3,36.2,1
WATCH-002419,2025-10-26T06:33:00,Germany,Drama,TV,Standard,30,26.3,87.7,1
WATCH-002420,2025-02-11T07:09:00,Italy,Comedy,Tablet,Basic,60,28.6,47.7,1
WATCH-002421,2025-11-17T01:55:00,Italy,Documentary,Phone,Basic,30,13.1,43.7,2
WATCH-002422,2025-10-19T00:16:00,Italy,Animation,Tablet,Standard,60,11.8,19.7,3
WATCH-002423,2025-03-22T21:25:00,Spain,Drama,Laptop,Standard,30,11.0,36.7,1
WATCH-002424,2025-06-19T17:26:00,Italy,Comedy,TV,Basic,120,51.6,43.0,2
WATCH-002425,2025-03-12T07:52:00,Italy,Animation,Phone,Standard,120,112.0,93.3,5
WATCH-002426,2025-08-01T21:24:00,Netherlands,Comedy,Phone,Standard,30,4.3,14.3,4
WATCH-002427,2025-08-20T09:10:00,Italy,Animation,Laptop,Premium,22,5.3,24.1,4
WATCH-002428,2025-12-08T22:47:00,Sweden,Science fiction,Tablet,Standard,22,19.1,86.8,1
WATCH-002429,2025-03-21T07:34:00,Netherlands,Thriller,Tablet,Premium,90,76.0,84.4,2
WATCH-002430,2025-09-08T02:33:00,Sweden,Science fiction,Phone,Premium,60,54.2,90.3,1
WATCH-002431,2025-12-24T20:36:00,Italy,Animation,Laptop,Premium,30,15.5,51.7,1
WATCH-002432,2025-10-13T04:19:00,Sweden,Science fiction,TV,Standard,60,39.7,66.2,3
WATCH-002433,2025-06-10T20:04:00,France,Thriller,Phone,Premium,30,10.8,36.0,3
WATCH-002434,2025-12-10T02:28:00,Spain,Drama,Laptop,Standard,30,8.2,27.3,1
WATCH-002435,2025-05-17T21:47:00,Netherlands,Drama,TV,Basic,45,30.8,68.4,1
WATCH-002436,2025-09-23T21:14:00,France,Documentary,Tablet,Standard,30,3.6,12.0,3
WATCH-002437,2025-04-28T13:14:00,Netherlands,Animation,Laptop,Standard,45,4.0,8.9,3
WATCH-002438,2025-03-31T02:14:00,Italy,Animation,Laptop,Standard,45,21.3,47.3,3
WATCH-002439,2025-09-03T13:32:00,Spain,Drama,Phone,Standard,30,18.1,60.3,4
WATCH-002440,2025-01-12T05:06:00,Italy,Thriller,Laptop,Standard,30,12.4,41.3,2
WATCH-002441,2025-06-11T11:30:00,France,Drama,Laptop,Premium,120,109.9,91.6,2
WATCH-002442,2025-02-22T00:44:00,Italy,Animation,TV,Basic,90,23.7,26.3,3
WATCH-002443,2025-12-12T00:11:00,Germany,Animation,TV,Standard,22,2.8,,3
WATCH-002444,2025-02-21T09:31:00,Germany,Animation,Laptop,Standard,60,37.8,63.0,4
WATCH-002445,2025-04-29T12:41:00,Germany,Thriller,Laptop,Standard,60,32.5,54.2,5
WATCH-002446,2025-03-18T05:43:00,Netherlands,Documentary,Phone,Standard,120,19.8,16.5,1
WATCH-002447,2025-05-04T04:00:00,France,Comedy,Laptop,Standard,22,16.0,72.7,3
WATCH-002448,2025-06-06T14:41:00,Sweden,Documentary,Tablet,Premium,22,7.9,35.9,2
WATCH-002449,2025-06-01T15:55:00,France,Science fiction,Phone,Standard,22,6.4,29.1,4
WATCH-002450,2025-01-15T15:42:00,Spain,Documentary,TV,Basic,90,9.7,10.8,2
WATCH-002451,2025-10-11T06:00:00,Netherlands,Animation,Laptop,Premium,22,15.7,71.4,4
WATCH-002452,2025-01-11T21:09:00,Spain,Thriller,TV,Basic,22,15.1,68.6,5
WATCH-002453,2025-06-04T19:53:00,Spain,Science fiction,TV,Standard,45,41.0,91.1,1
WATCH-002454,2025-10-23T05:26:00,Germany,Drama,Laptop,Basic,60,16.7,27.8,2
WATCH-002455,2025-09-05T02:23:00,Italy,Drama,TV,Premium,45,12.8,28.4,5
WATCH-002456,2025-06-11T13:15:00,Italy,Drama,TV,Premium,120,8.9,7.4,2
WATCH-002457,2025-07-19T09:51:00,Germany,Thriller,Laptop,Standard,60,24.1,40.2,5
WATCH-002458,2025-01-31T04:22:00,Spain,Comedy,TV,Basic,90,36.8,40.9,2
WATCH-002459,2025-03-10T09:06:00,Germany,Drama,Tablet,Standard,120,116.3,96.9,3
WATCH-002460,2025-05-04T18:06:00,Spain,Drama,Phone,Basic,120,58.2,48.5,4
WATCH-002461,2025-09-01T20:52:00,France,Documentary,Laptop,Standard,22,9.7,44.1,2
WATCH-002462,2025-03-30T23:24:00,Netherlands,Animation,Laptop,Premium,120,113.3,94.4,1
WATCH-002463,2025-02-24T06:48:00,Netherlands,Drama,TV,Premium,60,11.3,18.8,1
WATCH-002464,2025-11-05T01:50:00,Spain,Documentary,Phone,Standard,22,20.5,93.2,1
WATCH-002465,2025-01-03T11:41:00,Netherlands,Thriller,Tablet,Standard,120,89.6,74.7,2
WATCH-002466,2025-01-25T15:05:00,Germany,Science fiction,TV,Standard,90,10.5,11.7,5
WATCH-002467,2025-09-22T07:49:00,France,Documentary,TV,Premium,60,54.4,90.7,1
WATCH-002468,2025-04-05T15:34:00,France,Comedy,Laptop,Standard,90,15.9,17.7,4
WATCH-002469,2025-03-17T10:04:00,Sweden,Comedy,Tablet,Premium,22,3.7,16.8,4
WATCH-002470,2025-06-21T21:31:00,Spain,Thriller,Laptop,Premium,45,40.0,88.9,4
WATCH-002471,2025-07-18T01:16:00,Spain,Drama,TV,Premium,90,15.7,17.4,5
WATCH-002472,2025-12-04T17:44:00,Sweden,Documentary,TV,Basic,120,35.0,29.2,2
WATCH-002473,2025-05-16T19:39:00,Sweden,Comedy,Phone,Basic,60,43.2,72.0,5
WATCH-002474,2025-10-27T01:43:00,Netherlands,Animation,Phone,Basic,22,13.2,60.0,2
WATCH-002475,2025-02-18T15:35:00,Spain,Animation,Laptop,Premium,22,7.5,34.1,1
WATCH-002476,2025-03-29T23:25:00,Netherlands,Science fiction,Tablet,Basic,22,15.5,70.5,5
WATCH-002477,2025-07-18T23:17:00,France,Science fiction,TV,Standard,45,34.6,76.9,5
WATCH-002478,2025-09-01T12:22:00,Netherlands,Thriller,Tablet,Premium,60,40.6,67.7,2
WATCH-002479,2025-12-26T19:35:00,Germany,Thriller,Laptop,Standard,60,32.0,53.3,2
WATCH-002480,2025-08-27T15:20:00,Sweden,Documentary,TV,Standard,60,49.0,,1
WATCH-002481,2025-05-17T01:32:00,Germany,Documentary,Tablet,Premium,60,12.2,20.3,3
WATCH-002482,2025-03-23T16:52:00,Netherlands,Science fiction,Phone,Premium,30,29.3,97.7,3
WATCH-002483,2025-01-18T06:41:00,Netherlands,Drama,TV,Premium,22,4.2,19.1,1
WATCH-002484,2025-09-10T21:00:00,Germany,Thriller,Tablet,Standard,120,9.8,8.2,5
WATCH-002485,2025-07-16T16:41:00,Spain,Comedy,Laptop,Standard,22,2.1,9.5,1
WATCH-002486,2025-05-28T02:11:00,Germany,Science fiction,Tablet,Basic,60,15.9,26.5,2
WATCH-002487,2025-09-08T07:27:00,Italy,Thriller,Phone,Premium,45,28.2,62.7,4
WATCH-002488,2025-10-16T03:43:00,Netherlands,Drama,Tablet,Premium,22,12.5,56.8,1
WATCH-002489,2025-07-28T12:19:00,Italy,Thriller,TV,Premium,30,9.0,30.0,1
WATCH-002490,2025-11-22T16:17:00,Spain,Thriller,Laptop,Premium,90,82.2,91.3,1
WATCH-002491,2025-09-24T23:18:00,Sweden,Documentary,,Premium,45,20.3,45.1,4
WATCH-002492,2025-09-26T23:34:00,Germany,Drama,Laptop,Standard,120,45.0,37.5,5
WATCH-002493,2025-06-13T03:57:00,France,Comedy,Laptop,Basic,30,19.3,64.3,4
WATCH-002494,2025-05-11T03:16:00,Spain,Animation,Phone,Premium,30,11.9,39.7,5
WATCH-002495,2025-04-17T06:44:00,France,Thriller,Laptop,Premium,60,50.1,83.5,5
WATCH-002496,2025-01-04T01:56:00,Germany,Thriller,Tablet,Basic,120,58.8,49.0,1
WATCH-002497,2025-12-27T00:35:00,Italy,Science fiction,TV,Basic,120,33.2,27.7,3
WATCH-002498,2025-09-20T08:01:00,Netherlands,Thriller,Laptop,Standard,90,11.2,12.4,2
WATCH-002499,2025-11-03T13:25:00,Spain,Thriller,Laptop,Basic,22,13.4,60.9,4
WATCH-002500,2025-10-13T19:26:00,Sweden,Documentary,TV,Basic,30,17.5,58.3,5
WATCH-002501,2025-04-08T04:14:00,Netherlands,Comedy,Phone,Standard,30,29.4,98.0,1
WATCH-002502,2025-06-06T21:37:00,Netherlands,Animation,TV,Basic,22,8.2,37.3,4
WATCH-002503,2025-05-05T09:40:00,Spain,Thriller,Phone,Standard,22,5.5,25.0,1
WATCH-002504,2025-11-10T14:56:00,Netherlands,Thriller,TV,Basic,45,12.0,26.7,1
WATCH-002505,2025-03-07T04:47:00,France,Documentary,Laptop,Premium,45,27.2,60.4,5
WATCH-002506,2025-10-17T18:32:00,Netherlands,Animation,TV,Premium,45,25.0,55.6,1
WATCH-002507,2025-02-12T09:29:00,Netherlands,Thriller,TV,Standard,90,11.9,13.2,1
WATCH-002508,2025-02-07T10:05:00,Sweden,Drama,Tablet,Basic,120,61.5,51.2,2
WATCH-002509,2025-10-11T02:20:00,France,Documentary,Phone,Basic,30,14.4,48.0,5
WATCH-002510,2025-02-22T07:15:00,Sweden,Animation,Tablet,Basic,60,36.8,61.3,3
WATCH-002511,2025-08-27T13:17:00,Spain,Drama,Laptop,Basic,45,22.2,49.3,3
WATCH-002512,2025-09-06T22:12:00,Spain,Science fiction,TV,Standard,22,14.1,64.1,1
WATCH-002513,2025-07-15T01:38:00,Spain,Animation,TV,Basic,120,54.4,45.3,3
WATCH-002514,2025-04-11T00:45:00,France,Drama,TV,Standard,120,92.8,77.3,3
WATCH-002515,2025-10-04T23:50:00,Italy,Drama,TV,Premium,60,12.4,20.7,5
WATCH-002516,2025-09-19T13:26:00,Sweden,Science fiction,Phone,Basic,120,84.3,70.2,4
WATCH-002517,2025-10-23T12:30:00,France,Animation,Laptop,Premium,90,26.5,,5
WATCH-002518,2025-08-09T11:33:00,Germany,Science fiction,Tablet,Standard,60,12.4,20.7,3
WATCH-002519,2025-01-15T01:23:00,Italy,Science fiction,Phone,Standard,30,27.8,92.7,3
WATCH-002520,2025-07-25T13:05:00,France,Comedy,Laptop,Standard,120,12.8,10.7,2
WATCH-002521,2025-12-11T18:44:00,Germany,Drama,Phone,Premium,120,75.2,62.7,2
WATCH-002522,2025-01-23T17:11:00,Sweden,Thriller,Laptop,Premium,90,10.5,11.7,5
WATCH-002523,2025-07-14T11:59:00,Germany,Animation,Phone,Premium,120,16.2,13.5,4
WATCH-002524,2025-09-10T02:10:00,Netherlands,Comedy,Laptop,Premium,90,77.2,85.8,4
WATCH-002525,2025-08-20T03:36:00,France,Science fiction,Laptop,Basic,120,80.7,67.2,1
WATCH-002526,2025-09-27T16:59:00,Netherlands,Science fiction,Tablet,Basic,30,11.4,38.0,1
WATCH-002527,2025-11-19T22:15:00,Sweden,Documentary,Laptop,Standard,22,5.0,22.7,3
WATCH-002528,2025-05-24T06:02:00,France,Documentary,Laptop,Standard,120,32.7,27.3,2
WATCH-002529,2025-11-29T06:32:00,Sweden,Documentary,Phone,Basic,22,11.2,50.9,1
WATCH-002530,2025-09-30T03:26:00,Sweden,Drama,TV,Standard,120,88.6,73.8,1
WATCH-002531,2025-12-06T16:07:00,Spain,Thriller,Laptop,Standard,30,21.9,73.0,1
WATCH-002532,2025-01-09T19:19:00,France,Animation,TV,Basic,60,31.5,52.5,2
WATCH-002533,2025-04-24T00:32:00,Netherlands,Drama,Laptop,Standard,120,48.7,40.6,3
WATCH-002534,2025-01-20T23:19:00,Spain,Thriller,Tablet,Basic,30,8.0,26.7,1
WATCH-002535,2025-09-28T13:16:00,Netherlands,Drama,Phone,Standard,22,12.8,58.2,1
WATCH-002536,2025-10-08T04:17:00,Italy,Science fiction,Tablet,Basic,45,24.6,54.7,5
WATCH-002537,2025-05-06T12:24:00,Sweden,Thriller,Laptop,Standard,60,21.9,36.5,5
WATCH-002538,2025-12-08T00:51:00,Spain,Documentary,Tablet,Standard,60,38.9,64.8,3
WATCH-002539,2025-11-07T07:37:00,Italy,Comedy,Phone,Premium,22,2.8,12.7,1
WATCH-002540,2025-10-07T14:23:00,Italy,Science fiction,Phone,Basic,60,35.7,59.5,1
WATCH-002541,2025-11-27T09:01:00,Germany,Thriller,Tablet,Premium,45,17.8,39.6,1
WATCH-002542,2025-12-13T15:21:00,Spain,Thriller,TV,Standard,60,7.6,12.7,1
WATCH-002543,2025-10-03T11:43:00,Netherlands,Science fiction,TV,Standard,60,38.2,63.7,1
WATCH-002544,2025-07-28T17:16:00,Spain,Documentary,Phone,Basic,60,55.4,92.3,4
WATCH-002545,2025-09-29T09:40:00,France,Comedy,Laptop,Premium,22,18.2,82.7,1
WATCH-002546,2025-08-23T13:28:00,Germany,Documentary,Phone,Premium,45,14.1,31.3,1
WATCH-002547,2025-05-31T02:35:00,France,Science fiction,Phone,Premium,90,32.6,36.2,5
WATCH-002548,2025-05-27T09:42:00,Sweden,Science fiction,Phone,Standard,90,14.9,16.6,3
WATCH-002549,2025-07-12T21:18:00,Germany,Comedy,Phone,Standard,120,116.6,97.2,5
WATCH-002550,2025-04-05T00:55:00,Netherlands,Drama,TV,Basic,45,32.5,72.2,2
WATCH-002551,2025-04-17T00:17:00,Germany,Science fiction,Tablet,Premium,90,10.2,11.3,3
WATCH-002552,2025-08-01T12:12:00,Germany,Drama,Phone,Basic,60,47.8,79.7,4
WATCH-002553,2025-12-01T05:09:00,Spain,Science fiction,Tablet,Basic,120,17.4,14.5,4
WATCH-002554,2025-04-23T01:53:00,France,Thriller,Laptop,Standard,60,54.5,,2
WATCH-002555,2025-12-01T16:04:00,Sweden,Comedy,Phone,Standard,22,8.3,37.7,4
WATCH-002556,2025-12-08T09:29:00,Germany,Thriller,Tablet,Basic,120,38.6,32.2,1
WATCH-002557,2025-08-07T15:11:00,Italy,Comedy,TV,Standard,22,19.6,89.1,5
WATCH-002558,2025-06-23T17:47:00,France,Science fiction,Laptop,Premium,22,16.2,73.6,1
WATCH-002559,2025-01-25T07:36:00,Spain,Documentary,TV,Basic,90,87.7,97.4,5
WATCH-002560,2025-11-17T09:17:00,Spain,Comedy,Tablet,Standard,30,3.5,11.7,3
WATCH-002561,2025-12-05T06:40:00,Sweden,Comedy,Tablet,Premium,90,78.2,86.9,5
WATCH-002562,2025-04-25T19:20:00,Sweden,Thriller,TV,Premium,90,80.0,88.9,4
WATCH-002563,2025-06-20T10:48:00,France,Comedy,Phone,Basic,90,61.7,68.6,1
WATCH-002564,2025-12-27T10:58:00,Sweden,Thriller,Phone,Standard,22,4.9,22.3,3
WATCH-002565,2025-03-19T22:10:00,Spain,Animation,Tablet,Standard,120,81.4,67.8,4
WATCH-002566,2025-10-24T10:36:00,Italy,Thriller,Tablet,Standard,30,4.0,13.3,5
WATCH-002567,2025-08-11T06:43:00,Netherlands,Science fiction,Phone,Basic,22,6.8,30.9,2
WATCH-002568,2025-12-08T10:32:00,Sweden,Comedy,Laptop,Standard,60,27.2,45.3,2
WATCH-002569,2025-11-06T09:18:00,Germany,Science fiction,Laptop,Standard,30,5.9,19.7,4
WATCH-002570,2025-03-08T18:25:00,Netherlands,Documentary,TV,Basic,22,21.0,95.5,1
WATCH-002571,2025-08-03T18:49:00,Sweden,Science fiction,TV,Basic,30,18.0,60.0,3
WATCH-002572,2025-03-22T12:47:00,Italy,Documentary,TV,Basic,22,17.7,80.5,1
WATCH-002573,2025-05-26T06:39:00,Spain,Comedy,Phone,Standard,30,3.9,13.0,1
WATCH-002574,2025-02-07T06:36:00,France,Thriller,,Premium,45,30.5,67.8,3
WATCH-002575,2025-06-02T06:02:00,France,Documentary,Phone,Standard,22,13.9,63.2,2
WATCH-002576,2025-09-11T00:05:00,Sweden,Science fiction,TV,Basic,22,7.1,32.3,3
WATCH-002577,2025-06-16T03:34:00,Sweden,Science fiction,Phone,Basic,22,1.5,6.8,4
WATCH-002578,2025-07-25T16:35:00,France,Comedy,Laptop,Standard,45,39.4,87.6,5
WATCH-002579,2025-09-18T20:38:00,Netherlands,Science fiction,Laptop,Standard,90,18.3,20.3,1
WATCH-002580,2025-06-06T19:18:00,Germany,Comedy,Tablet,Basic,90,87.7,97.4,2
WATCH-002581,2025-12-12T06:02:00,Sweden,Thriller,Tablet,Premium,30,16.9,56.3,2
WATCH-002582,2025-02-14T12:41:00,Italy,Animation,TV,Basic,30,18.2,60.7,5
WATCH-002583,2025-11-04T16:48:00,France,Drama,Phone,Standard,22,7.2,32.7,5
WATCH-002584,2025-03-24T12:04:00,Spain,Drama,Phone,Basic,90,62.7,69.7,2
WATCH-002585,2025-03-01T01:45:00,France,Science fiction,TV,Basic,45,40.3,89.6,4
WATCH-002586,2025-12-27T05:10:00,Sweden,Science fiction,TV,Standard,120,83.5,69.6,2
WATCH-002587,2025-07-23T00:18:00,Germany,Comedy,Tablet,Standard,90,88.8,98.7,5
WATCH-002588,2025-05-21T13:30:00,Italy,Comedy,Phone,Premium,90,20.2,22.4,4
WATCH-002589,2025-02-23T19:52:00,Germany,Drama,Laptop,Basic,45,34.1,75.8,5
WATCH-002590,2025-07-29T15:10:00,Germany,Thriller,Phone,Basic,45,6.6,14.7,1
WATCH-002591,2025-05-19T12:11:00,Germany,Comedy,TV,Premium,30,29.1,,1
WATCH-002592,2025-07-29T05:51:00,Italy,Drama,Laptop,Basic,45,25.8,57.3,1
WATCH-002593,2025-04-12T07:31:00,Netherlands,Drama,Laptop,Basic,60,9.2,15.3,3
WATCH-002594,2025-09-25T11:59:00,Netherlands,Comedy,Phone,Premium,45,16.0,35.6,4
WATCH-002595,2025-03-04T05:04:00,Sweden,Thriller,TV,Standard,120,86.2,71.8,5
WATCH-002596,2025-01-25T04:52:00,Netherlands,Animation,Phone,Basic,60,56.4,94.0,5
WATCH-002597,2025-07-24T21:28:00,Netherlands,Thriller,TV,Premium,22,8.2,37.3,5
WATCH-002598,2025-02-28T05:32:00,Italy,Documentary,TV,Basic,45,22.2,49.3,1
WATCH-002599,2025-09-04T09:08:00,Germany,Documentary,Laptop,Premium,60,30.0,50.0,3
WATCH-002600,2025-05-26T11:17:00,Netherlands,Comedy,Phone,Standard,90,25.2,28.0,4
WATCH-002601,2025-05-15T02:05:00,Netherlands,Thriller,Phone,Premium,22,7.6,34.5,5
WATCH-002602,2025-01-23T10:13:00,France,Science fiction,Phone,Basic,45,2.8,6.2,5
WATCH-002603,2025-04-25T16:12:00,France,Documentary,Laptop,Standard,120,84.8,70.7,2
WATCH-002604,2025-02-08T23:00:00,Spain,Documentary,Phone,Basic,120,61.6,51.3,2
WATCH-002605,2025-11-07T04:15:00,Italy,Thriller,Laptop,Basic,90,31.4,34.9,1
WATCH-002606,2025-12-21T02:02:00,Italy,Thriller,Laptop,Standard,22,10.7,48.6,2
WATCH-002607,2025-01-08T21:21:00,Spain,Drama,Phone,Standard,120,115.6,96.3,3
WATCH-002608,2025-01-15T06:03:00,Spain,Science fiction,Tablet,Standard,90,11.5,12.8,1
WATCH-002609,2025-03-27T01:07:00,Sweden,Documentary,Laptop,Standard,30,9.9,33.0,4
WATCH-002610,2025-04-21T09:48:00,Germany,Animation,Tablet,Basic,30,6.9,23.0,4
WATCH-002611,2025-03-17T16:28:00,France,Comedy,TV,Basic,45,41.4,92.0,3
WATCH-002612,2025-03-24T14:53:00,Italy,Science fiction,Phone,Basic,45,19.2,42.7,1
WATCH-002613,2025-07-03T22:38:00,Sweden,Animation,Tablet,Standard,45,36.8,81.8,2
WATCH-002614,2025-03-24T19:56:00,Italy,Science fiction,Tablet,Basic,30,9.3,31.0,4
WATCH-002615,2025-05-30T14:41:00,France,Comedy,TV,Basic,120,71.0,59.2,2
WATCH-002616,2025-11-04T06:07:00,Sweden,Drama,Phone,Standard,120,74.1,61.7,2
WATCH-002617,2025-06-16T05:57:00,France,Documentary,Phone,Basic,22,12.5,56.8,1
WATCH-002618,2025-12-08T13:31:00,France,Animation,Phone,Premium,90,71.8,79.8,4
WATCH-002619,2025-04-06T10:33:00,Spain,Thriller,Tablet,Standard,30,16.1,53.7,5
WATCH-002620,2025-09-09T20:54:00,Italy,Thriller,TV,Basic,90,79.1,87.9,2
WATCH-002621,2025-02-25T19:13:00,Italy,Science fiction,Tablet,Premium,120,47.4,39.5,5
WATCH-002622,2025-08-09T15:39:00,Germany,Animation,TV,Basic,45,29.0,64.4,5
WATCH-002623,2025-05-30T12:27:00,Spain,Science fiction,Phone,Standard,22,1.7,7.7,2
WATCH-002624,2025-08-26T10:13:00,Italy,Comedy,TV,Standard,60,15.4,25.7,2
WATCH-002625,2025-02-08T09:53:00,France,Documentary,TV,Premium,22,6.1,27.7,3
WATCH-002626,2025-06-20T01:57:00,Sweden,Comedy,Tablet,Premium,60,56.2,93.7,5
WATCH-002627,2025-07-05T16:08:00,Italy,Drama,Laptop,Standard,120,19.9,16.6,4
WATCH-002628,2025-12-17T15:27:00,Netherlands,Animation,Phone,Standard,90,87.9,,5
WATCH-002629,2025-01-20T14:32:00,Spain,Documentary,Phone,Premium,45,10.9,24.2,4
WATCH-002630,2025-12-14T12:27:00,Germany,Documentary,Phone,Premium,45,19.0,42.2,2
WATCH-002631,2025-06-19T21:56:00,Sweden,Comedy,TV,Basic,60,5.7,9.5,3
WATCH-002632,2025-02-03T06:22:00,Sweden,Thriller,TV,Basic,22,21.6,98.2,1
WATCH-002633,2025-09-19T15:15:00,Netherlands,Documentary,Laptop,Standard,120,102.8,85.7,5
WATCH-002634,2025-06-22T03:29:00,Netherlands,Science fiction,Phone,Standard,45,22.0,48.9,4
WATCH-002635,2025-02-27T10:57:00,Netherlands,Drama,Laptop,Premium,90,5.4,6.0,2
WATCH-002636,2025-07-07T01:57:00,Italy,Comedy,Laptop,Premium,45,16.6,36.9,3
WATCH-002637,2025-11-05T14:04:00,Italy,Animation,Tablet,Basic,90,39.2,43.6,5
WATCH-002638,2025-03-02T03:45:00,Italy,Documentary,Phone,Basic,22,14.9,67.7,5
WATCH-002639,2025-07-11T19:53:00,Sweden,Drama,Phone,Premium,120,108.3,90.2,1
WATCH-002640,2025-07-31T11:37:00,France,Drama,Tablet,Standard,22,16.2,73.6,4
WATCH-002641,2025-05-13T12:58:00,Sweden,Thriller,TV,Premium,22,8.7,39.5,5
WATCH-002642,2025-05-06T18:30:00,Germany,Animation,Laptop,Premium,22,8.5,38.6,4
WATCH-002643,2025-08-15T20:23:00,France,Documentary,Laptop,Standard,22,6.9,31.4,3
WATCH-002644,2025-07-02T15:59:00,Italy,Thriller,Phone,Basic,45,24.3,54.0,1
WATCH-002645,2025-04-14T20:34:00,Spain,Thriller,Tablet,Standard,90,48.7,54.1,4
WATCH-002646,2025-04-02T18:07:00,Italy,Animation,TV,Premium,120,60.0,50.0,5
WATCH-002647,2025-05-17T08:01:00,Netherlands,Comedy,Phone,Basic,45,24.3,54.0,3
WATCH-002648,2025-10-27T05:34:00,Italy,Science fiction,Laptop,Premium,60,33.9,56.5,5
WATCH-002649,2025-02-21T16:01:00,Netherlands,Science fiction,TV,Standard,120,55.7,46.4,3
WATCH-002650,2025-09-30T03:15:00,France,Documentary,Tablet,Premium,30,6.0,20.0,3
WATCH-002651,2025-06-03T01:00:00,Italy,Drama,TV,Basic,22,4.6,20.9,3
WATCH-002652,2025-12-14T15:36:00,France,Animation,TV,Standard,30,3.5,11.7,4
WATCH-002653,2025-11-29T20:01:00,Sweden,Comedy,Tablet,Standard,45,35.0,77.8,1
WATCH-002654,2025-07-13T08:09:00,Spain,Science fiction,Laptop,Standard,90,10.2,11.3,1
WATCH-002655,2025-12-15T19:04:00,Germany,Thriller,Tablet,Basic,120,23.3,19.4,2
WATCH-002656,2025-07-29T12:15:00,Spain,Documentary,Phone,Standard,120,114.0,95.0,2
WATCH-002657,2025-09-29T18:41:00,Italy,Animation,,Standard,60,13.7,22.8,1
WATCH-002658,2025-05-29T06:14:00,Sweden,Thriller,Tablet,Standard,22,9.0,40.9,3
WATCH-002659,2025-04-25T09:01:00,Netherlands,Comedy,Tablet,Premium,22,5.9,26.8,2
WATCH-002660,2025-08-08T04:11:00,Spain,Animation,Tablet,Basic,30,7.5,25.0,2
WATCH-002661,2025-03-22T16:12:00,Sweden,Comedy,Phone,Standard,90,22.8,25.3,3
WATCH-002662,2025-09-26T16:59:00,Germany,Science fiction,Phone,Premium,45,39.3,87.3,1
WATCH-002663,2025-07-16T10:35:00,Sweden,Animation,TV,Premium,22,5.9,26.8,2
WATCH-002664,2025-03-20T06:58:00,Italy,Comedy,Laptop,Standard,60,20.4,34.0,1
WATCH-002665,2025-06-21T06:58:00,Spain,Documentary,Laptop,Basic,60,29.5,,5
WATCH-002666,2025-05-22T22:39:00,Italy,Documentary,TV,Standard,30,13.7,45.7,4
WATCH-002667,2025-04-11T07:10:00,Germany,Comedy,Laptop,Premium,120,113.8,94.8,4
WATCH-002668,2025-03-13T20:49:00,Germany,Documentary,Phone,Premium,120,74.4,62.0,5
WATCH-002669,2025-06-08T17:23:00,Spain,Thriller,Laptop,Standard,90,66.5,73.9,4
WATCH-002670,2025-04-14T20:18:00,Netherlands,Animation,Tablet,Basic,30,27.8,92.7,4
WATCH-002671,2025-11-04T02:53:00,Spain,Drama,Phone,Premium,30,26.9,89.7,4
WATCH-002672,2025-12-16T20:28:00,Netherlands,Drama,TV,Basic,60,34.8,58.0,5
WATCH-002673,2025-05-29T11:57:00,Spain,Animation,Phone,Basic,45,22.3,49.6,2
WATCH-002674,2025-11-26T17:57:00,Spain,Science fiction,Laptop,Premium,90,75.8,84.2,3
WATCH-002675,2025-08-02T17:50:00,France,Documentary,Phone,Standard,45,3.7,8.2,1
WATCH-002676,2025-09-03T14:35:00,Netherlands,Drama,Tablet,Basic,22,21.6,98.2,3
WATCH-002677,2025-12-29T05:28:00,Sweden,Thriller,Phone,Premium,22,19.4,88.2,1
WATCH-002678,2025-12-23T09:46:00,France,Documentary,TV,Standard,120,119.1,99.2,4
WATCH-002679,2025-06-07T09:16:00,France,Comedy,TV,Standard,120,93.8,78.2,5
WATCH-002680,2025-04-15T03:09:00,Sweden,Drama,Tablet,Basic,120,69.5,57.9,5
WATCH-002681,2025-09-18T22:03:00,Italy,Drama,TV,Basic,120,52.1,43.4,1
WATCH-002682,2025-09-04T08:31:00,France,Documentary,TV,Standard,45,5.5,12.2,2
WATCH-002683,2025-11-23T21:35:00,Netherlands,Comedy,Laptop,Standard,22,19.5,88.6,3
WATCH-002684,2025-03-31T09:26:00,Spain,Comedy,Tablet,Basic,22,18.2,82.7,4
WATCH-002685,2025-08-07T22:52:00,Sweden,Animation,TV,Premium,45,28.4,63.1,4
WATCH-002686,2025-06-01T09:31:00,Spain,Science fiction,Phone,Standard,22,21.0,95.5,4
WATCH-002687,2025-05-17T13:00:00,Sweden,Thriller,Phone,Premium,90,59.4,66.0,4
WATCH-002688,2025-03-20T06:29:00,Spain,Comedy,Phone,Premium,90,86.4,96.0,1
WATCH-002689,2025-07-22T07:16:00,Spain,Animation,TV,Premium,90,16.6,18.4,2
WATCH-002690,2025-02-07T14:59:00,Sweden,Animation,TV,Premium,90,73.0,81.1,5
WATCH-002691,2025-04-25T11:50:00,Sweden,Science fiction,Phone,Standard,22,5.8,26.4,2
WATCH-002692,2025-08-09T13:51:00,Germany,Documentary,Laptop,Standard,90,53.8,59.8,4
WATCH-002693,2025-02-12T23:17:00,France,Science fiction,Laptop,Basic,90,18.0,20.0,1
WATCH-002694,2025-05-14T08:52:00,Italy,Thriller,Tablet,Basic,22,16.5,75.0,1
WATCH-002695,2025-06-04T00:31:00,France,Comedy,Laptop,Basic,30,17.3,57.7,1
WATCH-002696,2025-06-20T12:46:00,Netherlands,Science fiction,Phone,Premium,22,13.1,59.5,3
WATCH-002697,2025-05-13T05:53:00,Spain,Science fiction,Phone,Basic,30,28.5,95.0,4
WATCH-002698,2025-12-28T04:40:00,Sweden,Science fiction,Laptop,Standard,22,12.5,56.8,1
WATCH-002699,2025-08-08T07:21:00,Germany,Drama,Laptop,Basic,60,29.1,48.5,5
WATCH-002700,2025-11-03T13:17:00,Germany,Comedy,TV,Basic,45,28.5,63.3,1
WATCH-002701,2025-05-09T03:45:00,Germany,Documentary,Tablet,Premium,30,15.9,53.0,4
WATCH-002702,2025-02-24T06:35:00,Italy,Animation,TV,Premium,60,25.2,,2
WATCH-002703,2025-07-19T01:50:00,Germany,Documentary,Tablet,Premium,120,95.0,79.2,3
WATCH-002704,2025-03-31T00:10:00,Italy,Animation,Phone,Premium,120,70.6,58.8,3
WATCH-002705,2025-04-14T04:04:00,France,Drama,Tablet,Standard,45,4.1,9.1,3
WATCH-002706,2025-04-29T00:02:00,France,Comedy,TV,Premium,30,19.4,64.7,2
WATCH-002707,2025-03-18T03:46:00,Germany,Science fiction,Phone,Standard,30,24.9,83.0,4
WATCH-002708,2025-04-07T02:18:00,Germany,Documentary,Laptop,Premium,90,32.7,36.3,4
WATCH-002709,2025-02-20T01:25:00,Italy,Comedy,Phone,Basic,120,10.4,8.7,5
WATCH-002710,2025-12-15T04:33:00,Sweden,Comedy,TV,Standard,60,36.5,60.8,4
WATCH-002711,2025-12-29T19:11:00,France,Comedy,Laptop,Basic,120,33.7,28.1,2
WATCH-002712,2025-03-01T02:50:00,Netherlands,Comedy,TV,Basic,60,6.4,10.7,5
WATCH-002713,2025-07-20T22:29:00,Spain,Animation,TV,Basic,30,15.3,51.0,2
WATCH-002714,2025-12-14T22:21:00,Italy,Animation,Tablet,Standard,60,12.5,20.8,1
WATCH-002715,2025-12-22T06:50:00,Netherlands,Thriller,TV,Basic,30,4.5,15.0,5
WATCH-002716,2025-07-24T04:03:00,Spain,Documentary,Tablet,Premium,120,109.4,91.2,1
WATCH-002717,2025-07-18T06:38:00,Germany,Drama,TV,Standard,22,6.6,30.0,5
WATCH-002718,2025-06-24T01:56:00,Sweden,Comedy,Phone,Basic,22,14.3,65.0,2
WATCH-002719,2025-02-08T17:46:00,Netherlands,Drama,TV,Standard,60,45.3,75.5,5
WATCH-002720,2025-11-02T14:56:00,Netherlands,Science fiction,Laptop,Basic,120,119.9,99.9,1
WATCH-002721,2025-04-05T09:06:00,Spain,Animation,Tablet,Premium,45,21.4,47.6,2
WATCH-002722,2025-05-27T00:23:00,Italy,Comedy,Laptop,Basic,90,84.2,93.6,5
WATCH-002723,2025-05-03T07:54:00,Germany,Drama,Phone,Basic,90,20.0,22.2,2
WATCH-002724,2025-04-30T23:11:00,Italy,Comedy,Phone,Premium,60,42.3,70.5,1
WATCH-002725,2025-03-12T13:30:00,Italy,Comedy,TV,Basic,90,62.0,68.9,3
WATCH-002726,2025-03-25T01:17:00,Italy,Drama,TV,Premium,22,20.7,94.1,3
WATCH-002727,2025-03-22T18:57:00,Germany,Drama,TV,Standard,90,68.8,76.4,1
WATCH-002728,2025-09-01T10:31:00,Germany,Drama,TV,Standard,30,24.7,82.3,1
WATCH-002729,2025-06-29T08:23:00,Spain,Thriller,TV,Standard,90,37.8,42.0,5
WATCH-002730,2025-05-24T21:07:00,Italy,Drama,Laptop,Basic,45,14.9,33.1,3
WATCH-002731,2025-02-22T03:25:00,Spain,Documentary,Tablet,Basic,30,4.7,15.7,1
WATCH-002732,2025-08-05T18:47:00,Spain,Comedy,TV,Basic,60,21.0,35.0,2
WATCH-002733,2025-04-30T15:27:00,France,Comedy,Laptop,Basic,120,14.5,12.1,4
WATCH-002734,2025-09-23T22:17:00,France,Thriller,Tablet,Premium,120,9.3,7.8,1
WATCH-002735,2025-03-04T04:18:00,Netherlands,Documentary,TV,Basic,60,55.4,92.3,2
WATCH-002736,2025-08-30T15:09:00,Germany,Documentary,TV,Standard,22,15.6,70.9,2
WATCH-002737,2025-08-16T15:38:00,Sweden,Science fiction,Tablet,Premium,60,31.1,51.8,4
WATCH-002738,2025-09-01T10:30:00,Germany,Documentary,Phone,Premium,90,77.5,86.1,5
WATCH-002739,2025-07-03T14:23:00,Germany,Drama,Tablet,Standard,30,12.4,,2
WATCH-002740,2025-08-20T19:04:00,Sweden,Thriller,,Basic,90,17.4,19.3,4
WATCH-002741,2025-02-22T11:45:00,Sweden,Science fiction,Phone,Premium,30,26.5,88.3,1
WATCH-002742,2025-02-27T05:58:00,Netherlands,Drama,Phone,Premium,120,89.1,74.2,5
WATCH-002743,2025-06-23T22:13:00,Spain,Science fiction,TV,Basic,60,36.2,60.3,2
WATCH-002744,2025-08-09T18:48:00,Italy,Drama,Tablet,Premium,120,75.0,62.5,2
WATCH-002745,2025-05-03T03:34:00,France,Comedy,Laptop,Basic,45,43.1,95.8,2
WATCH-002746,2025-03-31T21:44:00,Spain,Drama,Phone,Premium,22,14.5,65.9,3
WATCH-002747,2025-02-26T05:16:00,Spain,Thriller,Laptop,Basic,30,16.3,54.3,2
WATCH-002748,2025-07-24T08:28:00,Italy,Drama,Tablet,Standard,30,8.1,27.0,3
WATCH-002749,2025-06-08T06:26:00,Italy,Science fiction,TV,Standard,30,11.2,37.3,4
WATCH-002750,2025-05-04T23:50:00,Italy,Drama,Phone,Basic,90,21.1,23.4,5
WATCH-002751,2025-03-16T12:38:00,Spain,Drama,Phone,Basic,22,4.4,20.0,4
WATCH-002752,2025-07-24T17:56:00,Spain,Drama,Tablet,Standard,60,27.1,45.2,5
WATCH-002753,2025-02-06T04:24:00,Spain,Drama,Tablet,Premium,30,18.1,60.3,1
WATCH-002754,2025-12-30T13:54:00,Netherlands,Animation,Tablet,Standard,22,1.2,5.5,1
WATCH-002755,2025-03-22T00:20:00,Spain,Science fiction,TV,Standard,60,55.5,92.5,3
WATCH-002756,2025-03-13T19:12:00,France,Comedy,Laptop,Basic,90,40.6,45.1,3
WATCH-002757,2025-01-21T15:52:00,Spain,Documentary,Laptop,Basic,90,20.1,22.3,2
WATCH-002758,2025-11-14T12:43:00,Spain,Comedy,Laptop,Basic,90,38.4,42.7,4
WATCH-002759,2025-12-07T01:26:00,Italy,Science fiction,Laptop,Basic,30,12.9,43.0,1
WATCH-002760,2025-03-16T11:39:00,Germany,Comedy,TV,Premium,22,4.5,20.5,2
WATCH-002761,2025-07-12T08:27:00,Italy,Comedy,Laptop,Premium,45,40.4,89.8,1
WATCH-002762,2025-02-06T05:03:00,Netherlands,Science fiction,Tablet,Basic,120,111.5,92.9,1
WATCH-002763,2025-03-04T08:22:00,Netherlands,Science fiction,Phone,Premium,30,8.4,28.0,3
WATCH-002764,2025-11-27T17:20:00,Spain,Drama,Phone,Basic,90,53.9,59.9,4
WATCH-002765,2025-09-23T00:48:00,Italy,Animation,Phone,Basic,30,12.0,40.0,2
WATCH-002766,2025-07-03T20:55:00,Germany,Comedy,Tablet,Premium,30,13.7,45.7,2
WATCH-002767,2025-06-07T12:12:00,Italy,Drama,Tablet,Standard,60,56.3,93.8,1
WATCH-002768,2025-02-13T23:55:00,Sweden,Animation,Phone,Basic,22,6.7,30.5,5
WATCH-002769,2025-04-13T21:21:00,Netherlands,Science fiction,Laptop,Basic,22,5.0,22.7,4
WATCH-002770,2025-09-27T12:39:00,Spain,Comedy,Laptop,Premium,90,89.8,99.8,3
WATCH-002771,2025-02-22T23:44:00,Spain,Drama,Phone,Standard,30,27.1,90.3,2
WATCH-002772,2025-10-27T20:00:00,Italy,Drama,Tablet,Premium,120,56.7,47.2,1
WATCH-002773,2025-11-14T18:20:00,Sweden,Animation,Laptop,Standard,120,104.2,86.8,3
WATCH-002774,2025-06-30T03:32:00,Germany,Drama,Phone,Premium,120,74.4,62.0,3
WATCH-002775,2025-12-30T08:41:00,Germany,Documentary,Tablet,Standard,45,44.1,98.0,5
WATCH-002776,2025-12-02T02:07:00,Netherlands,Comedy,TV,Premium,60,9.4,,2
WATCH-002777,2025-08-05T01:14:00,Italy,Documentary,TV,Premium,30,14.4,48.0,3
WATCH-002778,2025-05-10T09:51:00,Italy,Thriller,Tablet,Premium,22,15.0,68.2,4
WATCH-002779,2025-02-13T05:22:00,France,Drama,TV,Basic,22,3.2,14.5,4
WATCH-002780,2025-03-25T23:59:00,France,Drama,Laptop,Basic,120,65.8,54.8,2
WATCH-002781,2025-08-02T00:10:00,Italy,Animation,TV,Premium,120,93.4,77.8,2
WATCH-002782,2025-11-26T21:27:00,Germany,Comedy,Laptop,Standard,30,15.0,50.0,3
WATCH-002783,2025-06-16T21:21:00,Italy,Drama,Tablet,Premium,90,11.4,12.7,5
WATCH-002784,2025-06-17T22:06:00,Sweden,Drama,TV,Premium,22,11.1,50.5,5
WATCH-002785,2025-01-21T01:35:00,Germany,Science fiction,Laptop,Standard,22,21.6,98.2,3
WATCH-002786,2025-06-10T05:23:00,Sweden,Animation,Tablet,Basic,22,21.5,97.7,1
WATCH-002787,2025-07-30T14:11:00,France,Documentary,Phone,Premium,90,42.4,47.1,2
WATCH-002788,2025-11-25T16:20:00,Sweden,Animation,Laptop,Standard,45,41.7,92.7,3
WATCH-002789,2025-08-18T11:29:00,Sweden,Comedy,Phone,Premium,90,26.1,29.0,5
WATCH-002790,2025-09-27T10:16:00,Sweden,Animation,TV,Basic,45,32.5,72.2,3
WATCH-002791,2025-03-20T01:01:00,Netherlands,Science fiction,Phone,Standard,30,25.3,84.3,1
WATCH-002792,2025-10-31T21:25:00,Germany,Comedy,Phone,Basic,30,19.7,65.7,1
WATCH-002793,2025-06-11T06:23:00,Spain,Science fiction,Laptop,Premium,120,64.9,54.1,1
WATCH-002794,2025-09-09T15:51:00,Spain,Thriller,Tablet,Standard,120,19.4,16.2,2
WATCH-002795,2025-01-04T13:12:00,France,Drama,Tablet,Basic,22,7.3,33.2,3
WATCH-002796,2025-12-06T21:53:00,Spain,Thriller,Phone,Basic,22,14.1,64.1,3
WATCH-002797,2025-10-25T10:35:00,Italy,Science fiction,Phone,Standard,45,16.5,36.7,5
WATCH-002798,2025-01-07T04:34:00,Netherlands,Thriller,Laptop,Basic,30,24.8,82.7,2
WATCH-002799,2025-01-11T14:45:00,France,Documentary,Laptop,Premium,60,50.4,84.0,2
WATCH-002800,2025-02-21T05:31:00,Germany,Comedy,TV,Basic,45,19.4,43.1,5
WATCH-002801,2025-02-10T11:54:00,France,Comedy,TV,Basic,30,21.8,72.7,2
WATCH-002802,2025-12-17T12:22:00,Spain,Thriller,TV,Basic,22,2.3,10.5,2
WATCH-002803,2025-12-14T22:51:00,Sweden,Science fiction,Laptop,Premium,90,89.8,99.8,1
WATCH-002804,2025-09-06T09:22:00,Spain,Documentary,Laptop,Premium,30,9.4,31.3,5
WATCH-002805,2025-10-17T17:28:00,Germany,Documentary,Tablet,Standard,90,75.5,83.9,3
WATCH-002806,2025-04-30T10:19:00,Netherlands,Science fiction,Tablet,Basic,22,21.4,97.3,3
WATCH-002807,2025-10-07T13:37:00,Spain,Science fiction,TV,Basic,22,18.7,85.0,5
WATCH-002808,2025-08-01T17:44:00,Spain,Science fiction,Phone,Standard,90,63.3,70.3,1
WATCH-002809,2025-06-17T06:56:00,Italy,Science fiction,TV,Premium,30,30.0,100.0,2
WATCH-002810,2025-06-01T13:51:00,Germany,Documentary,TV,Standard,45,17.5,38.9,1
WATCH-002811,2025-11-01T10:31:00,France,Comedy,TV,Premium,60,21.4,35.7,5
WATCH-002812,2025-12-01T14:02:00,Italy,Animation,Laptop,Basic,45,27.0,60.0,3
WATCH-002813,2025-05-15T04:06:00,Italy,Science fiction,Phone,Premium,22,21.5,,5
WATCH-002814,2025-09-04T10:41:00,Germany,Animation,Phone,Standard,120,87.0,72.5,2
WATCH-002815,2025-10-13T10:45:00,Netherlands,Drama,Phone,Standard,90,18.2,20.2,1
WATCH-002816,2025-06-06T17:24:00,Italy,Science fiction,Laptop,Premium,45,31.4,69.8,4
WATCH-002817,2025-07-23T14:13:00,France,Documentary,TV,Standard,120,116.0,96.7,2
WATCH-002818,2025-06-18T15:45:00,Netherlands,Documentary,Phone,Premium,120,108.9,90.8,3
WATCH-002819,2025-03-09T17:12:00,Germany,Documentary,Tablet,Premium,120,66.4,55.3,1
WATCH-002820,2025-10-11T00:04:00,France,Drama,TV,Standard,45,8.4,18.7,2
WATCH-002821,2025-01-02T08:00:00,France,Science fiction,Tablet,Basic,22,12.0,54.5,2
WATCH-002822,2025-02-03T21:03:00,France,Drama,Tablet,Standard,120,39.1,32.6,2
WATCH-002823,2025-02-08T04:20:00,Sweden,Documentary,,Standard,90,14.1,15.7,3
WATCH-002824,2025-02-10T07:09:00,France,Animation,Tablet,Basic,120,69.6,58.0,5
WATCH-002825,2025-11-04T12:11:00,France,Science fiction,Phone,Standard,60,22.8,38.0,4
WATCH-002826,2025-02-16T09:41:00,Germany,Animation,Tablet,Standard,45,24.9,55.3,5
WATCH-002827,2025-08-24T23:52:00,France,Comedy,Phone,Premium,22,6.1,27.7,5
WATCH-002828,2025-03-13T18:19:00,Spain,Documentary,Phone,Basic,60,49.0,81.7,4
WATCH-002829,2025-06-27T17:31:00,Sweden,Drama,Phone,Premium,120,8.8,7.3,1
WATCH-002830,2025-05-03T23:33:00,Sweden,Science fiction,Tablet,Basic,30,9.4,31.3,2
WATCH-002831,2025-08-19T21:05:00,France,Animation,Laptop,Premium,120,73.7,61.4,2
WATCH-002832,2025-03-26T13:39:00,Netherlands,Drama,TV,Premium,60,53.7,89.5,1
WATCH-002833,2025-11-16T01:13:00,France,Animation,Phone,Premium,120,21.4,17.8,4
WATCH-002834,2025-06-11T23:13:00,Sweden,Documentary,TV,Premium,90,36.3,40.3,1
WATCH-002835,2025-02-11T11:40:00,Sweden,Science fiction,Laptop,Basic,120,52.5,43.8,4
WATCH-002836,2025-12-14T13:43:00,Sweden,Animation,Tablet,Standard,60,34.1,56.8,3
WATCH-002837,2025-06-22T10:06:00,Spain,Drama,Tablet,Standard,60,40.0,66.7,2
WATCH-002838,2025-05-31T06:07:00,Spain,Animation,Phone,Standard,30,21.1,70.3,4
WATCH-002839,2025-12-14T01:01:00,France,Thriller,TV,Standard,45,20.1,44.7,5
WATCH-002840,2025-10-21T11:22:00,Sweden,Drama,Tablet,Premium,60,3.7,6.2,3
WATCH-002841,2025-01-27T01:32:00,Italy,Comedy,Laptop,Standard,22,10.7,48.6,4
WATCH-002842,2025-10-05T23:49:00,Spain,Thriller,TV,Basic,90,19.2,21.3,3
WATCH-002843,2025-05-06T05:17:00,Italy,Science fiction,Phone,Standard,45,37.4,83.1,5
WATCH-002844,2025-04-04T07:50:00,Germany,Documentary,Tablet,Premium,60,43.1,71.8,3
WATCH-002845,2025-12-11T11:56:00,Sweden,Documentary,Laptop,Standard,30,12.4,41.3,1
WATCH-002846,2025-12-06T17:30:00,Sweden,Drama,Laptop,Standard,30,19.0,63.3,5
WATCH-002847,2025-08-01T09:47:00,Spain,Documentary,Tablet,Premium,90,72.7,80.8,5
WATCH-002848,2025-01-16T19:40:00,Italy,Documentary,Tablet,Premium,90,69.8,77.6,5
WATCH-002849,2025-05-31T03:14:00,Germany,Animation,Tablet,Basic,45,37.7,83.8,1
WATCH-002850,2025-12-09T14:29:00,Italy,Science fiction,Laptop,Basic,90,4.6,,2
WATCH-002851,2025-03-16T15:44:00,France,Comedy,Phone,Standard,22,8.2,37.3,4
WATCH-002852,2025-05-17T03:15:00,Spain,Comedy,Tablet,Standard,90,76.5,85.0,4
WATCH-002853,2025-03-30T04:23:00,France,Science fiction,TV,Standard,90,80.0,88.9,4
WATCH-002854,2025-10-15T03:18:00,Sweden,Documentary,Laptop,Premium,45,17.7,39.3,1
WATCH-002855,2025-05-15T22:53:00,Italy,Science fiction,Laptop,Basic,120,61.4,51.2,1
WATCH-002856,2025-10-18T04:03:00,Italy,Science fiction,Laptop,Standard,22,18.9,85.9,1
WATCH-002857,2025-11-23T19:27:00,Netherlands,Thriller,TV,Premium,60,49.6,82.7,3
WATCH-002858,2025-06-10T04:41:00,Spain,Animation,Laptop,Basic,60,42.6,71.0,3
WATCH-002859,2025-08-13T02:20:00,Sweden,Thriller,TV,Premium,60,21.2,35.3,2
WATCH-002860,2025-09-16T08:13:00,France,Science fiction,TV,Basic,45,23.0,51.1,2
WATCH-002861,2025-05-13T21:15:00,France,Thriller,Tablet,Standard,30,13.5,45.0,5
WATCH-002862,2025-02-01T17:23:00,Italy,Comedy,TV,Standard,30,26.1,87.0,4
WATCH-002863,2025-01-30T02:26:00,Sweden,Science fiction,Laptop,Basic,120,44.9,37.4,2
WATCH-002864,2025-02-14T08:17:00,France,Documentary,Phone,Basic,22,8.1,36.8,5
WATCH-002865,2025-12-07T10:31:00,Spain,Comedy,Laptop,Basic,90,16.7,18.6,4
WATCH-002866,2025-09-25T07:53:00,Sweden,Drama,TV,Premium,60,3.5,5.8,4
WATCH-002867,2025-08-15T06:48:00,France,Science fiction,Phone,Basic,22,9.2,41.8,1
WATCH-002868,2025-08-16T04:46:00,Netherlands,Documentary,TV,Basic,22,7.3,33.2,5
WATCH-002869,2025-10-27T00:46:00,Spain,Comedy,Tablet,Basic,30,24.1,80.3,1
WATCH-002870,2025-07-06T11:08:00,Italy,Animation,Tablet,Basic,22,14.3,65.0,5
WATCH-002871,2025-02-12T03:54:00,Sweden,Science fiction,Tablet,Basic,30,7.6,25.3,1
WATCH-002872,2025-08-06T21:11:00,France,Drama,Laptop,Premium,120,113.1,94.2,5
WATCH-002873,2025-10-30T21:33:00,Spain,Science fiction,Laptop,Standard,90,35.6,39.6,5
WATCH-002874,2025-06-19T08:36:00,France,Animation,Tablet,Premium,22,18.4,83.6,4
WATCH-002875,2025-04-23T02:16:00,Netherlands,Animation,Laptop,Premium,90,43.9,48.8,3
WATCH-002876,2025-12-11T02:46:00,Netherlands,Documentary,Phone,Standard,90,24.9,27.7,4
WATCH-002877,2025-08-10T21:36:00,Netherlands,Drama,Laptop,Basic,90,66.0,73.3,4
WATCH-002878,2025-06-16T01:22:00,Netherlands,Thriller,Tablet,Premium,90,17.9,19.9,2
WATCH-002879,2025-03-22T06:51:00,Sweden,Animation,Phone,Standard,90,26.6,29.6,5
WATCH-002880,2025-02-07T22:39:00,Germany,Science fiction,Phone,Premium,60,44.6,74.3,4
WATCH-002881,2025-12-05T10:37:00,Germany,Animation,Tablet,Basic,22,1.4,6.4,5
WATCH-002882,2025-05-27T00:52:00,Germany,Animation,Tablet,Basic,120,85.1,70.9,4
WATCH-002883,2025-06-02T15:31:00,Italy,Science fiction,Tablet,Standard,60,37.0,61.7,3
WATCH-002884,2025-05-20T02:42:00,Sweden,Science fiction,Laptop,Standard,90,50.3,55.9,4
WATCH-002885,2025-08-06T16:49:00,Spain,Thriller,TV,Premium,45,39.8,88.4,1
WATCH-002886,2025-11-20T22:29:00,Sweden,Science fiction,Tablet,Standard,120,26.2,21.8,1
WATCH-002887,2025-04-20T00:24:00,Sweden,Science fiction,Phone,Premium,22,8.0,,4
WATCH-002888,2025-01-03T08:14:00,Spain,Science fiction,Laptop,Standard,60,8.5,14.2,5
WATCH-002889,2025-02-15T06:34:00,Germany,Drama,Phone,Premium,22,20.2,91.8,2
WATCH-002890,2025-07-26T02:58:00,Italy,Thriller,Laptop,Standard,45,28.0,62.2,4
WATCH-002891,2025-10-27T14:40:00,Italy,Science fiction,TV,Basic,30,8.8,29.3,1
WATCH-002892,2025-03-27T08:36:00,Sweden,Documentary,Laptop,Premium,120,113.6,94.7,5
WATCH-002893,2025-01-11T13:25:00,Italy,Comedy,Phone,Standard,22,20.2,91.8,5
WATCH-002894,2025-09-23T02:52:00,France,Thriller,Tablet,Standard,90,4.7,5.2,2
WATCH-002895,2025-05-16T09:23:00,Sweden,Animation,Phone,Standard,60,52.8,88.0,5
WATCH-002896,2025-01-23T04:12:00,France,Thriller,Phone,Premium,120,68.1,56.8,3
WATCH-002897,2025-03-29T01:10:00,Germany,Animation,Tablet,Standard,30,9.7,32.3,3
WATCH-002898,2025-03-02T06:36:00,Spain,Thriller,Tablet,Premium,30,19.3,64.3,2
WATCH-002899,2025-12-14T02:21:00,Netherlands,Drama,Tablet,Basic,60,18.6,31.0,3
WATCH-002900,2025-08-18T23:37:00,Spain,Animation,Tablet,Premium,22,18.0,81.8,1
WATCH-002901,2025-09-20T16:44:00,Sweden,Animation,Phone,Basic,60,58.1,96.8,4
WATCH-002902,2025-11-26T23:37:00,France,Science fiction,Tablet,Premium,45,30.8,68.4,5
WATCH-002903,2025-01-31T20:17:00,Spain,Comedy,TV,Premium,30,8.9,29.7,1
WATCH-002904,2025-12-12T07:25:00,Spain,Thriller,Phone,Premium,120,57.4,47.8,5
WATCH-002905,2025-03-16T22:22:00,Sweden,Animation,Tablet,Premium,60,11.3,18.8,4
WATCH-002906,2025-03-07T20:35:00,Germany,Science fiction,,Basic,60,48.1,80.2,4
WATCH-002907,2025-06-07T09:09:00,Spain,Thriller,Phone,Premium,120,68.6,57.2,4
WATCH-002908,2025-10-15T18:43:00,Spain,Comedy,Phone,Premium,60,31.0,51.7,3
WATCH-002909,2025-09-02T05:27:00,Netherlands,Documentary,Laptop,Premium,60,52.6,87.7,2
WATCH-002910,2025-05-20T12:03:00,Sweden,Comedy,Tablet,Premium,60,55.1,91.8,4
WATCH-002911,2025-06-16T00:28:00,Sweden,Comedy,TV,Premium,60,47.5,79.2,5
WATCH-002912,2025-03-09T16:37:00,France,Animation,Tablet,Basic,120,28.9,24.1,3
WATCH-002913,2025-10-26T18:01:00,Sweden,Science fiction,TV,Standard,45,20.2,44.9,4
WATCH-002914,2025-10-02T15:43:00,Germany,Drama,Tablet,Premium,22,3.2,14.5,2
WATCH-002915,2025-04-03T10:33:00,Italy,Animation,Tablet,Basic,45,17.9,39.8,2
WATCH-002916,2025-04-04T22:25:00,Italy,Drama,Tablet,Premium,45,28.0,62.2,3
WATCH-002917,2025-03-23T17:47:00,Sweden,Thriller,Laptop,Standard,30,24.8,82.7,3
WATCH-002918,2025-04-16T21:58:00,Spain,Science fiction,Laptop,Premium,30,11.2,37.3,1
WATCH-002919,2025-02-03T16:21:00,Germany,Thriller,TV,Standard,45,19.9,44.2,4
WATCH-002920,2025-01-01T14:09:00,Sweden,Science fiction,TV,Standard,22,16.2,73.6,5
WATCH-002921,2025-01-30T21:19:00,France,Thriller,Phone,Basic,90,39.7,44.1,3
WATCH-002922,2025-03-10T18:45:00,France,Science fiction,Tablet,Premium,90,64.8,72.0,1
WATCH-002923,2025-05-27T10:00:00,Germany,Thriller,Tablet,Premium,90,49.1,54.6,5
WATCH-002924,2025-04-30T09:42:00,France,Animation,Phone,Basic,120,107.4,,5
WATCH-002925,2025-03-15T19:24:00,Italy,Thriller,Tablet,Basic,22,14.7,66.8,1
WATCH-002926,2025-03-26T12:26:00,Italy,Comedy,Tablet,Standard,120,67.4,56.2,3
WATCH-002927,2025-03-07T04:52:00,Germany,Comedy,Tablet,Basic,90,24.6,27.3,3
WATCH-002928,2025-08-31T12:44:00,France,Thriller,TV,Basic,90,37.5,41.7,4
WATCH-002929,2025-08-21T05:33:00,France,Documentary,Tablet,Standard,120,52.9,44.1,2
WATCH-002930,2025-08-27T04:02:00,Spain,Thriller,TV,Basic,90,45.8,50.9,1
WATCH-002931,2025-10-14T13:45:00,Germany,Drama,TV,Basic,60,44.6,74.3,3
WATCH-002932,2025-02-07T03:32:00,Italy,Science fiction,Laptop,Basic,45,32.2,71.6,5
WATCH-002933,2025-01-18T01:27:00,Italy,Documentary,TV,Basic,90,40.1,44.6,1
WATCH-002934,2025-11-21T22:15:00,Italy,Drama,Phone,Premium,60,10.1,16.8,4
WATCH-002935,2025-02-28T21:38:00,Germany,Documentary,TV,Standard,90,86.5,96.1,4
WATCH-002936,2025-05-09T19:36:00,Italy,Thriller,Phone,Premium,22,7.7,35.0,4
WATCH-002937,2025-09-03T08:51:00,Netherlands,Science fiction,TV,Standard,30,15.0,50.0,2
WATCH-002938,2025-11-08T12:07:00,Netherlands,Drama,TV,Standard,60,12.4,20.7,4
WATCH-002939,2025-05-29T14:14:00,France,Animation,Phone,Standard,45,44.6,99.1,5
WATCH-002940,2025-12-05T22:58:00,Spain,Drama,Phone,Premium,90,23.4,26.0,5
WATCH-002941,2025-08-06T05:20:00,Sweden,Thriller,Laptop,Premium,120,37.6,31.3,3
WATCH-002942,2025-02-08T07:10:00,Netherlands,Comedy,Laptop,Standard,60,32.0,53.3,2
WATCH-002943,2025-11-19T00:58:00,Italy,Documentary,Phone,Premium,120,30.7,25.6,5
WATCH-002944,2025-11-25T17:31:00,Spain,Thriller,Phone,Basic,22,18.2,82.7,5
WATCH-002945,2025-09-06T16:30:00,France,Drama,Tablet,Standard,60,21.5,35.8,1
WATCH-002946,2025-08-23T18:00:00,Spain,Documentary,Tablet,Premium,60,16.4,27.3,2
WATCH-002947,2025-04-02T16:12:00,Italy,Science fiction,Tablet,Basic,22,13.6,61.8,5
WATCH-002948,2025-12-24T14:24:00,Germany,Thriller,TV,Standard,30,14.2,47.3,2
WATCH-002949,2025-09-21T17:07:00,France,Drama,TV,Standard,120,35.8,29.8,2
WATCH-002950,2025-01-27T00:56:00,France,Drama,Laptop,Standard,60,11.7,19.5,2
WATCH-002951,2025-09-25T04:02:00,Sweden,Thriller,TV,Premium,90,34.5,38.3,5
WATCH-002952,2025-12-18T06:37:00,Spain,Science fiction,TV,Basic,90,35.1,39.0,1
WATCH-002953,2025-09-28T00:52:00,Netherlands,Science fiction,Tablet,Premium,45,27.2,60.4,1
WATCH-002954,2025-04-20T09:53:00,Sweden,Animation,Tablet,Standard,30,11.1,37.0,3
WATCH-002955,2025-01-31T18:29:00,Germany,Drama,TV,Basic,90,47.9,53.2,4
WATCH-002956,2025-08-28T06:33:00,Italy,Science fiction,Laptop,Premium,45,12.2,27.1,1
WATCH-002957,2025-03-08T04:40:00,France,Comedy,TV,Standard,45,9.2,20.4,1
WATCH-002958,2025-10-25T08:15:00,Germany,Drama,TV,Basic,90,74.2,82.4,2
WATCH-002959,2025-03-09T01:59:00,Sweden,Science fiction,Phone,Premium,90,67.9,75.4,5
WATCH-002960,2025-03-22T05:50:00,France,Comedy,Phone,Standard,90,18.9,21.0,2
WATCH-002961,2025-04-23T03:14:00,Spain,Science fiction,Phone,Standard,30,2.2,,5
WATCH-002962,2025-01-01T10:16:00,Netherlands,Comedy,Tablet,Standard,45,15.1,33.6,1
WATCH-002963,2025-11-26T05:29:00,Spain,Drama,Phone,Standard,90,65.3,72.6,3
WATCH-002964,2025-06-30T09:01:00,France,Science fiction,TV,Basic,60,6.5,10.8,3
WATCH-002965,2025-08-05T11:24:00,Spain,Science fiction,TV,Basic,90,77.1,85.7,2
WATCH-002966,2025-06-20T05:43:00,France,Thriller,Tablet,Standard,45,6.8,15.1,3
WATCH-002967,2025-03-14T21:42:00,Germany,Drama,TV,Basic,60,29.1,48.5,1
WATCH-002968,2025-04-14T15:11:00,Spain,Comedy,Phone,Premium,22,6.0,27.3,3
WATCH-002969,2025-10-22T00:18:00,Netherlands,Animation,TV,Basic,22,14.5,65.9,4
WATCH-002970,2025-09-23T09:37:00,Sweden,Drama,Phone,Premium,22,19.1,86.8,5
WATCH-002971,2025-12-12T07:56:00,Sweden,Comedy,Tablet,Basic,45,19.2,42.7,3
WATCH-002972,2025-01-01T17:05:00,Germany,Thriller,Tablet,Premium,90,73.7,81.9,1
WATCH-002973,2025-02-19T20:33:00,Netherlands,Science fiction,TV,Basic,30,20.9,69.7,1
WATCH-002974,2025-03-11T15:58:00,Germany,Drama,Tablet,Premium,22,10.2,46.4,3
WATCH-002975,2025-04-21T18:19:00,Netherlands,Science fiction,TV,Standard,120,6.0,5.0,1
WATCH-002976,2025-05-04T18:50:00,France,Animation,Laptop,Premium,22,10.5,47.7,5
WATCH-002977,2025-08-26T14:24:00,Italy,Thriller,Tablet,Premium,60,44.2,73.7,4
WATCH-002978,2025-12-28T12:25:00,Germany,Documentary,Tablet,Basic,90,31.9,35.4,3
WATCH-002979,2025-08-06T14:12:00,Netherlands,Documentary,Laptop,Premium,22,20.8,94.5,5
WATCH-002980,2025-12-25T01:42:00,Sweden,Animation,Tablet,Basic,22,18.1,82.3,1
WATCH-002981,2025-05-24T18:17:00,France,Animation,Laptop,Standard,120,41.4,34.5,1
WATCH-002982,2025-09-09T23:50:00,France,Documentary,Laptop,Basic,45,35.2,78.2,5
WATCH-002983,2025-10-25T05:43:00,Germany,Documentary,Phone,Premium,60,24.9,41.5,4
WATCH-002984,2025-11-17T00:58:00,Italy,Documentary,Tablet,Premium,120,83.7,69.8,2
WATCH-002985,2025-06-29T18:33:00,Germany,Animation,Tablet,Basic,120,17.2,14.3,3
WATCH-002986,2025-10-07T23:37:00,Germany,Animation,Phone,Standard,60,24.4,40.7,2
WATCH-002987,2025-04-25T04:47:00,Spain,Comedy,Phone,Standard,120,65.2,54.3,4
WATCH-002988,2025-06-28T16:32:00,Germany,Documentary,Phone,Standard,60,21.9,36.5,4
WATCH-002989,2025-08-05T15:24:00,Sweden,Drama,,Standard,22,19.9,90.5,4
WATCH-002990,2025-04-13T05:45:00,France,Animation,Phone,Standard,90,68.5,76.1,5
WATCH-002991,2025-03-28T08:15:00,Italy,Animation,Phone,Standard,90,8.5,9.4,3
WATCH-002992,2025-05-15T15:19:00,Germany,Documentary,TV,Basic,60,46.1,76.8,1
WATCH-002993,2025-06-13T20:51:00,Sweden,Animation,Tablet,Basic,30,14.3,47.7,3
WATCH-002994,2025-09-08T12:45:00,Sweden,Animation,Tablet,Basic,60,44.0,73.3,5
WATCH-002995,2025-07-25T07:16:00,France,Comedy,Tablet,Basic,22,10.0,45.5,5
WATCH-002996,2025-07-22T01:41:00,Italy,Science fiction,Tablet,Standard,22,10.5,47.7,5
WATCH-002997,2025-11-02T00:21:00,Sweden,Animation,Phone,Basic,22,18.9,85.9,1
WATCH-002998,2025-10-16T18:45:00,France,Thriller,TV,Standard,60,11.6,,3
WATCH-002999,2025-01-18T08:41:00,Spain,Drama,TV,Basic,45,6.9,15.3,3
WATCH-003000,2025-01-07T18:43:00,France,Science fiction,Phone,Basic,30,29.0,96.7,5
WATCH-003001,2025-08-22T17:38:00,Spain,Documentary,Phone,Premium,22,16.1,73.2,4
WATCH-003002,2025-07-28T15:02:00,Germany,Animation,Tablet,Basic,60,7.9,13.2,5
WATCH-003003,2025-06-16T15:47:00,Spain,Documentary,Phone,Premium,22,1.1,5.0,4
WATCH-003004,2025-03-07T10:45:00,Germany,Science fiction,Tablet,Standard,45,33.3,74.0,2
WATCH-003005,2025-05-16T13:30:00,France,Animation,TV,Premium,90,64.9,72.1,1
WATCH-003006,2025-02-07T18:39:00,Germany,Documentary,Tablet,Standard,120,52.1,43.4,3
WATCH-003007,2025-05-17T22:09:00,Germany,Science fiction,Laptop,Basic,22,19.5,88.6,1
WATCH-003008,2025-07-19T02:23:00,France,Drama,TV,Standard,120,70.9,59.1,4
WATCH-003009,2025-12-04T02:29:00,Germany,Animation,Phone,Premium,60,31.6,52.7,4
WATCH-003010,2025-05-24T08:17:00,Spain,Animation,Laptop,Standard,60,6.3,10.5,4
WATCH-003011,2025-09-22T16:03:00,France,Documentary,TV,Basic,45,33.4,74.2,4
WATCH-003012,2025-02-14T01:55:00,Spain,Documentary,TV,Premium,30,22.2,74.0,2
WATCH-003013,2025-04-22T02:57:00,France,Comedy,Tablet,Basic,90,19.3,21.4,3
WATCH-003014,2025-06-18T03:15:00,France,Documentary,Phone,Basic,30,7.2,24.0,1
WATCH-003015,2025-06-26T23:15:00,Sweden,Animation,Laptop,Basic,90,48.1,53.4,1
WATCH-003016,2025-12-20T01:33:00,France,Drama,Phone,Basic,30,28.6,95.3,1
WATCH-003017,2025-09-12T20:46:00,Netherlands,Animation,Laptop,Basic,120,102.2,85.2,1
WATCH-003018,2025-11-16T00:59:00,Sweden,Documentary,Laptop,Standard,120,70.1,58.4,2
WATCH-003019,2025-10-30T23:19:00,Germany,Documentary,TV,Premium,60,34.2,57.0,3
WATCH-003020,2025-02-17T03:45:00,Italy,Animation,Phone,Basic,120,55.6,46.3,5
WATCH-003021,2025-02-05T04:27:00,Sweden,Science fiction,Tablet,Standard,45,28.7,63.8,1
WATCH-003022,2025-07-20T08:09:00,France,Animation,Tablet,Premium,45,15.5,34.4,2
WATCH-003023,2025-04-22T00:08:00,Netherlands,Animation,Tablet,Basic,22,4.1,18.6,2
WATCH-003024,2025-12-07T05:51:00,Sweden,Animation,TV,Premium,60,37.4,62.3,5
WATCH-003025,2025-02-11T10:48:00,Spain,Documentary,Tablet,Standard,120,8.2,6.8,1
WATCH-003026,2025-10-29T15:47:00,Sweden,Animation,Laptop,Standard,60,50.3,83.8,3
WATCH-003027,2025-07-04T04:09:00,Italy,Thriller,TV,Premium,30,7.0,23.3,4
WATCH-003028,2025-08-22T22:17:00,Netherlands,Comedy,TV,Premium,30,14.1,47.0,1
WATCH-003029,2025-01-05T08:23:00,Germany,Comedy,TV,Standard,120,55.1,45.9,1
WATCH-003030,2025-06-11T11:41:00,Netherlands,Drama,TV,Standard,22,21.1,95.9,2
WATCH-003031,2025-07-30T02:20:00,Sweden,Thriller,TV,Basic,22,10.7,48.6,2
WATCH-003032,2025-04-17T09:09:00,France,Thriller,Laptop,Basic,22,17.6,80.0,5
WATCH-003033,2025-08-25T17:08:00,Germany,Animation,Phone,Basic,45,16.5,36.7,1
WATCH-003034,2025-03-12T08:19:00,France,Science fiction,Phone,Premium,120,47.5,39.6,4
WATCH-003035,2025-10-22T07:38:00,Netherlands,Animation,Laptop,Standard,90,67.9,,4
WATCH-003036,2025-07-01T05:22:00,Italy,Comedy,Tablet,Basic,45,9.3,20.7,2
WATCH-003037,2025-07-27T16:44:00,Netherlands,Documentary,Phone,Standard,45,6.8,15.1,1
WATCH-003038,2025-02-18T02:20:00,Spain,Comedy,TV,Premium,30,10.7,35.7,2
WATCH-003039,2025-01-14T12:28:00,France,Drama,TV,Basic,45,35.3,78.4,1
WATCH-003040,2025-07-12T19:13:00,Spain,Science fiction,Phone,Standard,30,3.3,11.0,5
WATCH-003041,2025-09-10T11:16:00,Netherlands,Animation,Tablet,Standard,90,60.9,67.7,4
WATCH-003042,2025-04-28T02:06:00,Netherlands,Documentary,Phone,Standard,22,17.4,79.1,3
WATCH-003043,2025-12-19T08:32:00,Spain,Science fiction,Phone,Basic,60,39.3,65.5,1
WATCH-003044,2025-09-13T19:21:00,Sweden,Animation,Laptop,Standard,45,29.5,65.6,5
WATCH-003045,2025-08-01T04:57:00,Germany,Thriller,Tablet,Premium,90,15.3,17.0,2
WATCH-003046,2025-09-08T22:28:00,Spain,Drama,TV,Basic,90,64.6,71.8,5
WATCH-003047,2025-02-26T01:19:00,France,Documentary,TV,Basic,90,68.9,76.6,4
WATCH-003048,2025-12-15T05:02:00,Sweden,Science fiction,Phone,Standard,120,86.8,72.3,4
WATCH-003049,2025-12-04T13:23:00,Italy,Thriller,Phone,Basic,30,2.4,8.0,1
WATCH-003050,2025-03-06T08:46:00,Netherlands,Animation,Tablet,Basic,120,48.6,40.5,2
WATCH-003051,2025-10-21T19:38:00,Sweden,Drama,Tablet,Basic,90,83.6,92.9,2
WATCH-003052,2025-08-10T19:37:00,Germany,Animation,Laptop,Standard,22,12.1,55.0,2
WATCH-003053,2025-01-12T17:51:00,Germany,Comedy,Tablet,Premium,60,11.3,18.8,3
WATCH-003054,2025-06-12T01:40:00,Italy,Documentary,Phone,Standard,90,84.6,94.0,4
WATCH-003055,2025-10-20T21:57:00,Sweden,Science fiction,Phone,Standard,45,42.1,93.6,3
WATCH-003056,2025-02-27T16:12:00,France,Drama,Phone,Standard,90,57.2,63.6,1
WATCH-003057,2025-10-13T10:12:00,France,Science fiction,Phone,Premium,30,15.6,52.0,4
WATCH-003058,2025-07-06T10:15:00,France,Animation,Tablet,Premium,45,41.9,93.1,1
WATCH-003059,2025-11-20T12:41:00,Spain,Documentary,TV,Standard,45,36.2,80.4,4
WATCH-003060,2025-03-17T20:28:00,Netherlands,Animation,TV,Basic,45,27.5,61.1,1
WATCH-003061,2025-06-09T00:47:00,France,Comedy,Phone,Standard,22,6.9,31.4,3
WATCH-003062,2025-03-08T12:48:00,Netherlands,Thriller,TV,Basic,30,13.4,44.7,2
WATCH-003063,2025-06-29T02:10:00,Netherlands,Thriller,TV,Premium,45,43.6,96.9,3
WATCH-003064,2025-02-11T16:26:00,Netherlands,Comedy,Tablet,Premium,45,22.2,49.3,5
WATCH-003065,2025-02-01T22:19:00,Sweden,Documentary,Phone,Basic,22,21.6,98.2,3
WATCH-003066,2025-05-13T23:42:00,France,Thriller,Laptop,Standard,22,3.8,17.3,1
WATCH-003067,2025-03-22T09:45:00,Italy,Animation,Tablet,Standard,90,24.7,27.4,2
WATCH-003068,2025-10-11T22:41:00,Netherlands,Comedy,Phone,Basic,45,40.1,89.1,1
WATCH-003069,2025-03-21T02:28:00,Netherlands,Drama,Laptop,Basic,60,13.7,22.8,5
WATCH-003070,2025-06-30T03:57:00,Netherlands,Thriller,Phone,Basic,60,24.4,40.7,4
WATCH-003071,2025-01-25T23:55:00,France,Documentary,Laptop,Standard,30,5.7,19.0,1
WATCH-003072,2025-04-24T06:30:00,Netherlands,Science fiction,,Premium,60,18.1,,3
WATCH-003073,2025-03-29T11:52:00,Italy,Science fiction,Phone,Basic,30,19.0,63.3,5
WATCH-003074,2025-06-10T12:08:00,Spain,Comedy,TV,Basic,90,7.6,8.4,2
WATCH-003075,2025-04-16T09:59:00,Spain,Science fiction,Phone,Basic,22,18.5,84.1,5
WATCH-003076,2025-11-22T04:40:00,Germany,Documentary,Laptop,Basic,22,19.7,89.5,2
WATCH-003077,2025-07-28T13:02:00,Netherlands,Animation,Phone,Standard,45,18.9,42.0,5
WATCH-003078,2025-11-21T07:25:00,Sweden,Thriller,Phone,Basic,22,16.1,73.2,4
WATCH-003079,2025-06-10T08:03:00,Spain,Thriller,Phone,Standard,22,6.3,28.6,5
WATCH-003080,2025-07-30T17:24:00,Italy,Thriller,Phone,Premium,22,16.4,74.5,4
WATCH-003081,2025-09-02T05:31:00,Spain,Documentary,Laptop,Premium,120,18.1,15.1,5
WATCH-003082,2025-05-07T10:38:00,France,Drama,Tablet,Basic,45,28.1,62.4,3
WATCH-003083,2025-01-24T08:04:00,France,Drama,Tablet,Premium,45,38.8,86.2,4
WATCH-003084,2025-12-06T17:45:00,Spain,Animation,Phone,Premium,45,16.5,36.7,3
WATCH-003085,2025-09-25T06:13:00,France,Comedy,Laptop,Basic,30,10.3,34.3,4
WATCH-003086,2025-11-03T19:58:00,France,Animation,Phone,Standard,22,4.4,20.0,3
WATCH-003087,2025-10-02T18:52:00,Spain,Thriller,Phone,Premium,22,7.6,34.5,5
WATCH-003088,2025-10-07T20:26:00,Sweden,Science fiction,Laptop,Standard,45,19.9,44.2,3
WATCH-003089,2025-10-28T03:16:00,Sweden,Science fiction,Laptop,Standard,22,15.9,72.3,3
WATCH-003090,2025-07-17T22:54:00,France,Thriller,Tablet,Basic,90,73.4,81.6,3
WATCH-003091,2025-06-24T16:41:00,Germany,Documentary,Tablet,Standard,120,62.4,52.0,4
WATCH-003092,2025-09-05T04:21:00,Italy,Science fiction,Phone,Premium,22,10.5,47.7,2
WATCH-003093,2025-02-24T11:36:00,Germany,Science fiction,Phone,Basic,120,73.3,61.1,4
WATCH-003094,2025-10-09T10:45:00,Sweden,Animation,Tablet,Basic,22,21.9,99.5,5
WATCH-003095,2025-02-13T21:45:00,Sweden,Drama,Tablet,Basic,22,21.0,95.5,5
WATCH-003096,2025-11-13T08:10:00,France,Documentary,Tablet,Premium,60,46.8,78.0,3
WATCH-003097,2025-08-22T12:26:00,Italy,Comedy,Laptop,Standard,60,33.8,56.3,4
WATCH-003098,2025-09-24T12:33:00,Sweden,Drama,TV,Standard,30,17.8,59.3,1
WATCH-003099,2025-07-09T10:59:00,France,Animation,TV,Premium,90,88.2,98.0,4
WATCH-003100,2025-11-02T11:06:00,Sweden,Thriller,Laptop,Premium,60,14.9,24.8,4
WATCH-003101,2025-10-13T13:07:00,Sweden,Documentary,Laptop,Premium,90,21.6,24.0,1
WATCH-003102,2025-12-06T16:01:00,Italy,Animation,Laptop,Premium,30,18.0,60.0,3
WATCH-003103,2025-06-16T00:10:00,Italy,Science fiction,Tablet,Premium,120,40.2,33.5,1
WATCH-003104,2025-01-28T08:00:00,France,Drama,Phone,Premium,90,60.0,66.7,4
WATCH-003105,2025-09-23T19:49:00,Italy,Drama,Tablet,Premium,120,46.9,39.1,2
WATCH-003106,2025-07-06T11:41:00,Germany,Science fiction,TV,Standard,120,62.1,51.7,3
WATCH-003107,2025-04-23T09:51:00,France,Animation,Laptop,Standard,120,87.6,73.0,5
WATCH-003108,2025-04-26T09:01:00,Italy,Science fiction,Laptop,Standard,45,12.1,26.9,5
WATCH-003109,2025-11-12T10:37:00,Sweden,Comedy,Tablet,Standard,60,47.0,,2
WATCH-003110,2025-07-31T10:59:00,Spain,Comedy,Laptop,Basic,45,4.6,10.2,3
WATCH-003111,2025-05-27T17:48:00,Spain,Drama,TV,Basic,30,24.3,81.0,1
WATCH-003112,2025-11-08T20:22:00,Sweden,Documentary,Laptop,Basic,90,85.0,94.4,1
WATCH-003113,2025-11-22T12:33:00,Germany,Drama,Laptop,Standard,120,6.7,5.6,5
WATCH-003114,2025-02-25T09:37:00,Spain,Comedy,Laptop,Premium,90,15.1,16.8,3
WATCH-003115,2025-05-28T04:27:00,Germany,Documentary,Phone,Standard,60,51.3,85.5,5
WATCH-003116,2025-12-13T15:17:00,Sweden,Thriller,Laptop,Premium,45,11.7,26.0,2
WATCH-003117,2025-04-04T00:26:00,Netherlands,Science fiction,TV,Standard,45,8.2,18.2,5
WATCH-003118,2025-01-22T09:13:00,France,Comedy,TV,Premium,22,21.9,99.5,5
WATCH-003119,2025-05-28T10:06:00,Italy,Animation,Tablet,Premium,60,55.3,92.2,3
WATCH-003120,2025-11-23T21:00:00,Sweden,Animation,Phone,Standard,60,10.3,17.2,3
WATCH-003121,2025-11-21T05:17:00,Sweden,Thriller,Laptop,Basic,30,18.3,61.0,1
WATCH-003122,2025-04-02T18:26:00,Spain,Animation,Laptop,Standard,30,17.4,58.0,4
WATCH-003123,2025-12-17T08:50:00,Germany,Documentary,Laptop,Premium,22,15.3,69.5,1
WATCH-003124,2025-05-12T18:28:00,France,Documentary,Phone,Basic,22,10.1,45.9,2
WATCH-003125,2025-10-21T13:16:00,Germany,Documentary,TV,Premium,90,85.5,95.0,2
WATCH-003126,2025-06-17T04:31:00,Italy,Comedy,Tablet,Premium,22,1.8,8.2,4
WATCH-003127,2025-09-08T08:51:00,Netherlands,Documentary,TV,Basic,60,34.1,56.8,5
WATCH-003128,2025-06-09T05:03:00,Germany,Comedy,Tablet,Basic,60,26.6,44.3,2
WATCH-003129,2025-01-13T06:12:00,Germany,Drama,Laptop,Standard,45,37.0,82.2,3
WATCH-003130,2025-12-16T10:40:00,Netherlands,Comedy,Tablet,Premium,30,15.4,51.3,2
WATCH-003131,2025-10-21T22:52:00,Spain,Comedy,Laptop,Standard,30,26.7,89.0,4
WATCH-003132,2025-01-13T02:03:00,Germany,Drama,Tablet,Basic,22,20.4,92.7,2
WATCH-003133,2025-02-21T08:48:00,Spain,Drama,Laptop,Basic,60,17.6,29.3,3
WATCH-003134,2025-07-15T19:23:00,Germany,Science fiction,Phone,Premium,90,40.4,44.9,5
WATCH-003135,2025-01-20T05:36:00,France,Animation,Phone,Standard,120,47.0,39.2,1
WATCH-003136,2025-01-07T21:33:00,Sweden,Science fiction,Phone,Basic,30,24.4,81.3,2
WATCH-003137,2025-04-26T04:04:00,Sweden,Drama,TV,Standard,60,4.4,7.3,3
WATCH-003138,2025-07-11T17:29:00,Spain,Drama,TV,Premium,60,18.7,31.2,1
WATCH-003139,2025-02-14T05:36:00,Sweden,Animation,Tablet,Standard,120,67.7,56.4,3
WATCH-003140,2025-04-01T13:18:00,Spain,Thriller,TV,Premium,90,84.6,94.0,4
WATCH-003141,2025-08-31T03:48:00,Germany,Documentary,TV,Basic,45,2.4,5.3,4
WATCH-003142,2025-06-10T22:47:00,Sweden,Documentary,Laptop,Premium,60,18.4,30.7,1
WATCH-003143,2025-03-21T03:56:00,France,Animation,TV,Basic,45,18.1,40.2,1
WATCH-003144,2025-09-26T15:51:00,Italy,Science fiction,TV,Premium,30,21.3,71.0,1
WATCH-003145,2025-01-22T07:44:00,France,Documentary,Tablet,Premium,45,39.2,87.1,2
WATCH-003146,2025-01-01T10:48:00,Netherlands,Drama,Phone,Basic,60,27.0,,5
WATCH-003147,2025-06-14T22:27:00,Netherlands,Science fiction,Tablet,Basic,120,25.6,21.3,1
WATCH-003148,2025-06-30T19:54:00,Italy,Thriller,Laptop,Basic,45,20.5,45.6,2
WATCH-003149,2025-11-29T14:20:00,Germany,Documentary,Phone,Basic,30,8.6,28.7,2
WATCH-003150,2025-02-22T19:27:00,Sweden,Thriller,Tablet,Basic,120,76.3,63.6,3
WATCH-003151,2025-04-08T20:52:00,Sweden,Science fiction,Laptop,Premium,60,44.8,74.7,5
WATCH-003152,2025-11-28T12:41:00,Spain,Science fiction,Phone,Standard,45,9.6,21.3,2
WATCH-003153,2025-06-29T14:50:00,Sweden,Documentary,TV,Standard,120,110.2,91.8,5
WATCH-003154,2025-07-01T14:09:00,Germany,Science fiction,Laptop,Basic,60,15.4,25.7,5
WATCH-003155,2025-01-06T09:07:00,Netherlands,Drama,,Premium,30,2.5,8.3,3
WATCH-003156,2025-07-30T19:01:00,Sweden,Thriller,Tablet,Standard,22,11.3,51.4,2
WATCH-003157,2025-04-11T23:41:00,Germany,Documentary,TV,Premium,22,4.4,20.0,4
WATCH-003158,2025-10-13T02:05:00,France,Drama,Laptop,Premium,60,27.5,45.8,1
WATCH-003159,2025-04-05T00:40:00,Sweden,Science fiction,Phone,Standard,22,20.7,94.1,3
WATCH-003160,2025-06-17T11:50:00,Germany,Animation,Laptop,Basic,45,34.0,75.6,5
WATCH-003161,2025-01-30T11:18:00,France,Comedy,TV,Basic,60,22.6,37.7,1
WATCH-003162,2025-09-29T10:27:00,France,Drama,TV,Basic,120,60.2,50.2,3
WATCH-003163,2025-03-13T03:53:00,Spain,Documentary,Laptop,Basic,22,15.1,68.6,2
WATCH-003164,2025-02-09T14:20:00,Germany,Drama,TV,Standard,45,19.3,42.9,3
WATCH-003165,2025-02-18T20:09:00,Sweden,Thriller,TV,Premium,45,29.7,66.0,3
WATCH-003166,2025-07-15T21:10:00,Italy,Drama,Laptop,Standard,90,15.4,17.1,3
WATCH-003167,2025-09-26T09:54:00,Germany,Animation,Laptop,Premium,22,1.7,7.7,1
WATCH-003168,2025-07-31T16:45:00,Netherlands,Documentary,Phone,Premium,30,20.5,68.3,1
WATCH-003169,2025-08-15T00:38:00,Spain,Science fiction,TV,Basic,45,17.5,38.9,1
WATCH-003170,2025-05-21T13:02:00,Sweden,Documentary,Laptop,Premium,120,90.7,75.6,5
WATCH-003171,2025-08-23T12:57:00,Spain,Documentary,Laptop,Standard,22,12.4,56.4,2
WATCH-003172,2025-02-15T00:27:00,Germany,Thriller,TV,Basic,30,27.5,91.7,5
WATCH-003173,2025-02-06T07:09:00,Netherlands,Animation,Laptop,Premium,30,24.6,82.0,5
WATCH-003174,2025-08-14T14:18:00,France,Documentary,Laptop,Basic,90,70.2,78.0,4
WATCH-003175,2025-07-02T00:13:00,Netherlands,Documentary,Tablet,Standard,90,38.7,43.0,4
WATCH-003176,2025-03-04T15:53:00,Italy,Animation,Phone,Standard,90,86.7,96.3,1
WATCH-003177,2025-06-05T23:18:00,Netherlands,Documentary,TV,Standard,45,26.1,58.0,3
WATCH-003178,2025-12-15T02:17:00,Spain,Documentary,Phone,Basic,45,43.2,96.0,2
WATCH-003179,2025-02-24T13:33:00,Spain,Documentary,Laptop,Standard,60,48.3,80.5,4
WATCH-003180,2025-01-11T11:52:00,Sweden,Science fiction,Laptop,Premium,30,26.2,87.3,4
WATCH-003181,2025-05-30T00:45:00,Spain,Animation,Tablet,Standard,45,35.8,79.6,4
WATCH-003182,2025-10-09T16:34:00,Italy,Thriller,Laptop,Premium,120,117.8,98.2,2
WATCH-003183,2025-06-11T07:10:00,Italy,Animation,Laptop,Premium,60,35.3,,1
WATCH-003184,2025-08-14T06:28:00,Netherlands,Animation,Phone,Premium,120,73.4,61.2,2
WATCH-003185,2025-10-24T13:20:00,Netherlands,Documentary,Laptop,Standard,120,118.9,99.1,2
WATCH-003186,2025-12-27T06:34:00,France,Drama,Phone,Standard,30,29.0,96.7,5
WATCH-003187,2025-03-28T22:45:00,France,Drama,Tablet,Standard,45,16.6,36.9,5
WATCH-003188,2025-02-24T09:35:00,Italy,Animation,Laptop,Basic,30,5.2,17.3,2
WATCH-003189,2025-10-24T13:22:00,Netherlands,Thriller,TV,Basic,120,70.1,58.4,2
WATCH-003190,2025-08-03T08:14:00,Netherlands,Comedy,Phone,Premium,60,19.0,31.7,5
WATCH-003191,2025-11-03T18:12:00,Sweden,Animation,Phone,Basic,45,14.6,32.4,3
WATCH-003192,2025-05-30T14:16:00,France,Documentary,Phone,Basic,45,17.0,37.8,5
WATCH-003193,2025-08-02T16:44:00,Spain,Science fiction,Tablet,Standard,45,22.5,50.0,4
WATCH-003194,2025-04-17T17:26:00,Italy,Science fiction,Laptop,Premium,22,20.6,93.6,3
WATCH-003195,2025-07-24T07:30:00,Spain,Documentary,TV,Premium,60,38.2,63.7,5
WATCH-003196,2025-08-08T02:19:00,France,Documentary,Tablet,Standard,30,25.5,85.0,5
WATCH-003197,2025-11-05T10:42:00,Sweden,Comedy,Phone,Standard,120,20.2,16.8,1
WATCH-003198,2025-01-19T02:23:00,Germany,Drama,Laptop,Premium,45,2.4,5.3,4
WATCH-003199,2025-09-23T06:10:00,Netherlands,Thriller,Tablet,Basic,30,23.1,77.0,4
WATCH-003200,2025-10-05T02:50:00,Italy,Comedy,TV,Standard,22,11.2,50.9,2
WATCH-003201,2025-05-29T14:15:00,Sweden,Drama,Phone,Premium,45,43.5,96.7,1
WATCH-003202,2025-11-06T04:28:00,Sweden,Documentary,Laptop,Basic,60,14.0,23.3,5
WATCH-003203,2025-07-03T09:13:00,Germany,Comedy,TV,Standard,60,51.5,85.8,2
WATCH-003204,2025-08-29T02:55:00,Sweden,Drama,Phone,Basic,45,26.1,58.0,1
WATCH-003205,2025-05-20T01:28:00,Netherlands,Documentary,Laptop,Premium,30,27.5,91.7,2
WATCH-003206,2025-03-03T17:02:00,Sweden,Science fiction,Phone,Premium,22,14.9,67.7,4
WATCH-003207,2025-12-04T14:27:00,Netherlands,Drama,TV,Basic,120,41.8,34.8,2
WATCH-003208,2025-05-25T15:18:00,Sweden,Animation,Phone,Basic,60,39.8,66.3,4
WATCH-003209,2025-12-02T16:03:00,France,Science fiction,Tablet,Standard,120,69.5,57.9,1
WATCH-003210,2025-08-30T03:56:00,Sweden,Animation,Laptop,Premium,22,17.0,77.3,3
WATCH-003211,2025-04-28T20:07:00,Netherlands,Thriller,Phone,Standard,120,25.3,21.1,3
WATCH-003212,2025-09-07T18:45:00,Sweden,Science fiction,TV,Premium,90,27.4,30.4,1
WATCH-003213,2025-05-09T19:48:00,Italy,Thriller,Phone,Basic,30,22.3,74.3,4
WATCH-003214,2025-12-23T07:53:00,Germany,Documentary,TV,Basic,45,27.9,62.0,1
WATCH-003215,2025-12-02T13:21:00,Netherlands,Drama,Tablet,Basic,45,35.1,78.0,5
WATCH-003216,2025-10-22T06:59:00,Italy,Comedy,Laptop,Premium,30,5.8,19.3,1
WATCH-003217,2025-12-05T05:07:00,Italy,Animation,Tablet,Premium,22,21.0,95.5,4
WATCH-003218,2025-10-06T19:54:00,France,Drama,Tablet,Standard,120,15.6,13.0,2
WATCH-003219,2025-12-01T10:10:00,France,Thriller,Laptop,Premium,120,55.7,46.4,2
WATCH-003220,2025-06-03T23:11:00,Sweden,Animation,Laptop,Premium,90,4.6,,4
WATCH-003221,2025-06-05T09:10:00,Netherlands,Animation,TV,Standard,120,96.0,80.0,2
WATCH-003222,2025-09-20T14:32:00,Germany,Documentary,Phone,Basic,60,44.8,74.7,4
WATCH-003223,2025-09-15T21:02:00,Spain,Drama,Tablet,Basic,90,21.3,23.7,5
WATCH-003224,2025-05-11T00:42:00,Germany,Animation,Tablet,Basic,22,2.8,12.7,3
WATCH-003225,2025-10-25T18:26:00,Germany,Thriller,Phone,Standard,45,32.6,72.4,2
WATCH-003226,2025-11-26T14:58:00,Netherlands,Drama,TV,Standard,90,75.5,83.9,2
WATCH-003227,2025-04-24T14:13:00,Spain,Comedy,Phone,Premium,22,17.4,79.1,4
WATCH-003228,2025-12-03T19:17:00,Spain,Documentary,Tablet,Premium,60,44.0,73.3,5
WATCH-003229,2025-05-29T09:13:00,Sweden,Science fiction,Phone,Premium,120,102.5,85.4,5
WATCH-003230,2025-12-24T06:33:00,Netherlands,Documentary,Phone,Premium,120,82.8,69.0,3
WATCH-003231,2025-10-15T07:13:00,Italy,Animation,TV,Basic,60,20.0,33.3,1
WATCH-003232,2025-10-09T00:54:00,Sweden,Drama,Laptop,Premium,60,40.2,67.0,4
WATCH-003233,2025-01-17T00:07:00,Germany,Animation,Laptop,Standard,60,6.4,10.7,3
WATCH-003234,2025-05-13T00:25:00,France,Thriller,Tablet,Basic,22,1.4,6.4,3
WATCH-003235,2025-09-08T11:09:00,Sweden,Science fiction,Tablet,Premium,22,14.0,63.6,2
WATCH-003236,2025-03-01T14:02:00,Italy,Documentary,Phone,Basic,60,49.1,81.8,5
WATCH-003237,2025-10-14T12:48:00,Germany,Thriller,TV,Premium,45,7.9,17.6,3
WATCH-003238,2025-11-26T16:45:00,Italy,Thriller,,Standard,30,17.2,57.3,4
WATCH-003239,2025-10-25T01:16:00,Netherlands,Documentary,Laptop,Standard,45,33.8,75.1,3
WATCH-003240,2025-06-02T02:47:00,Italy,Documentary,Phone,Premium,30,17.0,56.7,5
WATCH-003241,2025-01-02T20:53:00,Sweden,Animation,Laptop,Basic,45,9.1,20.2,5
WATCH-003242,2025-09-17T04:13:00,Sweden,Drama,Laptop,Basic,30,20.1,67.0,1
WATCH-003243,2025-03-09T22:20:00,Sweden,Drama,TV,Basic,45,9.7,21.6,4
WATCH-003244,2025-05-04T23:53:00,Germany,Documentary,Phone,Standard,45,41.4,92.0,5
WATCH-003245,2025-07-11T11:28:00,France,Animation,TV,Standard,45,20.9,46.4,1
WATCH-003246,2025-11-03T16:17:00,Sweden,Animation,Phone,Standard,60,17.9,29.8,4
WATCH-003247,2025-09-06T12:49:00,Germany,Thriller,Tablet,Basic,30,4.0,13.3,4
WATCH-003248,2025-12-14T05:59:00,Netherlands,Science fiction,Laptop,Standard,22,17.7,80.5,1
WATCH-003249,2025-04-15T11:22:00,Germany,Documentary,TV,Basic,22,8.1,36.8,2
WATCH-003250,2025-02-18T17:50:00,Germany,Documentary,TV,Basic,45,20.3,45.1,5
WATCH-003251,2025-03-08T04:53:00,France,Drama,Phone,Standard,120,13.7,11.4,4
WATCH-003252,2025-10-29T15:41:00,Italy,Comedy,Laptop,Premium,120,40.7,33.9,1
WATCH-003253,2025-06-13T00:32:00,Netherlands,Science fiction,TV,Standard,22,6.6,30.0,4
WATCH-003254,2025-07-03T11:21:00,Italy,Thriller,Tablet,Standard,90,47.7,53.0,2
WATCH-003255,2025-03-09T22:12:00,Sweden,Drama,TV,Basic,22,15.7,71.4,1
WATCH-003256,2025-04-14T08:51:00,Italy,Science fiction,TV,Basic,60,7.5,12.5,5
WATCH-003257,2025-07-26T18:48:00,France,Thriller,Tablet,Standard,22,11.6,,5
WATCH-003258,2025-08-12T02:26:00,Sweden,Thriller,Phone,Premium,120,57.6,48.0,4
WATCH-003259,2025-05-14T07:22:00,Netherlands,Documentary,Laptop,Basic,120,32.8,27.3,1
WATCH-003260,2025-01-05T10:53:00,Sweden,Comedy,TV,Standard,60,41.7,69.5,4
WATCH-003261,2025-09-06T16:56:00,Germany,Thriller,Phone,Standard,30,12.9,43.0,2
WATCH-003262,2025-12-04T03:39:00,Netherlands,Science fiction,TV,Standard,22,15.2,69.1,2
WATCH-003263,2025-06-02T05:49:00,France,Science fiction,Phone,Premium,90,85.6,95.1,3
WATCH-003264,2025-06-16T11:41:00,Sweden,Drama,Phone,Standard,60,28.5,47.5,1
WATCH-003265,2025-11-14T18:39:00,Netherlands,Comedy,Phone,Premium,22,20.8,94.5,4
WATCH-003266,2025-12-23T11:16:00,Germany,Comedy,Phone,Standard,60,53.5,89.2,5
WATCH-003267,2025-09-22T01:01:00,Netherlands,Drama,Phone,Basic,30,8.7,29.0,3
WATCH-003268,2025-06-29T13:38:00,Germany,Drama,Tablet,Standard,60,22.5,37.5,5
WATCH-003269,2025-02-01T15:24:00,Germany,Documentary,Phone,Standard,30,27.8,92.7,3
WATCH-003270,2025-12-27T08:08:00,Sweden,Animation,Tablet,Standard,120,81.4,67.8,4
WATCH-003271,2025-10-25T00:39:00,Netherlands,Thriller,Phone,Premium,90,25.2,28.0,3
WATCH-003272,2025-01-23T07:16:00,Spain,Drama,TV,Premium,90,76.6,85.1,4
WATCH-003273,2025-09-27T04:34:00,Italy,Documentary,Phone,Basic,90,30.7,34.1,1
WATCH-003274,2025-08-17T23:07:00,Netherlands,Animation,Tablet,Premium,60,10.9,18.2,1
WATCH-003275,2025-11-25T11:48:00,Germany,Science fiction,Phone,Premium,30,16.5,55.0,3
WATCH-003276,2025-03-21T20:45:00,Italy,Animation,TV,Basic,60,16.8,28.0,3
WATCH-003277,2025-01-07T02:11:00,Germany,Science fiction,Tablet,Basic,120,21.8,18.2,1
WATCH-003278,2025-11-23T17:28:00,Italy,Documentary,Phone,Premium,30,28.9,96.3,4
WATCH-003279,2025-12-07T13:46:00,Italy,Science fiction,Tablet,Premium,120,110.1,91.8,2
WATCH-003280,2025-08-12T14:03:00,Spain,Science fiction,Phone,Basic,90,66.6,74.0,2
WATCH-003281,2025-09-29T00:43:00,Sweden,Thriller,Phone,Basic,30,19.9,66.3,2
WATCH-003282,2025-02-28T04:09:00,Netherlands,Thriller,Tablet,Standard,30,22.4,74.7,2
WATCH-003283,2025-12-25T17:54:00,Germany,Thriller,Tablet,Premium,90,57.2,63.6,1
WATCH-003284,2025-09-24T16:02:00,Sweden,Drama,TV,Standard,45,18.0,40.0,4
WATCH-003285,2025-04-13T06:20:00,Germany,Documentary,Laptop,Standard,120,113.5,94.6,1
WATCH-003286,2025-08-26T10:50:00,Netherlands,Comedy,Tablet,Standard,90,34.9,38.8,1
WATCH-003287,2025-07-08T06:32:00,Sweden,Documentary,Laptop,Premium,45,17.9,39.8,4
WATCH-003288,2025-03-30T14:09:00,France,Thriller,TV,Premium,45,13.5,30.0,5
WATCH-003289,2025-05-03T06:17:00,Sweden,Comedy,Phone,Standard,120,104.5,87.1,3
WATCH-003290,2025-10-04T07:18:00,Spain,Drama,Tablet,Basic,45,20.2,44.9,1
WATCH-003291,2025-09-24T13:58:00,Netherlands,Science fiction,Phone,Basic,90,6.5,7.2,5
WATCH-003292,2025-12-02T01:38:00,Netherlands,Comedy,Tablet,Premium,45,30.2,67.1,5
WATCH-003293,2025-02-16T06:41:00,Netherlands,Animation,Phone,Premium,120,60.2,50.2,2
WATCH-003294,2025-02-26T07:50:00,Netherlands,Drama,TV,Premium,90,43.4,,3
WATCH-003295,2025-02-02T11:11:00,France,Science fiction,TV,Basic,30,21.4,71.3,5
WATCH-003296,2025-04-24T21:00:00,Italy,Documentary,Laptop,Premium,30,24.1,80.3,4
WATCH-003297,2025-02-15T06:00:00,France,Comedy,Tablet,Premium,22,19.3,87.7,3
WATCH-003298,2025-08-24T19:51:00,Sweden,Documentary,Phone,Standard,60,58.5,97.5,5
WATCH-003299,2025-01-15T22:05:00,France,Documentary,Phone,Basic,60,33.1,55.2,2
WATCH-003300,2025-01-26T02:23:00,Netherlands,Documentary,Laptop,Premium,90,41.2,45.8,1
WATCH-003301,2025-01-15T04:15:00,Spain,Comedy,Laptop,Premium,90,62.3,69.2,2
WATCH-003302,2025-02-14T06:49:00,Spain,Animation,Phone,Standard,22,13.4,60.9,3
WATCH-003303,2025-11-10T01:19:00,France,Drama,Phone,Premium,60,14.7,24.5,3
WATCH-003304,2025-06-30T19:48:00,Germany,Drama,Phone,Premium,120,41.7,34.8,2
WATCH-003305,2025-11-15T06:47:00,France,Science fiction,Laptop,Premium,30,4.7,15.7,1
WATCH-003306,2025-08-30T22:51:00,Germany,Thriller,Tablet,Premium,90,58.9,65.4,2
WATCH-003307,2025-06-22T12:19:00,Germany,Documentary,Tablet,Premium,90,46.0,51.1,3
WATCH-003308,2025-12-28T05:37:00,Sweden,Thriller,Phone,Basic,60,29.8,49.7,2
WATCH-003309,2025-06-20T20:46:00,Netherlands,Comedy,Laptop,Basic,90,42.6,47.3,4
WATCH-003310,2025-07-17T10:55:00,France,Comedy,TV,Basic,60,3.1,5.2,3
WATCH-003311,2025-07-10T18:18:00,Germany,Animation,Phone,Premium,120,76.7,63.9,3
WATCH-003312,2025-05-07T22:24:00,Spain,Science fiction,Tablet,Basic,90,40.1,44.6,2
WATCH-003313,2025-05-06T19:16:00,Netherlands,Thriller,Phone,Basic,30,29.6,98.7,1
WATCH-003314,2025-09-01T11:27:00,Spain,Comedy,Tablet,Basic,30,1.8,6.0,3
WATCH-003315,2025-01-04T12:15:00,Netherlands,Comedy,Phone,Standard,22,13.2,60.0,2
WATCH-003316,2025-04-15T09:56:00,Italy,Thriller,Laptop,Premium,22,9.1,41.4,3
WATCH-003317,2025-12-09T07:36:00,Italy,Drama,Laptop,Basic,60,51.0,85.0,1
WATCH-003318,2025-07-03T06:24:00,France,Thriller,TV,Premium,120,71.6,59.7,4
WATCH-003319,2025-07-31T10:11:00,Netherlands,Documentary,TV,Basic,60,32.8,54.7,1
WATCH-003320,2025-10-27T06:54:00,Germany,Comedy,Phone,Premium,30,17.3,57.7,2
WATCH-003321,2025-04-03T12:23:00,Spain,Thriller,,Standard,22,18.6,84.5,4
WATCH-003322,2025-02-20T01:42:00,Germany,Animation,TV,Basic,60,47.3,78.8,5
WATCH-003323,2025-04-04T16:52:00,Germany,Comedy,Laptop,Premium,60,44.0,73.3,5
WATCH-003324,2025-05-30T18:02:00,Italy,Documentary,TV,Standard,60,5.4,9.0,2
WATCH-003325,2025-10-05T20:33:00,Italy,Science fiction,Tablet,Basic,120,75.5,62.9,3
WATCH-003326,2025-08-14T10:48:00,Spain,Science fiction,Tablet,Basic,120,38.3,31.9,5
WATCH-003327,2025-03-30T10:06:00,Sweden,Drama,Phone,Basic,120,93.2,77.7,4
WATCH-003328,2025-08-26T20:39:00,Sweden,Science fiction,Phone,Standard,90,6.0,6.7,5
WATCH-003329,2025-10-28T00:14:00,Italy,Comedy,Laptop,Premium,60,12.1,20.2,4
WATCH-003330,2025-11-28T15:33:00,Italy,Drama,TV,Basic,90,46.4,51.6,3
WATCH-003331,2025-01-28T11:30:00,Sweden,Animation,Phone,Basic,45,2.8,,1
WATCH-003332,2025-11-12T18:30:00,Spain,Thriller,Tablet,Premium,60,4.9,8.2,4
WATCH-003333,2025-02-03T19:44:00,Spain,Thriller,Laptop,Premium,120,23.4,19.5,4
WATCH-003334,2025-07-22T07:48:00,Sweden,Drama,Tablet,Basic,30,13.2,44.0,4
WATCH-003335,2025-12-16T23:56:00,Sweden,Animation,Tablet,Basic,120,116.6,97.2,4
WATCH-003336,2025-11-09T13:35:00,Italy,Thriller,TV,Standard,45,17.8,39.6,2
WATCH-003337,2025-05-07T07:00:00,France,Drama,TV,Premium,30,29.8,99.3,1
WATCH-003338,2025-11-20T01:02:00,Germany,Thriller,Phone,Basic,30,9.9,33.0,1
WATCH-003339,2025-12-12T04:07:00,Netherlands,Thriller,Laptop,Standard,45,42.0,93.3,5
WATCH-003340,2025-11-09T16:28:00,Italy,Documentary,Tablet,Basic,90,41.6,46.2,1
WATCH-003341,2025-02-07T09:07:00,Sweden,Comedy,Laptop,Premium,30,26.9,89.7,1
WATCH-003342,2025-09-14T06:27:00,Italy,Comedy,Phone,Premium,60,33.3,55.5,5
WATCH-003343,2025-09-27T09:59:00,Netherlands,Thriller,TV,Basic,30,14.2,47.3,2
WATCH-003344,2025-11-19T02:14:00,Spain,Thriller,TV,Basic,120,77.6,64.7,5
WATCH-003345,2025-03-26T13:31:00,Italy,Science fiction,Phone,Standard,120,78.3,65.2,2
WATCH-003346,2025-06-03T09:58:00,France,Comedy,Phone,Standard,60,31.4,52.3,2
WATCH-003347,2025-04-01T20:59:00,Germany,Documentary,TV,Basic,22,13.0,59.1,5
WATCH-003348,2025-11-19T02:57:00,Netherlands,Science fiction,Laptop,Basic,45,42.3,94.0,1
WATCH-003349,2025-05-25T21:23:00,France,Animation,Laptop,Premium,60,17.0,28.3,1
WATCH-003350,2025-11-30T04:32:00,France,Drama,Phone,Standard,90,25.8,28.7,4
WATCH-003351,2025-09-15T06:59:00,Sweden,Thriller,Phone,Standard,22,10.8,49.1,3
WATCH-003352,2025-09-14T15:35:00,Italy,Science fiction,TV,Basic,45,35.8,79.6,5
WATCH-003353,2025-05-11T18:46:00,Spain,Animation,Phone,Basic,90,78.7,87.4,3
WATCH-003354,2025-07-01T18:51:00,France,Drama,TV,Basic,30,12.2,40.7,1
WATCH-003355,2025-07-28T09:58:00,Germany,Drama,Laptop,Basic,120,100.8,84.0,2
WATCH-003356,2025-09-27T13:01:00,Italy,Thriller,Tablet,Premium,90,21.0,23.3,1
WATCH-003357,2025-07-04T21:01:00,Germany,Science fiction,Phone,Basic,120,11.6,9.7,3
WATCH-003358,2025-04-25T21:14:00,Germany,Science fiction,TV,Premium,120,48.2,40.2,1
WATCH-003359,2025-02-14T12:17:00,Netherlands,Drama,Laptop,Basic,45,30.6,68.0,2
WATCH-003360,2025-05-30T20:55:00,Spain,Drama,Tablet,Premium,120,77.8,64.8,4
WATCH-003361,2025-10-15T06:50:00,Sweden,Drama,Phone,Premium,22,19.4,88.2,2
WATCH-003362,2025-09-09T14:19:00,France,Animation,Laptop,Basic,30,16.3,54.3,5
WATCH-003363,2025-02-21T18:55:00,France,Thriller,TV,Standard,90,4.6,5.1,1
WATCH-003364,2025-12-31T22:36:00,France,Drama,Phone,Standard,120,80.1,66.8,2
WATCH-003365,2025-12-20T05:39:00,Sweden,Animation,Phone,Premium,120,9.9,8.2,3
WATCH-003366,2025-12-02T13:06:00,Sweden,Animation,Tablet,Basic,90,22.0,24.4,2
WATCH-003367,2025-01-30T14:59:00,Italy,Drama,Phone,Standard,45,41.0,91.1,4
WATCH-003368,2025-01-18T12:14:00,Netherlands,Science fiction,Tablet,Basic,45,14.7,,4
WATCH-003369,2025-08-09T02:50:00,Sweden,Drama,Laptop,Basic,45,37.2,82.7,2
WATCH-003370,2025-12-20T18:27:00,France,Documentary,Phone,Premium,45,22.9,50.9,5
WATCH-003371,2025-03-31T17:51:00,Spain,Documentary,TV,Standard,90,30.8,34.2,3
WATCH-003372,2025-08-06T21:19:00,Italy,Drama,Laptop,Standard,45,35.1,78.0,3
WATCH-003373,2025-01-10T04:47:00,Spain,Science fiction,Tablet,Premium,120,12.5,10.4,5
WATCH-003374,2025-11-16T12:38:00,Italy,Documentary,TV,Standard,30,16.2,54.0,5
WATCH-003375,2025-01-15T02:12:00,Italy,Drama,TV,Standard,22,2.3,10.5,1
WATCH-003376,2025-12-15T16:41:00,Sweden,Comedy,Laptop,Standard,90,15.8,17.6,1
WATCH-003377,2025-12-05T11:31:00,France,Animation,Tablet,Basic,30,6.0,20.0,5
WATCH-003378,2025-08-11T06:34:00,Netherlands,Thriller,Tablet,Basic,30,20.8,69.3,3
WATCH-003379,2025-06-14T22:16:00,Spain,Science fiction,TV,Standard,45,40.5,90.0,5
WATCH-003380,2025-12-25T00:51:00,Netherlands,Documentary,TV,Basic,45,19.4,43.1,4
WATCH-003381,2025-02-12T01:14:00,France,Science fiction,Tablet,Basic,30,15.1,50.3,1
WATCH-003382,2025-10-10T05:19:00,Netherlands,Animation,Tablet,Premium,60,11.4,19.0,4
WATCH-003383,2025-12-21T00:45:00,Netherlands,Thriller,Tablet,Premium,45,22.5,50.0,2
WATCH-003384,2025-05-18T14:09:00,Sweden,Thriller,Tablet,Premium,90,75.4,83.8,4
WATCH-003385,2025-04-11T18:25:00,Germany,Drama,Tablet,Premium,90,7.4,8.2,2
WATCH-003386,2025-08-26T20:38:00,France,Thriller,Phone,Basic,30,8.9,29.7,4
WATCH-003387,2025-03-15T04:11:00,France,Thriller,Tablet,Standard,22,12.8,58.2,3
WATCH-003388,2025-05-06T10:53:00,Sweden,Animation,TV,Basic,45,36.6,81.3,2
WATCH-003389,2025-01-02T15:41:00,Sweden,Thriller,Phone,Premium,22,9.0,40.9,4
WATCH-003390,2025-04-06T15:23:00,Italy,Drama,TV,Standard,90,49.1,54.6,1
WATCH-003391,2025-06-30T11:45:00,Spain,Documentary,Phone,Premium,120,54.4,45.3,1
WATCH-003392,2025-07-09T14:35:00,Germany,Documentary,Laptop,Basic,120,51.5,42.9,5
WATCH-003393,2025-03-02T23:00:00,Italy,Comedy,Tablet,Standard,90,42.0,46.7,5
WATCH-003394,2025-01-03T22:31:00,Italy,Drama,Laptop,Basic,90,60.1,66.8,3
WATCH-003395,2025-05-21T11:51:00,Germany,Drama,Tablet,Basic,60,29.2,48.7,5
WATCH-003396,2025-01-04T23:48:00,Germany,Documentary,Tablet,Basic,30,18.6,62.0,5
WATCH-003397,2025-08-14T07:38:00,Netherlands,Animation,Phone,Premium,22,19.8,90.0,4
WATCH-003398,2025-04-03T13:10:00,Spain,Animation,Tablet,Standard,45,17.3,38.4,5
WATCH-003399,2025-08-31T08:40:00,Sweden,Drama,TV,Standard,22,3.4,15.5,1
WATCH-003400,2025-06-20T13:14:00,Spain,Documentary,Phone,Basic,120,116.2,96.8,2
WATCH-003401,2025-06-22T04:04:00,Italy,Animation,Laptop,Basic,22,11.3,51.4,3
WATCH-003402,2025-09-26T17:06:00,Netherlands,Comedy,Laptop,Premium,45,19.0,42.2,3
WATCH-003403,2025-05-17T17:46:00,Spain,Documentary,Laptop,Basic,45,12.6,28.0,3
WATCH-003404,2025-02-15T01:21:00,Italy,Science fiction,,Standard,22,17.1,77.7,3
WATCH-003405,2025-08-30T18:54:00,Netherlands,Documentary,Laptop,Premium,45,21.3,,4
WATCH-003406,2025-03-02T10:32:00,Italy,Drama,Laptop,Premium,45,39.8,88.4,2
WATCH-003407,2025-06-09T08:00:00,Netherlands,Animation,Laptop,Premium,45,39.3,87.3,4
WATCH-003408,2025-10-19T22:55:00,Sweden,Science fiction,Tablet,Premium,90,46.2,51.3,5
WATCH-003409,2025-01-02T23:46:00,Germany,Animation,Tablet,Standard,22,8.1,36.8,3
WATCH-003410,2025-04-12T07:18:00,Sweden,Science fiction,TV,Standard,90,8.0,8.9,1
WATCH-003411,2025-11-01T08:44:00,Sweden,Thriller,Tablet,Standard,60,11.4,19.0,4
WATCH-003412,2025-10-06T00:31:00,Italy,Science fiction,Phone,Standard,120,33.9,28.2,4
WATCH-003413,2025-09-27T22:35:00,France,Comedy,Tablet,Premium,45,17.2,38.2,4
WATCH-003414,2025-04-04T00:24:00,Netherlands,Animation,Tablet,Basic,45,24.9,55.3,3
WATCH-003415,2025-12-31T04:47:00,Germany,Thriller,TV,Basic,120,79.2,66.0,1
WATCH-003416,2025-09-11T05:53:00,Spain,Animation,Laptop,Premium,30,28.7,95.7,5
WATCH-003417,2025-05-20T22:48:00,Sweden,Drama,Phone,Basic,120,62.0,51.7,5
WATCH-003418,2025-07-31T13:49:00,Netherlands,Science fiction,Phone,Premium,90,12.1,13.4,3
WATCH-003419,2025-12-01T00:43:00,Germany,Animation,Tablet,Basic,90,49.2,54.7,4
WATCH-003420,2025-11-27T17:08:00,Spain,Thriller,TV,Standard,30,5.9,19.7,1
WATCH-003421,2025-01-17T22:43:00,Netherlands,Drama,Tablet,Premium,30,21.0,70.0,4
WATCH-003422,2025-10-18T05:28:00,Spain,Documentary,Phone,Premium,30,22.1,73.7,5
WATCH-003423,2025-12-30T05:32:00,Netherlands,Comedy,Tablet,Premium,90,49.2,54.7,5
WATCH-003424,2025-10-03T05:09:00,France,Animation,TV,Standard,45,25.9,57.6,2
WATCH-003425,2025-11-06T06:40:00,Germany,Science fiction,Laptop,Standard,22,2.0,9.1,4
WATCH-003426,2025-09-01T18:36:00,France,Comedy,Tablet,Premium,30,12.2,40.7,1
WATCH-003427,2025-07-14T21:34:00,Italy,Thriller,Tablet,Basic,22,10.7,48.6,2
WATCH-003428,2025-04-01T18:20:00,Sweden,Documentary,TV,Basic,60,10.7,17.8,2
WATCH-003429,2025-03-01T22:23:00,Netherlands,Documentary,Laptop,Standard,45,30.0,66.7,3
WATCH-003430,2025-07-07T12:05:00,Sweden,Comedy,Laptop,Premium,90,10.7,11.9,3
WATCH-003431,2025-03-26T01:28:00,Sweden,Drama,Tablet,Basic,120,12.4,10.3,2
WATCH-003432,2025-11-06T11:19:00,France,Comedy,Tablet,Premium,30,12.6,42.0,4
WATCH-003433,2025-01-07T06:01:00,Spain,Documentary,TV,Standard,30,9.2,30.7,3
WATCH-003434,2025-08-13T22:29:00,Netherlands,Documentary,Phone,Premium,90,15.5,17.2,4
WATCH-003435,2025-11-13T07:20:00,Italy,Animation,Phone,Standard,60,29.6,49.3,1
WATCH-003436,2025-11-08T21:55:00,Italy,Drama,Tablet,Standard,120,36.4,30.3,2
WATCH-003437,2025-07-26T16:07:00,Spain,Drama,Tablet,Premium,60,31.9,53.2,1
WATCH-003438,2025-07-07T17:28:00,France,Science fiction,Tablet,Premium,45,26.3,58.4,3
WATCH-003439,2025-07-15T04:23:00,Italy,Drama,TV,Standard,45,30.8,68.4,2
WATCH-003440,2025-12-04T00:19:00,Germany,Thriller,Laptop,Basic,30,2.7,9.0,3
WATCH-003441,2025-11-16T03:34:00,Spain,Animation,Tablet,Basic,120,105.0,87.5,1
WATCH-003442,2025-10-17T09:44:00,Germany,Animation,Phone,Premium,22,11.3,,1
WATCH-003443,2025-11-27T20:18:00,Spain,Science fiction,Tablet,Standard,90,52.6,58.4,2
WATCH-003444,2025-07-06T12:02:00,Italy,Drama,Phone,Premium,22,5.7,25.9,5
WATCH-003445,2025-08-16T15:27:00,France,Drama,Phone,Standard,120,78.0,65.0,1
WATCH-003446,2025-08-25T02:50:00,Netherlands,Thriller,Laptop,Basic,45,41.0,91.1,5
WATCH-003447,2025-02-15T23:05:00,Italy,Thriller,Laptop,Premium,60,18.0,30.0,5
WATCH-003448,2025-10-21T17:37:00,Italy,Animation,Laptop,Standard,90,67.1,74.6,5
WATCH-003449,2025-02-05T11:23:00,Italy,Drama,Tablet,Standard,60,53.2,88.7,5
WATCH-003450,2025-07-12T00:53:00,Germany,Animation,Laptop,Standard,45,3.3,7.3,1
WATCH-003451,2025-07-21T17:43:00,Spain,Documentary,TV,Standard,60,42.2,70.3,5
WATCH-003452,2025-09-24T00:41:00,Sweden,Documentary,Tablet,Premium,22,5.3,24.1,3
WATCH-003453,2025-12-02T12:48:00,Sweden,Thriller,TV,Standard,60,44.9,74.8,5
WATCH-003454,2025-07-08T02:56:00,Sweden,Drama,Laptop,Standard,90,69.7,77.4,5
WATCH-003455,2025-02-03T06:08:00,Netherlands,Drama,Tablet,Basic,90,45.7,50.8,1
WATCH-003456,2025-05-11T23:59:00,Netherlands,Science fiction,TV,Premium,60,45.3,75.5,1
WATCH-003457,2025-03-16T02:37:00,Sweden,Animation,TV,Standard,120,84.5,70.4,5
WATCH-003458,2025-06-04T18:57:00,Germany,Drama,Phone,Basic,90,86.8,96.4,2
WATCH-003459,2025-06-01T10:27:00,Italy,Drama,Tablet,Basic,90,74.3,82.6,1
WATCH-003460,2025-09-20T18:55:00,France,Comedy,TV,Premium,60,31.9,53.2,2
WATCH-003461,2025-02-14T13:36:00,Italy,Thriller,Phone,Standard,60,13.4,22.3,2
WATCH-003462,2025-04-17T14:29:00,Spain,Comedy,Tablet,Premium,90,53.8,59.8,5
WATCH-003463,2025-04-04T07:15:00,Sweden,Thriller,Laptop,Basic,90,59.6,66.2,2
WATCH-003464,2025-12-09T21:35:00,Italy,Drama,Laptop,Basic,30,24.2,80.7,2
WATCH-003465,2025-09-10T10:26:00,Italy,Documentary,Laptop,Basic,60,7.0,11.7,3
WATCH-003466,2025-09-02T00:47:00,Italy,Drama,TV,Basic,45,28.3,62.9,1
WATCH-003467,2025-07-17T18:58:00,Spain,Drama,Phone,Standard,30,13.4,44.7,2
WATCH-003468,2025-01-13T02:02:00,Spain,Thriller,TV,Standard,30,11.7,39.0,3
WATCH-003469,2025-04-22T11:27:00,Netherlands,Comedy,TV,Basic,30,4.3,14.3,5
WATCH-003470,2025-05-07T20:57:00,Italy,Animation,Laptop,Premium,90,37.1,41.2,5
WATCH-003471,2025-04-11T11:01:00,Spain,Animation,Laptop,Basic,90,61.6,68.4,5
WATCH-003472,2025-05-29T16:57:00,Sweden,Thriller,Laptop,Standard,90,84.6,94.0,2
WATCH-003473,2025-11-25T13:12:00,Sweden,Documentary,Laptop,Premium,45,18.5,41.1,2
WATCH-003474,2025-03-31T20:55:00,Germany,Documentary,Phone,Standard,90,38.8,43.1,1
WATCH-003475,2025-01-25T21:00:00,France,Drama,Laptop,Standard,22,2.2,10.0,4
WATCH-003476,2025-10-28T06:53:00,Italy,Documentary,TV,Basic,45,38.7,86.0,3
WATCH-003477,2025-09-03T17:48:00,Germany,Thriller,Laptop,Premium,22,11.8,53.6,2
WATCH-003478,2025-11-28T20:25:00,France,Science fiction,Phone,Basic,45,38.5,85.6,1
WATCH-003479,2025-03-31T04:08:00,Germany,Animation,TV,Basic,45,24.7,,5
WATCH-003480,2025-05-12T00:00:00,Spain,Science fiction,Phone,Premium,22,1.7,7.7,1
WATCH-003481,2025-03-18T16:37:00,Sweden,Animation,Laptop,Basic,120,38.3,31.9,4
WATCH-003482,2025-02-04T20:52:00,France,Animation,Laptop,Standard,60,26.0,43.3,4
WATCH-003483,2025-11-08T21:19:00,Germany,Drama,Tablet,Standard,90,13.8,15.3,1
WATCH-003484,2025-11-12T08:02:00,France,Science fiction,Laptop,Premium,120,7.0,5.8,2
WATCH-003485,2025-08-24T13:48:00,Sweden,Animation,Laptop,Basic,30,15.0,50.0,1
WATCH-003486,2025-06-12T22:09:00,Spain,Documentary,Phone,Standard,30,18.8,62.7,4
WATCH-003487,2025-12-27T19:25:00,Sweden,Animation,,Standard,90,47.6,52.9,2
WATCH-003488,2025-09-03T14:17:00,Sweden,Science fiction,Tablet,Standard,60,54.0,90.0,5
WATCH-003489,2025-09-26T00:07:00,France,Comedy,Tablet,Premium,90,82.8,92.0,4
WATCH-003490,2025-05-23T08:04:00,Sweden,Science fiction,Phone,Basic,45,31.9,70.9,1
WATCH-003491,2025-10-13T00:46:00,Netherlands,Animation,Laptop,Premium,120,40.4,33.7,4
WATCH-003492,2025-07-14T02:57:00,Italy,Science fiction,Phone,Standard,30,18.6,62.0,2
WATCH-003493,2025-10-23T06:51:00,Spain,Animation,Tablet,Standard,90,14.5,16.1,1
WATCH-003494,2025-12-31T06:00:00,Germany,Science fiction,Tablet,Basic,120,23.3,19.4,5
WATCH-003495,2025-07-16T00:59:00,Sweden,Thriller,Tablet,Basic,30,13.6,45.3,3
WATCH-003496,2025-07-23T21:06:00,Germany,Animation,TV,Standard,22,9.4,42.7,2
WATCH-003497,2025-05-19T09:41:00,Germany,Thriller,Laptop,Premium,90,30.1,33.4,4
WATCH-003498,2025-02-23T14:25:00,Spain,Documentary,Laptop,Standard,22,10.6,48.2,2
WATCH-003499,2025-07-08T15:10:00,Germany,Thriller,Laptop,Standard,30,15.5,51.7,4
WATCH-003500,2025-04-27T21:38:00,Spain,Thriller,Phone,Premium,90,81.9,91.0,4
WATCH-003501,2025-01-13T15:29:00,France,Comedy,Phone,Standard,120,113.0,94.2,5
WATCH-003502,2025-10-09T14:58:00,Sweden,Documentary,Laptop,Standard,60,19.9,33.2,4
WATCH-003503,2025-05-26T15:44:00,Sweden,Documentary,Laptop,Premium,22,6.8,30.9,2
WATCH-003504,2025-05-03T09:45:00,France,Documentary,Phone,Premium,60,37.6,62.7,3
WATCH-003505,2025-04-16T05:28:00,Netherlands,Science fiction,Phone,Premium,45,4.9,10.9,5
WATCH-003506,2025-06-04T02:47:00,Germany,Animation,TV,Basic,60,59.1,98.5,2
WATCH-003507,2025-03-29T14:54:00,Sweden,Thriller,TV,Basic,22,9.9,45.0,1
WATCH-003508,2025-03-12T15:03:00,Netherlands,Animation,Phone,Standard,30,18.7,62.3,4
WATCH-003509,2025-12-01T14:40:00,Italy,Science fiction,Tablet,Standard,22,21.9,99.5,5
WATCH-003510,2025-02-25T18:31:00,France,Drama,Tablet,Standard,120,44.3,36.9,1
WATCH-003511,2025-09-07T04:04:00,Germany,Documentary,TV,Premium,120,10.7,8.9,5
WATCH-003512,2025-02-05T16:02:00,Italy,Thriller,Tablet,Premium,22,16.7,75.9,3
WATCH-003513,2025-03-03T20:55:00,Spain,Drama,TV,Premium,45,33.1,73.6,3
WATCH-003514,2025-12-24T22:30:00,Spain,Comedy,TV,Premium,120,87.5,72.9,4
WATCH-003515,2025-03-22T05:40:00,Netherlands,Drama,Laptop,Premium,60,39.6,66.0,3
WATCH-003516,2025-02-03T17:43:00,France,Comedy,Phone,Basic,120,99.6,,2
WATCH-003517,2025-04-18T22:19:00,Italy,Animation,TV,Basic,22,7.8,35.5,2
WATCH-003518,2025-05-18T09:14:00,Spain,Comedy,Laptop,Standard,120,44.2,36.8,2
WATCH-003519,2025-02-13T13:42:00,Netherlands,Thriller,Laptop,Basic,60,18.7,31.2,4
WATCH-003520,2025-10-23T20:40:00,Germany,Thriller,TV,Basic,22,3.6,16.4,5
WATCH-003521,2025-06-25T23:49:00,France,Animation,TV,Basic,60,4.4,7.3,4
WATCH-003522,2025-08-23T02:44:00,Germany,Thriller,Phone,Standard,120,76.1,63.4,3
WATCH-003523,2025-12-31T18:26:00,Germany,Animation,Laptop,Standard,45,8.1,18.0,4
WATCH-003524,2025-06-16T18:13:00,Sweden,Science fiction,TV,Premium,90,18.2,20.2,5
WATCH-003525,2025-06-15T10:31:00,France,Animation,Tablet,Basic,22,21.9,99.5,1
WATCH-003526,2025-05-30T09:46:00,France,Animation,Phone,Standard,45,17.7,39.3,5
WATCH-003527,2025-12-03T12:52:00,France,Thriller,Tablet,Premium,45,44.4,98.7,4
WATCH-003528,2025-07-18T01:04:00,Sweden,Documentary,Laptop,Standard,120,110.9,92.4,4
WATCH-003529,2025-05-15T23:06:00,France,Comedy,Laptop,Premium,120,100.0,83.3,2
WATCH-003530,2025-03-15T01:11:00,Germany,Documentary,Phone,Basic,120,17.0,14.2,1
WATCH-003531,2025-09-20T05:35:00,France,Animation,TV,Standard,60,20.4,34.0,5
WATCH-003532,2025-07-20T03:31:00,Italy,Animation,Tablet,Standard,120,86.3,71.9,4
WATCH-003533,2025-03-15T03:11:00,Sweden,Science fiction,Laptop,Basic,120,46.7,38.9,5
WATCH-003534,2025-03-11T05:57:00,Sweden,Documentary,Tablet,Premium,45,35.7,79.3,5
WATCH-003535,2025-10-20T04:04:00,Netherlands,Thriller,TV,Basic,22,13.8,62.7,1
WATCH-003536,2025-12-23T14:26:00,Spain,Documentary,TV,Standard,30,24.3,81.0,3
WATCH-003537,2025-03-21T23:41:00,Sweden,Drama,Laptop,Standard,90,86.1,95.7,1
WATCH-003538,2025-07-29T20:12:00,Netherlands,Drama,Laptop,Standard,90,85.1,94.6,3
WATCH-003539,2025-07-24T15:37:00,Spain,Comedy,Phone,Standard,120,71.1,59.2,5
WATCH-003540,2025-02-25T00:49:00,Sweden,Science fiction,Phone,Premium,90,39.4,43.8,2
WATCH-003541,2025-06-27T15:30:00,Italy,Animation,Laptop,Basic,60,17.8,29.7,3
WATCH-003542,2025-06-07T13:03:00,Italy,Animation,Phone,Premium,22,5.4,24.5,1
WATCH-003543,2025-06-05T07:53:00,Italy,Animation,Phone,Standard,22,15.9,72.3,2
WATCH-003544,2025-07-26T21:54:00,Netherlands,Comedy,Laptop,Basic,90,68.5,76.1,5
WATCH-003545,2025-04-28T18:58:00,Italy,Documentary,Phone,Standard,60,47.0,78.3,2
WATCH-003546,2025-03-07T02:18:00,Spain,Science fiction,TV,Basic,90,60.1,66.8,5
WATCH-003547,2025-10-11T01:41:00,Germany,Animation,TV,Premium,22,22.0,100.0,5
WATCH-003548,2025-02-16T00:25:00,Germany,Thriller,Laptop,Basic,120,23.7,19.7,3
WATCH-003549,2025-11-11T01:49:00,France,Animation,Laptop,Basic,120,112.0,93.3,4
WATCH-003550,2025-11-22T03:16:00,Sweden,Thriller,Phone,Standard,30,13.3,44.3,5
WATCH-003551,2025-09-23T04:59:00,France,Thriller,Laptop,Basic,60,18.6,31.0,2
WATCH-003552,2025-12-10T10:29:00,Germany,Comedy,Phone,Premium,90,89.2,99.1,1
WATCH-003553,2025-02-25T20:00:00,Italy,Comedy,Phone,Premium,30,26.8,,1
WATCH-003554,2025-01-29T12:36:00,Netherlands,Animation,Phone,Premium,30,11.7,39.0,1
WATCH-003555,2025-03-14T23:06:00,Sweden,Thriller,Laptop,Premium,22,10.6,48.2,1
WATCH-003556,2025-01-23T09:14:00,Sweden,Thriller,Laptop,Standard,30,10.8,36.0,5
WATCH-003557,2025-01-09T12:39:00,Germany,Comedy,Phone,Premium,60,41.6,69.3,1
WATCH-003558,2025-08-19T11:06:00,Sweden,Thriller,Tablet,Standard,30,3.7,12.3,3
WATCH-003559,2025-05-09T02:22:00,France,Thriller,Tablet,Standard,60,58.4,97.3,2
WATCH-003560,2025-04-07T09:33:00,Spain,Thriller,Tablet,Standard,45,13.5,30.0,2
WATCH-003561,2025-12-28T09:12:00,Sweden,Animation,Tablet,Standard,60,40.2,67.0,5
WATCH-003562,2025-07-16T22:05:00,France,Science fiction,Laptop,Basic,45,9.6,21.3,2
WATCH-003563,2025-12-05T13:11:00,Netherlands,Drama,TV,Premium,45,19.8,44.0,4
WATCH-003564,2025-06-22T22:32:00,France,Drama,TV,Basic,30,14.8,49.3,3
WATCH-003565,2025-01-08T21:59:00,Germany,Animation,Tablet,Premium,90,49.3,54.8,4
WATCH-003566,2025-04-26T07:04:00,Sweden,Animation,TV,Basic,22,8.7,39.5,4
WATCH-003567,2025-04-06T13:12:00,Netherlands,Animation,TV,Premium,30,13.6,45.3,5
WATCH-003568,2025-04-28T04:14:00,Italy,Thriller,Laptop,Basic,120,12.4,10.3,2
WATCH-003569,2025-07-12T01:55:00,France,Animation,Laptop,Basic,60,32.8,54.7,2
WATCH-003570,2025-07-22T23:44:00,Sweden,Animation,,Standard,22,8.1,36.8,2
WATCH-003571,2025-06-28T14:16:00,France,Science fiction,Tablet,Basic,45,19.1,42.4,4
WATCH-003572,2025-07-22T09:27:00,Germany,Thriller,Laptop,Standard,120,33.2,27.7,1
WATCH-003573,2025-05-02T11:31:00,Sweden,Science fiction,Tablet,Standard,30,3.2,10.7,4
WATCH-003574,2025-05-27T06:17:00,Germany,Science fiction,Tablet,Premium,45,30.0,66.7,4
WATCH-003575,2025-01-21T09:31:00,Netherlands,Documentary,Phone,Standard,60,18.1,30.2,5
WATCH-003576,2025-04-06T11:54:00,Sweden,Drama,Tablet,Premium,60,48.8,81.3,4
WATCH-003577,2025-08-08T14:21:00,Sweden,Documentary,Phone,Basic,22,9.9,45.0,4
WATCH-003578,2025-07-11T11:21:00,Italy,Documentary,Tablet,Standard,22,14.4,65.5,2
WATCH-003579,2025-10-17T09:26:00,Netherlands,Drama,Tablet,Premium,60,37.0,61.7,2
WATCH-003580,2025-04-09T06:06:00,Sweden,Animation,Laptop,Standard,22,10.6,48.2,2
WATCH-003581,2025-08-06T21:43:00,Netherlands,Drama,Tablet,Premium,45,19.8,44.0,4
WATCH-003582,2025-07-03T04:15:00,Spain,Comedy,Phone,Standard,120,77.4,64.5,2
WATCH-003583,2025-08-11T22:49:00,Sweden,Animation,Tablet,Basic,90,34.5,38.3,2
WATCH-003584,2025-06-15T22:23:00,Italy,Science fiction,Tablet,Basic,45,37.8,84.0,3
WATCH-003585,2025-02-26T15:39:00,France,Documentary,TV,Standard,120,61.6,51.3,4
WATCH-003586,2025-01-26T05:01:00,Italy,Thriller,Phone,Premium,90,80.2,89.1,3
WATCH-003587,2025-02-23T11:02:00,Sweden,Animation,Tablet,Standard,60,17.2,28.7,4
WATCH-003588,2025-07-28T09:19:00,Sweden,Documentary,TV,Basic,45,39.1,86.9,2
WATCH-003589,2025-06-30T01:11:00,Germany,Documentary,Phone,Standard,90,62.2,69.1,5
WATCH-003590,2025-06-04T12:00:00,Spain,Comedy,Phone,Standard,22,6.6,,3
WATCH-003591,2025-11-13T23:28:00,Germany,Documentary,Laptop,Basic,60,3.4,5.7,5
WATCH-003592,2025-12-26T06:04:00,Sweden,Animation,Phone,Premium,30,28.5,95.0,3
WATCH-003593,2025-05-21T13:31:00,France,Comedy,Laptop,Basic,30,18.9,63.0,5
WATCH-003594,2025-08-14T07:12:00,Germany,Science fiction,Laptop,Standard,90,65.5,72.8,3
WATCH-003595,2025-08-31T04:33:00,Spain,Drama,Laptop,Basic,22,6.3,28.6,2
WATCH-003596,2025-01-02T09:01:00,France,Science fiction,Laptop,Standard,60,51.4,85.7,3
WATCH-003597,2025-07-30T12:42:00,Italy,Comedy,Laptop,Basic,45,32.6,72.4,2
WATCH-003598,2025-11-21T22:48:00,Germany,Drama,Tablet,Standard,30,2.7,9.0,4
WATCH-003599,2025-10-19T17:12:00,Sweden,Comedy,Phone,Basic,60,29.8,49.7,4
WATCH-003600,2025-04-23T08:07:00,Spain,Thriller,TV,Premium,45,12.1,26.9,1
WATCH-003601,2025-07-14T01:40:00,Sweden,Thriller,Phone,Standard,45,13.6,30.2,1
WATCH-003602,2025-03-13T01:33:00,Germany,Thriller,Tablet,Premium,22,17.5,79.5,4
WATCH-003603,2025-11-29T07:04:00,France,Documentary,Phone,Standard,90,71.4,79.3,2
WATCH-003604,2025-03-09T15:48:00,France,Comedy,TV,Standard,90,35.5,39.4,2
WATCH-003605,2025-01-02T06:35:00,Netherlands,Thriller,Tablet,Premium,90,87.4,97.1,3
WATCH-003606,2025-06-13T15:51:00,Spain,Comedy,Laptop,Basic,90,46.4,51.6,4
WATCH-003607,2025-11-13T09:40:00,Netherlands,Thriller,Tablet,Premium,120,6.8,5.7,1
WATCH-003608,2025-06-08T00:21:00,Germany,Drama,Phone,Basic,45,35.7,79.3,1
WATCH-003609,2025-08-24T07:15:00,Germany,Comedy,Laptop,Standard,22,3.6,16.4,5
WATCH-003610,2025-05-25T19:14:00,Spain,Documentary,Phone,Premium,60,22.3,37.2,2
WATCH-003611,2025-03-12T18:28:00,Sweden,Thriller,Phone,Standard,90,24.4,27.1,3
WATCH-003612,2025-11-13T04:20:00,Netherlands,Documentary,Laptop,Premium,45,30.3,67.3,2
WATCH-003613,2025-01-16T15:01:00,France,Comedy,Tablet,Basic,120,52.5,43.8,2
WATCH-003614,2025-01-10T01:12:00,Netherlands,Thriller,TV,Premium,30,5.7,19.0,2
WATCH-003615,2025-04-18T12:35:00,Sweden,Animation,Phone,Basic,45,37.8,84.0,4
WATCH-003616,2025-08-29T23:16:00,Spain,Science fiction,Phone,Premium,120,69.4,57.8,5
WATCH-003617,2025-07-18T07:32:00,Spain,Thriller,Phone,Premium,60,30.6,51.0,4
WATCH-003618,2025-06-01T22:59:00,Sweden,Comedy,TV,Standard,60,27.7,46.2,4
WATCH-003619,2025-11-18T15:45:00,Sweden,Science fiction,Phone,Basic,30,28.4,94.7,2
WATCH-003620,2025-05-19T22:46:00,Italy,Science fiction,Tablet,Standard,120,21.1,17.6,1
WATCH-003621,2025-08-24T21:38:00,France,Science fiction,Laptop,Premium,120,24.2,20.2,3
WATCH-003622,2025-05-27T09:37:00,Sweden,Thriller,Phone,Premium,45,43.2,96.0,2
WATCH-003623,2025-01-07T10:52:00,France,Animation,TV,Standard,120,92.0,76.7,4
WATCH-003624,2025-06-05T12:58:00,Netherlands,Comedy,TV,Basic,60,14.7,24.5,5
WATCH-003625,2025-03-04T19:02:00,Sweden,Thriller,Tablet,Premium,90,19.3,21.4,1
WATCH-003626,2025-04-18T04:37:00,Spain,Thriller,Tablet,Premium,120,65.5,54.6,4
WATCH-003627,2025-08-25T21:05:00,Italy,Science fiction,Tablet,Standard,120,56.9,,1
WATCH-003628,2025-12-26T19:11:00,France,Science fiction,Laptop,Basic,30,22.6,75.3,1
WATCH-003629,2025-04-17T14:19:00,France,Drama,Laptop,Premium,22,13.3,60.5,4
WATCH-003630,2025-12-05T22:58:00,France,Thriller,TV,Basic,22,11.2,50.9,5
WATCH-003631,2025-04-02T09:32:00,Germany,Animation,TV,Premium,120,23.8,19.8,1
WATCH-003632,2025-07-19T22:35:00,Sweden,Documentary,TV,Premium,22,19.0,86.4,5
WATCH-003633,2025-03-28T06:20:00,Sweden,Documentary,Tablet,Standard,90,85.8,95.3,3
WATCH-003634,2025-10-28T02:32:00,Netherlands,Animation,Tablet,Premium,90,49.5,55.0,1
WATCH-003635,2025-11-09T17:09:00,Germany,Animation,Laptop,Standard,90,35.6,39.6,4
WATCH-003636,2025-10-12T06:14:00,Germany,Science fiction,TV,Premium,45,12.7,28.2,4
WATCH-003637,2025-05-20T16:45:00,Italy,Thriller,Tablet,Basic,90,84.8,94.2,3
WATCH-003638,2025-06-28T07:56:00,Italy,Documentary,Laptop,Premium,22,13.2,60.0,1
WATCH-003639,2025-05-04T01:42:00,Italy,Drama,Phone,Premium,22,11.5,52.3,2
WATCH-003640,2025-06-01T04:57:00,Germany,Animation,Phone,Premium,30,21.3,71.0,1
WATCH-003641,2025-06-16T03:43:00,Spain,Documentary,Phone,Basic,45,24.9,55.3,4
WATCH-003642,2025-03-30T23:32:00,Germany,Thriller,Laptop,Premium,90,83.8,93.1,4
WATCH-003643,2025-09-06T14:46:00,Germany,Animation,Laptop,Standard,90,63.2,70.2,3
WATCH-003644,2025-05-08T06:54:00,Netherlands,Thriller,Phone,Premium,30,4.7,15.7,1
WATCH-003645,2025-12-10T21:26:00,Germany,Comedy,Phone,Standard,22,7.4,33.6,5
WATCH-003646,2025-10-18T09:39:00,Germany,Documentary,TV,Premium,45,31.6,70.2,3
WATCH-003647,2025-03-04T08:34:00,France,Documentary,Tablet,Basic,30,8.0,26.7,1
WATCH-003648,2025-09-03T18:58:00,Netherlands,Thriller,Laptop,Premium,22,5.6,25.5,2
WATCH-003649,2025-05-23T21:43:00,Germany,Animation,Laptop,Premium,45,6.7,14.9,3
WATCH-003650,2025-04-16T13:57:00,Spain,Documentary,TV,Standard,120,79.3,66.1,3
WATCH-003651,2025-02-10T10:04:00,Spain,Science fiction,Tablet,Standard,60,8.6,14.3,2
WATCH-003652,2025-11-22T05:35:00,Germany,Comedy,Phone,Basic,120,63.0,52.5,1
WATCH-003653,2025-08-24T00:36:00,Italy,Science fiction,,Premium,120,95.0,79.2,5
WATCH-003654,2025-10-20T20:59:00,Germany,Science fiction,Laptop,Basic,45,24.7,54.9,3
WATCH-003655,2025-07-01T18:19:00,Italy,Drama,Phone,Standard,120,80.1,66.8,3
WATCH-003656,2025-12-14T21:22:00,Germany,Documentary,Phone,Premium,45,32.1,71.3,1
WATCH-003657,2025-09-16T19:14:00,Spain,Animation,Tablet,Standard,120,61.0,50.8,2
WATCH-003658,2025-11-24T04:39:00,Sweden,Science fiction,Tablet,Basic,45,38.6,85.8,2
WATCH-003659,2025-10-04T10:50:00,Italy,Thriller,Tablet,Premium,60,30.4,50.7,5
WATCH-003660,2025-05-21T01:55:00,Sweden,Thriller,Laptop,Premium,60,42.3,70.5,4
WATCH-003661,2025-12-19T04:11:00,Italy,Animation,Phone,Basic,120,52.7,43.9,5
WATCH-003662,2025-11-25T11:07:00,Spain,Drama,TV,Basic,90,65.4,72.7,5
WATCH-003663,2025-05-26T20:16:00,Germany,Documentary,Laptop,Standard,30,15.8,52.7,5
WATCH-003664,2025-12-17T05:24:00,France,Animation,Laptop,Standard,120,19.2,,4
WATCH-003665,2025-11-05T04:17:00,Italy,Drama,Laptop,Premium,22,9.1,41.4,2
WATCH-003666,2025-09-01T05:12:00,Netherlands,Documentary,Phone,Premium,120,103.5,86.2,2
WATCH-003667,2025-08-10T04:30:00,Germany,Documentary,Tablet,Standard,60,59.9,99.8,4
WATCH-003668,2025-09-25T08:25:00,Netherlands,Science fiction,Tablet,Standard,22,9.9,45.0,1
WATCH-003669,2025-06-21T21:48:00,Italy,Animation,Laptop,Basic,90,77.5,86.1,2
WATCH-003670,2025-11-10T05:27:00,Italy,Documentary,Tablet,Premium,60,24.6,41.0,4
WATCH-003671,2025-05-18T11:40:00,Sweden,Animation,Laptop,Basic,60,6.1,10.2,3
WATCH-003672,2025-06-02T03:30:00,Sweden,Animation,Laptop,Basic,22,16.8,76.4,2
WATCH-003673,2025-02-13T11:01:00,Spain,Comedy,Tablet,Premium,120,105.5,87.9,1
WATCH-003674,2025-11-16T20:21:00,Italy,Science fiction,Tablet,Basic,22,12.8,58.2,3
WATCH-003675,2025-07-06T10:47:00,Spain,Documentary,Tablet,Basic,30,25.1,83.7,1
WATCH-003676,2025-11-09T12:33:00,Italy,Documentary,Tablet,Basic,60,49.0,81.7,2
WATCH-003677,2025-08-22T07:38:00,France,Comedy,TV,Basic,60,25.4,42.3,4
WATCH-003678,2025-02-12T06:26:00,Germany,Comedy,Laptop,Premium,30,9.8,32.7,5
WATCH-003679,2025-04-15T07:38:00,Spain,Thriller,Laptop,Basic,90,13.9,15.4,1
WATCH-003680,2025-10-11T23:15:00,France,Science fiction,Phone,Basic,60,51.5,85.8,1
WATCH-003681,2025-08-15T15:01:00,Italy,Science fiction,TV,Premium,30,11.6,38.7,5
WATCH-003682,2025-07-14T19:45:00,Germany,Science fiction,Laptop,Standard,45,2.6,5.8,1
WATCH-003683,2025-11-09T15:37:00,Netherlands,Animation,Phone,Premium,45,12.1,26.9,4
WATCH-003684,2025-02-06T19:01:00,Spain,Drama,TV,Basic,90,78.6,87.3,3
WATCH-003685,2025-03-24T06:55:00,Italy,Thriller,Phone,Standard,120,37.4,31.2,5
WATCH-003686,2025-02-09T17:19:00,Spain,Science fiction,Phone,Basic,90,25.3,28.1,4
WATCH-003687,2025-04-04T18:19:00,Germany,Comedy,Laptop,Basic,90,86.5,96.1,2
WATCH-003688,2025-12-31T00:10:00,France,Drama,Phone,Basic,22,5.7,25.9,4
WATCH-003689,2025-05-26T14:43:00,Germany,Animation,Tablet,Premium,120,51.8,43.2,3
WATCH-003690,2025-12-16T23:47:00,Netherlands,Animation,Tablet,Premium,22,15.3,69.5,4
WATCH-003691,2025-03-13T21:14:00,France,Animation,Tablet,Premium,120,79.8,66.5,3
WATCH-003692,2025-07-24T05:22:00,Sweden,Thriller,Tablet,Basic,120,31.5,26.2,1
WATCH-003693,2025-10-24T14:13:00,Netherlands,Thriller,Phone,Premium,60,4.2,7.0,5
WATCH-003694,2025-03-25T01:45:00,Spain,Animation,TV,Basic,60,21.8,36.3,3
WATCH-003695,2025-11-16T22:18:00,Italy,Drama,Phone,Standard,30,7.3,24.3,2
WATCH-003696,2025-04-06T06:24:00,Netherlands,Drama,Laptop,Premium,30,21.2,70.7,4
WATCH-003697,2025-12-07T08:59:00,Sweden,Thriller,Tablet,Basic,22,1.9,8.6,3
WATCH-003698,2025-09-10T10:23:00,France,Documentary,Tablet,Standard,22,5.4,24.5,2
WATCH-003699,2025-03-17T07:18:00,Spain,Thriller,TV,Basic,120,20.9,17.4,2
WATCH-003700,2025-12-29T09:49:00,Spain,Animation,Phone,Premium,60,28.0,46.7,5
WATCH-003701,2025-09-17T22:23:00,Netherlands,Animation,TV,Premium,60,55.8,,2
WATCH-003702,2025-12-16T04:12:00,Spain,Animation,Phone,Premium,45,36.7,81.6,1
WATCH-003703,2025-08-20T03:43:00,Netherlands,Animation,TV,Premium,45,7.7,17.1,2
WATCH-003704,2025-07-22T19:58:00,Spain,Animation,Tablet,Basic,30,18.3,61.0,5
WATCH-003705,2025-02-05T16:23:00,Italy,Documentary,Phone,Basic,22,14.0,63.6,4
WATCH-003706,2025-11-30T16:33:00,Germany,Comedy,Laptop,Basic,120,98.8,82.3,5
WATCH-003707,2025-10-25T04:32:00,Germany,Drama,Phone,Standard,120,47.8,39.8,2
WATCH-003708,2025-01-05T09:20:00,Netherlands,Thriller,TV,Basic,45,34.0,75.6,4
WATCH-003709,2025-09-11T17:08:00,Germany,Comedy,TV,Standard,30,2.6,8.7,2
WATCH-003710,2025-11-30T10:10:00,Germany,Drama,Laptop,Premium,90,5.1,5.7,3
WATCH-003711,2025-06-17T18:38:00,France,Thriller,Phone,Basic,60,12.8,21.3,1
WATCH-003712,2025-02-13T17:34:00,Italy,Comedy,Tablet,Standard,120,59.8,49.8,5
WATCH-003713,2025-02-26T12:02:00,Germany,Documentary,Laptop,Standard,90,89.7,99.7,5
WATCH-003714,2025-03-26T11:27:00,Italy,Comedy,Laptop,Basic,90,7.7,8.6,4
WATCH-003715,2025-10-26T02:02:00,Spain,Comedy,Phone,Basic,45,24.7,54.9,5
WATCH-003716,2025-10-02T06:54:00,Italy,Science fiction,TV,Basic,60,27.4,45.7,4
WATCH-003717,2025-03-10T16:18:00,Italy,Drama,Laptop,Basic,60,43.1,71.8,2
WATCH-003718,2025-12-02T01:03:00,Italy,Animation,TV,Premium,90,48.8,54.2,4
WATCH-003719,2025-10-07T02:04:00,Germany,Animation,Tablet,Premium,22,19.8,90.0,3
WATCH-003720,2025-10-27T03:50:00,Sweden,Documentary,Laptop,Basic,30,26.6,88.7,3
WATCH-003721,2025-08-15T09:03:00,Italy,Science fiction,Tablet,Basic,120,38.2,31.8,4
WATCH-003722,2025-11-04T19:55:00,Netherlands,Drama,Tablet,Premium,120,64.8,54.0,2
WATCH-003723,2025-02-19T06:27:00,Netherlands,Comedy,TV,Basic,22,14.1,64.1,1
WATCH-003724,2025-01-02T01:57:00,Italy,Documentary,Phone,Standard,120,119.6,99.7,4
WATCH-003725,2025-12-20T20:33:00,France,Documentary,Phone,Premium,30,13.5,45.0,5
WATCH-003726,2025-12-28T05:19:00,Netherlands,Documentary,Phone,Standard,60,44.6,74.3,3
WATCH-003727,2025-08-19T16:33:00,Germany,Science fiction,Tablet,Basic,22,21.7,98.6,2
WATCH-003728,2025-11-06T17:36:00,Netherlands,Drama,Phone,Standard,45,36.5,81.1,2
WATCH-003729,2025-11-22T11:54:00,France,Drama,Phone,Basic,90,48.2,53.6,4
WATCH-003730,2025-03-27T09:08:00,Sweden,Animation,Phone,Premium,45,31.6,70.2,5
WATCH-003731,2025-06-16T23:29:00,France,Drama,Tablet,Premium,30,16.1,53.7,3
WATCH-003732,2025-10-13T18:56:00,Sweden,Drama,Laptop,Basic,22,7.1,32.3,5
WATCH-003733,2025-11-07T06:36:00,France,Drama,Tablet,Standard,90,89.2,99.1,5
WATCH-003734,2025-06-19T23:54:00,Italy,Animation,TV,Basic,22,3.4,15.5,2
WATCH-003735,2025-11-03T07:35:00,France,Animation,TV,Premium,120,70.3,58.6,1
WATCH-003736,2025-05-10T08:35:00,France,Drama,,Premium,22,20.6,93.6,4
WATCH-003737,2025-03-07T05:22:00,Netherlands,Animation,Laptop,Basic,45,5.3,11.8,1
WATCH-003738,2025-07-21T22:51:00,France,Drama,Phone,Basic,22,20.7,,3
WATCH-003739,2025-11-02T06:06:00,Sweden,Science fiction,Phone,Premium,45,4.0,8.9,4
WATCH-003740,2025-09-27T22:45:00,Germany,Science fiction,Laptop,Basic,30,9.8,32.7,5
WATCH-003741,2025-07-05T09:17:00,Italy,Thriller,Phone,Standard,120,45.1,37.6,1
WATCH-003742,2025-05-17T13:10:00,Germany,Drama,Laptop,Standard,22,19.7,89.5,3
WATCH-003743,2025-07-19T00:46:00,Netherlands,Documentary,Laptop,Basic,120,8.3,6.9,5
WATCH-003744,2025-06-22T19:36:00,Spain,Drama,TV,Standard,60,53.1,88.5,4
WATCH-003745,2025-08-22T22:56:00,Sweden,Documentary,Phone,Premium,60,11.3,18.8,1
WATCH-003746,2025-06-08T04:56:00,France,Drama,Laptop,Standard,22,1.5,6.8,5
WATCH-003747,2025-05-24T01:12:00,Spain,Thriller,Laptop,Standard,60,38.1,63.5,4
WATCH-003748,2025-03-31T14:07:00,Germany,Animation,Laptop,Premium,30,20.4,68.0,3
WATCH-003749,2025-03-02T12:47:00,Spain,Drama,Phone,Standard,90,47.9,53.2,1
WATCH-003750,2025-07-15T04:25:00,Spain,Science fiction,Tablet,Basic,45,34.4,76.4,5
WATCH-003751,2025-11-04T18:11:00,Sweden,Thriller,TV,Basic,30,29.6,98.7,1
WATCH-003752,2025-01-19T04:38:00,Germany,Science fiction,Tablet,Standard,60,23.4,39.0,1
WATCH-003753,2025-10-09T20:40:00,Sweden,Comedy,TV,Premium,45,24.4,54.2,3
WATCH-003754,2025-03-23T13:35:00,Italy,Science fiction,Tablet,Basic,22,21.6,98.2,4
WATCH-003755,2025-09-13T10:26:00,Spain,Science fiction,Laptop,Basic,90,61.8,68.7,1
WATCH-003756,2025-09-01T03:18:00,France,Thriller,TV,Basic,22,16.4,74.5,4
WATCH-003757,2025-10-08T04:50:00,Spain,Animation,Phone,Premium,45,21.7,48.2,4
WATCH-003758,2025-05-14T07:44:00,Germany,Documentary,Tablet,Standard,120,31.9,26.6,2
WATCH-003759,2025-06-21T04:26:00,France,Documentary,TV,Premium,90,66.2,73.6,3
WATCH-003760,2025-07-13T20:12:00,Spain,Comedy,Phone,Basic,45,24.1,53.6,4
WATCH-003761,2025-08-27T03:12:00,Sweden,Comedy,Tablet,Premium,22,17.1,77.7,3
WATCH-003762,2025-09-12T12:21:00,Germany,Comedy,TV,Basic,90,82.0,91.1,1
WATCH-003763,2025-03-15T13:55:00,Spain,Drama,Tablet,Basic,30,24.0,80.0,1
WATCH-003764,2025-11-11T05:42:00,France,Comedy,TV,Premium,45,22.6,50.2,3
WATCH-003765,2025-05-21T08:47:00,Germany,Drama,Tablet,Basic,30,8.0,26.7,4
WATCH-003766,2025-02-15T17:09:00,Germany,Comedy,Phone,Standard,120,91.1,75.9,5
WATCH-003767,2025-04-16T02:12:00,Spain,Drama,Laptop,Basic,120,87.9,73.2,2
WATCH-003768,2025-04-23T23:11:00,Netherlands,Science fiction,Phone,Standard,120,65.7,54.8,2
WATCH-003769,2025-06-08T07:57:00,Netherlands,Thriller,Phone,Basic,60,15.4,25.7,3
WATCH-003770,2025-08-31T21:48:00,Italy,Science fiction,Phone,Basic,30,3.0,10.0,3
WATCH-003771,2025-11-25T02:21:00,France,Documentary,Laptop,Premium,30,27.2,90.7,4
WATCH-003772,2025-06-17T21:10:00,Germany,Documentary,Phone,Basic,22,13.0,59.1,1
WATCH-003773,2025-03-25T15:29:00,Netherlands,Animation,Tablet,Premium,45,36.0,80.0,2
WATCH-003774,2025-02-20T07:00:00,France,Comedy,TV,Standard,22,16.1,73.2,4
WATCH-003775,2025-10-13T03:18:00,Sweden,Comedy,Phone,Basic,60,12.8,,3
WATCH-003776,2025-12-23T00:26:00,France,Science fiction,Tablet,Standard,60,45.0,75.0,4
WATCH-003777,2025-05-08T03:00:00,Germany,Comedy,Tablet,Standard,30,17.5,58.3,1
WATCH-003778,2025-01-15T20:36:00,Italy,Science fiction,Laptop,Standard,30,5.3,17.7,2
WATCH-003779,2025-11-11T09:56:00,Sweden,Documentary,Laptop,Basic,120,44.9,37.4,1
WATCH-003780,2025-02-23T17:54:00,Netherlands,Comedy,Phone,Premium,120,32.2,26.8,5
WATCH-003781,2025-09-07T08:20:00,Italy,Documentary,Tablet,Standard,45,30.7,68.2,5
WATCH-003782,2025-08-03T05:48:00,France,Science fiction,TV,Premium,90,9.1,10.1,3
WATCH-003783,2025-02-02T05:03:00,Sweden,Animation,Phone,Standard,60,56.5,94.2,1
WATCH-003784,2025-10-05T20:26:00,Germany,Documentary,TV,Standard,120,117.4,97.8,1
WATCH-003785,2025-03-02T06:05:00,Germany,Science fiction,Tablet,Basic,30,19.9,66.3,1
WATCH-003786,2025-12-02T13:09:00,Sweden,Thriller,Phone,Standard,120,36.6,30.5,1
WATCH-003787,2025-10-29T10:20:00,France,Animation,Laptop,Premium,90,87.7,97.4,4
WATCH-003788,2025-12-10T21:08:00,Italy,Documentary,Tablet,Premium,45,43.5,96.7,5
WATCH-003789,2025-07-14T12:11:00,Italy,Animation,Phone,Standard,22,8.5,38.6,2
WATCH-003790,2025-07-27T21:36:00,France,Comedy,TV,Premium,120,99.2,82.7,1
WATCH-003791,2025-07-27T06:54:00,Germany,Documentary,Phone,Basic,45,15.8,35.1,1
WATCH-003792,2025-11-26T17:54:00,Italy,Comedy,Phone,Standard,45,31.7,70.4,5
WATCH-003793,2025-08-02T15:51:00,Italy,Documentary,Tablet,Premium,60,41.3,68.8,4
WATCH-003794,2025-01-02T17:28:00,Germany,Thriller,TV,Standard,90,52.3,58.1,1
WATCH-003795,2025-10-07T07:22:00,Sweden,Drama,Phone,Standard,60,13.8,23.0,5
WATCH-003796,2025-06-07T18:30:00,Spain,Animation,Phone,Premium,120,49.4,41.2,4
WATCH-003797,2025-05-05T15:37:00,Germany,Comedy,Laptop,Standard,90,33.6,37.3,2
WATCH-003798,2025-11-04T16:53:00,Germany,Drama,Phone,Premium,120,53.5,44.6,5
WATCH-003799,2025-07-26T04:42:00,Netherlands,Science fiction,TV,Premium,22,11.2,50.9,3
WATCH-003800,2025-12-04T03:37:00,Italy,Animation,Phone,Basic,30,5.4,18.0,1
WATCH-003801,2025-05-12T18:52:00,Germany,Documentary,Phone,Basic,30,9.1,30.3,2
WATCH-003802,2025-05-12T11:25:00,Spain,Drama,Tablet,Basic,90,34.4,38.2,5
WATCH-003803,2025-10-20T07:13:00,Spain,Comedy,Laptop,Standard,45,3.7,8.2,1
WATCH-003804,2025-08-16T12:56:00,Sweden,Animation,Tablet,Basic,90,42.7,47.4,2
WATCH-003805,2025-03-10T12:37:00,Netherlands,Comedy,Tablet,Premium,120,76.8,64.0,1
WATCH-003806,2025-12-13T17:01:00,Sweden,Science fiction,Laptop,Premium,22,11.2,50.9,5
WATCH-003807,2025-03-06T02:01:00,Italy,Comedy,TV,Premium,30,25.5,85.0,5
WATCH-003808,2025-04-23T23:25:00,Sweden,Science fiction,Phone,Basic,30,11.1,37.0,2
WATCH-003809,2025-09-19T01:06:00,Spain,Comedy,Phone,Premium,90,25.8,28.7,5
WATCH-003810,2025-05-28T17:12:00,Sweden,Science fiction,Tablet,Standard,45,17.8,39.6,4
WATCH-003811,2025-01-12T08:16:00,Spain,Documentary,Tablet,Standard,45,7.4,16.4,1
WATCH-003812,2025-08-08T10:51:00,Spain,Drama,Tablet,Standard,120,32.2,,2
WATCH-003813,2025-04-05T10:35:00,Netherlands,Science fiction,Tablet,Standard,45,6.9,15.3,4
WATCH-003814,2025-11-25T08:09:00,Spain,Science fiction,Laptop,Basic,45,20.5,45.6,5
WATCH-003815,2025-02-19T11:59:00,France,Science fiction,Laptop,Premium,22,4.1,18.6,5
WATCH-003816,2025-01-31T04:52:00,Spain,Animation,Laptop,Standard,120,89.6,74.7,1
WATCH-003817,2025-03-19T14:43:00,Spain,Documentary,Tablet,Premium,90,35.1,39.0,4
WATCH-003818,2025-04-29T10:24:00,Netherlands,Animation,Phone,Standard,120,92.5,77.1,3
WATCH-003819,2025-07-28T21:27:00,Italy,Documentary,,Basic,30,19.4,64.7,4
WATCH-003820,2025-07-10T02:16:00,Netherlands,Science fiction,Tablet,Basic,45,11.2,24.9,5
WATCH-003821,2025-10-05T13:06:00,Netherlands,Science fiction,Tablet,Premium,120,84.3,70.2,1
WATCH-003822,2025-07-02T10:59:00,Spain,Thriller,Laptop,Basic,120,116.0,96.7,3
WATCH-003823,2025-03-22T16:42:00,Germany,Thriller,TV,Standard,30,12.5,41.7,4
WATCH-003824,2025-07-18T00:35:00,Spain,Animation,Laptop,Premium,22,15.2,69.1,5
WATCH-003825,2025-12-02T07:45:00,Germany,Drama,Phone,Premium,60,40.9,68.2,1
WATCH-003826,2025-03-10T18:46:00,Sweden,Comedy,TV,Standard,30,1.8,6.0,5
WATCH-003827,2025-09-06T16:56:00,Netherlands,Thriller,Phone,Premium,22,10.5,47.7,5
WATCH-003828,2025-07-28T04:24:00,Spain,Documentary,TV,Premium,45,25.2,56.0,3
WATCH-003829,2025-09-18T04:34:00,Sweden,Drama,TV,Premium,30,25.4,84.7,1
WATCH-003830,2025-06-01T07:26:00,Sweden,Drama,Tablet,Basic,90,30.4,33.8,3
WATCH-003831,2025-09-25T14:40:00,France,Documentary,Phone,Basic,60,9.2,15.3,2
WATCH-003832,2025-08-10T02:08:00,Spain,Drama,Tablet,Standard,45,38.5,85.6,4
WATCH-003833,2025-09-24T15:23:00,Spain,Comedy,Laptop,Basic,90,71.7,79.7,1
WATCH-003834,2025-03-16T01:05:00,Sweden,Comedy,Tablet,Basic,90,35.7,39.7,5
WATCH-003835,2025-01-12T10:16:00,France,Documentary,Tablet,Basic,60,31.2,52.0,5
WATCH-003836,2025-06-19T21:08:00,France,Comedy,Laptop,Premium,90,4.8,5.3,3
WATCH-003837,2025-10-02T18:15:00,France,Drama,Phone,Premium,22,10.5,47.7,1
WATCH-003838,2025-08-21T08:56:00,Spain,Documentary,Laptop,Standard,120,12.6,10.5,4
WATCH-003839,2025-07-01T22:15:00,Spain,Documentary,Laptop,Premium,90,54.3,60.3,4
WATCH-003840,2025-03-13T07:59:00,Spain,Documentary,Tablet,Standard,45,40.6,90.2,3
WATCH-003841,2025-11-16T22:24:00,Spain,Drama,Tablet,Basic,60,23.2,38.7,1
WATCH-003842,2025-06-17T12:15:00,Italy,Drama,TV,Standard,60,44.2,73.7,1
WATCH-003843,2025-12-19T16:31:00,Netherlands,Documentary,Laptop,Standard,30,5.2,17.3,5
WATCH-003844,2025-12-08T11:29:00,France,Drama,Tablet,Basic,22,20.2,91.8,2
WATCH-003845,2025-03-24T10:07:00,Sweden,Drama,Phone,Basic,90,6.4,7.1,4
WATCH-003846,2025-10-24T08:09:00,Italy,Science fiction,TV,Basic,22,8.0,36.4,2
WATCH-003847,2025-03-13T05:03:00,Sweden,Thriller,TV,Basic,60,53.6,89.3,2
WATCH-003848,2025-12-30T02:46:00,Germany,Documentary,Phone,Basic,45,10.2,22.7,1
WATCH-003849,2025-03-20T10:34:00,France,Comedy,TV,Premium,60,44.0,,3
WATCH-003850,2025-03-08T13:42:00,Netherlands,Animation,Tablet,Premium,22,13.3,60.5,4
WATCH-003851,2025-07-20T16:55:00,Netherlands,Thriller,TV,Basic,60,16.0,26.7,5
WATCH-003852,2025-04-02T05:39:00,Spain,Science fiction,Tablet,Premium,90,74.8,83.1,1
WATCH-003853,2025-03-07T17:20:00,Spain,Animation,TV,Standard,60,49.5,82.5,5
WATCH-003854,2025-06-29T12:43:00,Sweden,Animation,Tablet,Premium,45,20.3,45.1,3
WATCH-003855,2025-09-26T03:22:00,France,Comedy,Tablet,Standard,30,11.0,36.7,2
WATCH-003856,2025-05-05T17:20:00,France,Comedy,Phone,Standard,90,77.3,85.9,5
WATCH-003857,2025-04-22T04:58:00,Germany,Thriller,Laptop,Standard,90,75.1,83.4,2
WATCH-003858,2025-09-04T13:29:00,Germany,Science fiction,TV,Standard,30,22.2,74.0,3
WATCH-003859,2025-02-08T17:25:00,Sweden,Drama,TV,Basic,90,69.9,77.7,2
WATCH-003860,2025-09-04T00:27:00,Germany,Documentary,Laptop,Standard,90,58.6,65.1,4
WATCH-003861,2025-11-21T10:12:00,Netherlands,Animation,Laptop,Basic,30,22.5,75.0,1
WATCH-003862,2025-04-12T01:48:00,Germany,Documentary,Tablet,Standard,60,20.8,34.7,4
WATCH-003863,2025-06-30T06:41:00,France,Documentary,Tablet,Premium,30,22.6,75.3,3
WATCH-003864,2025-06-14T22:52:00,Netherlands,Science fiction,TV,Standard,45,37.0,82.2,5
WATCH-003865,2025-12-19T15:49:00,Sweden,Science fiction,TV,Premium,90,86.6,96.2,1
WATCH-003866,2025-02-27T06:49:00,France,Science fiction,Tablet,Premium,45,3.3,7.3,4
WATCH-003867,2025-01-20T09:58:00,Spain,Science fiction,Tablet,Premium,120,35.3,29.4,5
WATCH-003868,2025-07-25T07:57:00,Italy,Science fiction,TV,Standard,22,12.6,57.3,4
WATCH-003869,2025-06-17T00:04:00,Netherlands,Comedy,Phone,Premium,45,20.5,45.6,3
WATCH-003870,2025-03-14T00:01:00,Italy,Science fiction,Tablet,Standard,22,2.5,11.4,2
WATCH-003871,2025-09-08T07:57:00,Netherlands,Thriller,Laptop,Basic,90,20.8,23.1,2
WATCH-003872,2025-10-12T22:51:00,Sweden,Animation,Tablet,Premium,60,20.7,34.5,5
WATCH-003873,2025-11-27T19:11:00,Spain,Documentary,Phone,Basic,120,43.0,35.8,3
WATCH-003874,2025-05-20T02:24:00,Italy,Comedy,Phone,Premium,45,33.2,73.8,4
WATCH-003875,2025-06-22T00:02:00,Netherlands,Science fiction,Laptop,Premium,120,26.9,22.4,3
WATCH-003876,2025-11-25T00:24:00,France,Thriller,Laptop,Basic,60,59.5,99.2,3
WATCH-003877,2025-03-31T06:05:00,Sweden,Animation,Laptop,Basic,90,76.3,84.8,4
WATCH-003878,2025-02-16T19:09:00,Italy,Animation,Phone,Basic,90,46.4,51.6,3
WATCH-003879,2025-12-14T10:40:00,Spain,Documentary,Phone,Standard,120,28.0,23.3,1
WATCH-003880,2025-02-15T04:22:00,France,Thriller,Phone,Basic,22,7.0,31.8,3
WATCH-003881,2025-03-09T04:54:00,Germany,Science fiction,Phone,Basic,120,87.6,73.0,1
WATCH-003882,2025-08-24T07:05:00,Italy,Comedy,TV,Premium,45,26.7,59.3,4
WATCH-003883,2025-07-13T05:40:00,Spain,Science fiction,Tablet,Basic,120,31.9,26.6,4
WATCH-003884,2025-06-03T23:53:00,France,Animation,TV,Basic,30,17.5,58.3,5
WATCH-003885,2025-11-14T05:15:00,Germany,Science fiction,Laptop,Standard,45,24.9,55.3,1
WATCH-003886,2025-09-04T04:51:00,France,Drama,Laptop,Basic,45,23.8,,1
WATCH-003887,2025-01-10T22:01:00,Germany,Documentary,Laptop,Standard,90,53.1,59.0,1
WATCH-003888,2025-08-30T10:09:00,Sweden,Thriller,Tablet,Premium,90,37.4,41.6,4
WATCH-003889,2025-01-26T17:52:00,France,Drama,Phone,Basic,45,32.1,71.3,4
WATCH-003890,2025-03-12T11:54:00,Sweden,Thriller,Laptop,Standard,45,20.3,45.1,1
WATCH-003891,2025-12-27T11:59:00,Netherlands,Animation,Laptop,Premium,45,22.7,50.4,1
WATCH-003892,2025-07-17T02:12:00,Sweden,Science fiction,TV,Premium,90,48.9,54.3,4
WATCH-003893,2025-02-05T07:15:00,Spain,Drama,Laptop,Standard,22,10.8,49.1,3
WATCH-003894,2025-07-20T21:46:00,Sweden,Science fiction,Laptop,Basic,120,47.3,39.4,3
WATCH-003895,2025-07-29T15:08:00,Sweden,Documentary,Tablet,Premium,60,15.7,26.2,3
WATCH-003896,2025-08-31T19:16:00,Germany,Drama,Tablet,Standard,45,5.0,11.1,3
WATCH-003897,2025-08-28T12:28:00,Italy,Documentary,Tablet,Basic,60,25.1,41.8,1
WATCH-003898,2025-12-09T16:01:00,Germany,Thriller,Tablet,Basic,22,5.6,25.5,2
WATCH-003899,2025-05-09T20:36:00,Sweden,Drama,Laptop,Premium,22,16.4,74.5,4
WATCH-003900,2025-09-20T19:43:00,Netherlands,Comedy,Laptop,Premium,90,72.3,80.3,3
WATCH-003901,2025-01-25T21:55:00,Spain,Comedy,Tablet,Premium,60,16.5,27.5,5
WATCH-003902,2025-01-26T17:08:00,Italy,Thriller,,Basic,90,46.6,51.8,2
WATCH-003903,2025-01-15T15:33:00,Sweden,Animation,Phone,Premium,120,80.4,67.0,1
WATCH-003904,2025-12-01T03:04:00,Germany,Comedy,Tablet,Premium,45,44.1,98.0,4
WATCH-003905,2025-06-30T16:42:00,Sweden,Animation,TV,Basic,90,61.8,68.7,5
WATCH-003906,2025-03-07T11:02:00,Italy,Science fiction,Tablet,Standard,90,54.3,60.3,5
WATCH-003907,2025-05-13T08:03:00,Germany,Science fiction,Laptop,Standard,90,27.2,30.2,5
WATCH-003908,2025-12-19T03:06:00,Sweden,Documentary,Tablet,Standard,60,17.8,29.7,2
WATCH-003909,2025-08-13T11:43:00,Netherlands,Science fiction,TV,Premium,45,19.0,42.2,4
WATCH-003910,2025-12-24T17:27:00,Germany,Documentary,Tablet,Basic,30,24.9,83.0,3
WATCH-003911,2025-03-08T12:18:00,France,Drama,TV,Standard,30,16.7,55.7,3
WATCH-003912,2025-12-31T01:25:00,Italy,Animation,Phone,Basic,120,50.2,41.8,5
WATCH-003913,2025-03-10T02:48:00,France,Animation,Laptop,Standard,45,32.8,72.9,5
WATCH-003914,2025-05-04T09:18:00,Italy,Science fiction,Laptop,Basic,45,32.5,72.2,1
WATCH-003915,2025-05-26T12:29:00,France,Comedy,Tablet,Basic,22,14.2,64.5,3
WATCH-003916,2025-02-19T00:11:00,Germany,Drama,Tablet,Premium,22,10.7,48.6,4
WATCH-003917,2025-10-20T11:05:00,France,Drama,Phone,Basic,120,61.1,50.9,5
WATCH-003918,2025-09-05T17:01:00,Italy,Documentary,Tablet,Basic,90,68.5,76.1,1
WATCH-003919,2025-09-27T20:58:00,Netherlands,Animation,Phone,Standard,30,3.7,12.3,4
WATCH-003920,2025-06-04T05:40:00,Italy,Animation,TV,Standard,120,38.7,32.2,3
WATCH-003921,2025-02-17T14:49:00,Italy,Comedy,TV,Premium,45,36.5,81.1,1
WATCH-003922,2025-09-28T21:42:00,Germany,Comedy,Phone,Standard,90,48.8,54.2,4
WATCH-003923,2025-05-02T18:02:00,Sweden,Animation,Laptop,Basic,22,11.1,,5
WATCH-003924,2025-09-30T20:21:00,Germany,Comedy,TV,Basic,45,39.1,86.9,3
WATCH-003925,2025-04-28T19:01:00,Sweden,Drama,TV,Basic,30,22.6,75.3,5
WATCH-003926,2025-09-09T01:23:00,Sweden,Drama,Laptop,Premium,45,29.2,64.9,2
WATCH-003927,2025-11-18T10:54:00,Netherlands,Science fiction,Tablet,Premium,30,9.4,31.3,4
WATCH-003928,2025-05-25T04:22:00,Italy,Thriller,Tablet,Standard,30,2.2,7.3,3
WATCH-003929,2025-04-04T06:02:00,Netherlands,Thriller,TV,Standard,22,2.3,10.5,2
WATCH-003930,2025-05-09T22:50:00,Italy,Drama,TV,Standard,90,84.4,93.8,3
WATCH-003931,2025-01-21T06:28:00,Italy,Drama,TV,Basic,45,12.0,26.7,2
WATCH-003932,2025-10-22T22:41:00,Italy,Drama,TV,Premium,90,67.0,74.4,2
WATCH-003933,2025-09-23T03:40:00,France,Drama,TV,Standard,45,25.2,56.0,3
WATCH-003934,2025-09-08T05:11:00,Spain,Science fiction,Phone,Standard,60,8.9,14.8,5
WATCH-003935,2025-10-11T06:37:00,Netherlands,Documentary,Laptop,Basic,22,21.7,98.6,3
WATCH-003936,2025-05-23T10:51:00,Sweden,Comedy,Laptop,Basic,30,2.9,9.7,1
WATCH-003937,2025-01-10T02:07:00,Italy,Drama,Tablet,Premium,45,23.7,52.7,1
WATCH-003938,2025-06-19T09:46:00,Netherlands,Thriller,TV,Premium,60,42.9,71.5,1
WATCH-003939,2025-05-17T08:14:00,Netherlands,Animation,Laptop,Standard,30,22.0,73.3,1
WATCH-003940,2025-03-18T16:59:00,Spain,Science fiction,TV,Standard,30,15.2,50.7,1
WATCH-003941,2025-10-05T15:30:00,Spain,Science fiction,TV,Standard,60,23.8,39.7,4
WATCH-003942,2025-11-06T19:50:00,Netherlands,Comedy,Laptop,Premium,60,10.3,17.2,3
WATCH-003943,2025-03-13T15:33:00,France,Thriller,Phone,Premium,30,11.1,37.0,1
WATCH-003944,2025-12-13T04:26:00,Sweden,Animation,TV,Standard,30,22.0,73.3,3
WATCH-003945,2025-03-28T03:52:00,Germany,Thriller,Phone,Premium,60,17.4,29.0,3
WATCH-003946,2025-12-22T10:28:00,Spain,Drama,TV,Standard,30,7.5,25.0,3
WATCH-003947,2025-02-21T09:24:00,France,Science fiction,Tablet,Premium,45,31.1,69.1,3
WATCH-003948,2025-11-03T11:16:00,Sweden,Animation,Tablet,Premium,90,10.4,11.6,1
WATCH-003949,2025-02-11T09:20:00,Sweden,Science fiction,Laptop,Premium,60,24.7,41.2,3
WATCH-003950,2025-04-13T01:52:00,Sweden,Drama,Laptop,Basic,120,13.5,11.2,4
WATCH-003951,2025-04-25T21:05:00,Netherlands,Drama,TV,Basic,30,15.5,51.7,1
WATCH-003952,2025-04-28T13:29:00,Netherlands,Documentary,Tablet,Basic,90,88.0,97.8,5
WATCH-003953,2025-12-04T03:35:00,France,Comedy,Laptop,Standard,60,34.0,56.7,2
WATCH-003954,2025-03-29T23:54:00,France,Science fiction,Laptop,Premium,30,12.5,41.7,4
WATCH-003955,2025-04-25T12:44:00,Sweden,Comedy,Laptop,Basic,60,28.3,47.2,5
WATCH-003956,2025-07-31T22:41:00,Germany,Drama,Tablet,Standard,30,6.0,20.0,2
WATCH-003957,2025-05-14T20:35:00,Spain,Animation,Laptop,Standard,22,20.9,95.0,1
WATCH-003958,2025-04-23T00:33:00,Germany,Documentary,Phone,Standard,90,23.8,26.4,4
WATCH-003959,2025-12-15T11:11:00,Germany,Comedy,TV,Standard,60,53.8,89.7,1
WATCH-003960,2025-06-08T07:14:00,Sweden,Documentary,Phone,Premium,60,54.8,,3
WATCH-003961,2025-08-14T01:34:00,Italy,Animation,Laptop,Basic,60,12.0,20.0,2
WATCH-003962,2025-07-16T23:53:00,France,Documentary,Laptop,Basic,45,18.2,40.4,5
WATCH-003963,2025-11-05T23:34:00,Italy,Animation,TV,Standard,120,103.9,86.6,3
WATCH-003964,2025-03-12T17:14:00,Germany,Animation,TV,Basic,30,21.9,73.0,3
WATCH-003965,2025-09-07T04:26:00,Spain,Thriller,Laptop,Basic,22,4.5,20.5,4
WATCH-003966,2025-03-24T01:10:00,Germany,Thriller,TV,Standard,60,14.9,24.8,3
WATCH-003967,2025-10-12T05:50:00,France,Thriller,TV,Standard,120,117.7,98.1,3
WATCH-003968,2025-05-11T15:06:00,France,Science fiction,Laptop,Premium,120,115.3,96.1,2
WATCH-003969,2025-05-11T23:29:00,Italy,Science fiction,Laptop,Premium,90,78.9,87.7,4
WATCH-003970,2025-02-03T00:28:00,France,Comedy,Tablet,Premium,30,12.2,40.7,5
WATCH-003971,2025-08-30T04:15:00,France,Science fiction,Laptop,Premium,45,40.7,90.4,4
WATCH-003972,2025-09-01T00:26:00,Netherlands,Thriller,Tablet,Basic,30,13.5,45.0,3
WATCH-003973,2025-08-16T07:56:00,Netherlands,Comedy,Laptop,Basic,60,18.6,31.0,5
WATCH-003974,2025-05-19T07:58:00,Netherlands,Thriller,Phone,Premium,30,22.9,76.3,5
WATCH-003975,2025-07-22T04:29:00,Spain,Comedy,Tablet,Standard,60,21.5,35.8,1
WATCH-003976,2025-10-01T16:29:00,Netherlands,Drama,TV,Premium,22,3.0,13.6,1
WATCH-003977,2025-12-31T22:14:00,Germany,Animation,Tablet,Basic,22,12.7,57.7,4
WATCH-003978,2025-05-21T00:41:00,Italy,Thriller,TV,Basic,60,48.3,80.5,1
WATCH-003979,2025-03-26T15:34:00,Spain,Thriller,TV,Standard,30,18.5,61.7,5
WATCH-003980,2025-09-02T12:40:00,Sweden,Animation,Phone,Premium,45,44.8,99.6,2
WATCH-003981,2025-06-23T11:07:00,France,Thriller,Phone,Basic,30,5.6,18.7,3
WATCH-003982,2025-12-14T08:40:00,Sweden,Drama,Laptop,Basic,60,8.6,14.3,1
WATCH-003983,2025-03-02T03:45:00,Germany,Science fiction,Laptop,Premium,90,23.4,26.0,2
WATCH-003984,2025-07-16T09:17:00,Netherlands,Animation,Phone,Standard,120,16.0,13.3,1
WATCH-003985,2025-08-05T04:59:00,Spain,Thriller,,Premium,120,29.3,24.4,4
WATCH-003986,2025-06-30T05:29:00,Germany,Science fiction,Laptop,Premium,45,39.8,88.4,2
WATCH-003987,2025-08-11T11:46:00,France,Animation,Laptop,Standard,90,44.3,49.2,4
WATCH-003988,2025-03-15T18:03:00,Italy,Documentary,Tablet,Premium,90,78.1,86.8,4
WATCH-003989,2025-01-20T19:32:00,France,Thriller,Laptop,Standard,30,10.2,34.0,1
WATCH-003990,2025-12-28T09:34:00,Spain,Drama,Laptop,Basic,60,43.6,72.7,5
WATCH-003991,2025-02-20T22:48:00,Italy,Comedy,TV,Basic,22,1.3,5.9,2
WATCH-003992,2025-01-26T21:00:00,Netherlands,Comedy,Tablet,Basic,90,59.2,65.8,2
WATCH-003993,2025-07-18T03:48:00,Spain,Animation,Tablet,Premium,30,13.1,43.7,2
WATCH-003994,2025-07-09T04:11:00,Sweden,Documentary,Tablet,Standard,22,13.2,60.0,1
WATCH-003995,2025-11-20T21:56:00,Sweden,Thriller,Phone,Standard,45,29.5,65.6,2
WATCH-003996,2025-10-10T04:39:00,Sweden,Science fiction,Phone,Premium,60,12.7,21.2,3
WATCH-003997,2025-10-14T21:24:00,Sweden,Documentary,Phone,Standard,120,60.0,,4
WATCH-003998,2025-06-26T22:06:00,Spain,Animation,Laptop,Standard,60,48.2,80.3,2
WATCH-003999,2025-06-02T13:12:00,Spain,Documentary,Tablet,Basic,60,38.6,64.3,5
WATCH-004000,2025-03-25T15:22:00,Netherlands,Thriller,TV,Premium,22,7.3,33.2,4
WATCH-004001,2025-04-03T11:04:00,Germany,Animation,Phone,Standard,120,67.6,56.3,3
WATCH-004002,2025-06-10T00:13:00,Netherlands,Science fiction,Tablet,Basic,60,20.0,33.3,4
WATCH-004003,2025-08-20T14:19:00,Spain,Thriller,Phone,Premium,60,4.9,8.2,5
WATCH-004004,2025-06-17T12:49:00,Germany,Documentary,Laptop,Basic,120,33.8,28.2,2
WATCH-004005,2025-08-30T18:55:00,Sweden,Documentary,TV,Basic,60,54.5,90.8,2
WATCH-004006,2025-03-20T03:46:00,Italy,Comedy,Phone,Basic,90,52.9,58.8,1
WATCH-004007,2025-01-15T18:32:00,Italy,Animation,TV,Basic,60,25.1,41.8,5
WATCH-004008,2025-06-06T10:10:00,Germany,Drama,TV,Basic,60,35.2,58.7,4
WATCH-004009,2025-02-01T20:30:00,Sweden,Comedy,Laptop,Basic,120,49.2,41.0,2
WATCH-004010,2025-05-13T22:22:00,Italy,Thriller,Laptop,Premium,30,25.1,83.7,4
WATCH-004011,2025-01-09T21:05:00,Sweden,Documentary,Tablet,Premium,22,20.6,93.6,2
WATCH-004012,2025-09-20T05:44:00,Spain,Drama,Tablet,Basic,60,7.7,12.8,4
WATCH-004013,2025-11-24T21:52:00,Spain,Documentary,Laptop,Premium,120,79.1,65.9,5
WATCH-004014,2025-12-11T13:31:00,Spain,Science fiction,Laptop,Premium,45,7.9,17.6,3
WATCH-004015,2025-07-23T16:52:00,Spain,Comedy,Phone,Standard,45,18.9,42.0,5
WATCH-004016,2025-09-28T14:10:00,Sweden,Comedy,TV,Standard,30,10.7,35.7,2
WATCH-004017,2025-02-16T14:06:00,Netherlands,Drama,Tablet,Premium,120,38.9,32.4,1
WATCH-004018,2025-11-02T17:54:00,France,Documentary,Tablet,Standard,120,24.0,20.0,4
WATCH-004019,2025-07-16T01:43:00,Sweden,Animation,Phone,Standard,90,17.0,18.9,2
WATCH-004020,2025-04-09T08:47:00,Germany,Thriller,Laptop,Basic,90,44.9,49.9,5
WATCH-004021,2025-04-30T10:46:00,Netherlands,Science fiction,Phone,Basic,45,26.1,58.0,3
WATCH-004022,2025-09-18T13:53:00,Germany,Science fiction,Tablet,Basic,30,15.1,50.3,3
WATCH-004023,2025-07-20T19:37:00,Sweden,Drama,Tablet,Premium,120,48.2,40.2,4
WATCH-004024,2025-08-25T06:07:00,Italy,Thriller,TV,Standard,120,75.6,63.0,1
WATCH-004025,2025-04-08T21:05:00,Netherlands,Animation,Laptop,Basic,30,26.8,89.3,3
WATCH-004026,2025-03-24T21:14:00,Sweden,Documentary,TV,Standard,30,12.1,40.3,2
WATCH-004027,2025-06-10T08:19:00,Sweden,Drama,Tablet,Premium,90,20.2,22.4,5
WATCH-004028,2025-02-18T05:38:00,Netherlands,Thriller,Laptop,Premium,22,10.4,47.3,5
WATCH-004029,2025-08-20T04:10:00,France,Thriller,Phone,Standard,60,44.6,74.3,1
WATCH-004030,2025-07-25T22:59:00,Spain,Thriller,TV,Standard,90,20.0,22.2,4
WATCH-004031,2025-12-07T10:25:00,Germany,Comedy,Phone,Basic,120,8.4,7.0,4
WATCH-004032,2025-10-11T00:58:00,Sweden,Documentary,TV,Basic,90,27.7,30.8,1
WATCH-004033,2025-09-23T15:14:00,France,Comedy,TV,Standard,30,2.8,9.3,2
WATCH-004034,2025-01-15T15:52:00,Germany,Comedy,Phone,Basic,120,10.6,,1
WATCH-004035,2025-10-19T10:59:00,Italy,Documentary,Phone,Standard,120,29.7,24.8,5
WATCH-004036,2025-05-15T08:51:00,Sweden,Comedy,Tablet,Basic,120,22.8,19.0,1
WATCH-004037,2025-08-10T21:36:00,Germany,Comedy,TV,Standard,90,67.0,74.4,2
WATCH-004038,2025-11-14T19:27:00,Spain,Thriller,Tablet,Premium,30,14.8,49.3,1
WATCH-004039,2025-12-05T13:52:00,Germany,Drama,Laptop,Premium,22,13.0,59.1,5
WATCH-004040,2025-02-07T03:13:00,Germany,Drama,Phone,Basic,22,21.7,98.6,2
WATCH-004041,2025-02-23T17:08:00,Italy,Drama,Phone,Premium,30,11.9,39.7,3
WATCH-004042,2025-06-17T01:46:00,France,Drama,Phone,Basic,120,110.2,91.8,4
WATCH-004043,2025-09-18T07:37:00,Italy,Drama,Tablet,Standard,90,47.0,52.2,5
WATCH-004044,2025-03-25T07:27:00,Italy,Documentary,Tablet,Standard,22,19.0,86.4,2
WATCH-004045,2025-07-02T00:46:00,Germany,Animation,Tablet,Basic,45,13.9,30.9,3
WATCH-004046,2025-04-09T22:45:00,Germany,Thriller,Tablet,Standard,60,45.1,75.2,1
WATCH-004047,2025-01-26T11:55:00,Sweden,Drama,Laptop,Premium,30,27.4,91.3,3
WATCH-004048,2025-11-01T17:31:00,Sweden,Science fiction,TV,Basic,45,3.8,8.4,4
WATCH-004049,2025-09-11T10:05:00,Netherlands,Animation,Laptop,Premium,120,6.8,5.7,2
WATCH-004050,2025-07-07T10:59:00,Italy,Comedy,Phone,Standard,90,81.9,91.0,5
WATCH-004051,2025-01-29T22:27:00,Sweden,Documentary,Tablet,Premium,22,11.2,50.9,1
WATCH-004052,2025-04-01T02:06:00,Germany,Animation,Laptop,Basic,120,67.8,56.5,5
WATCH-004053,2025-04-21T13:39:00,Sweden,Comedy,Phone,Basic,60,6.3,10.5,1
WATCH-004054,2025-02-21T02:06:00,Spain,Thriller,Phone,Basic,120,52.8,44.0,4
WATCH-004055,2025-07-10T23:01:00,Italy,Thriller,TV,Standard,30,28.6,95.3,5
WATCH-004056,2025-09-09T06:03:00,Netherlands,Thriller,TV,Premium,30,21.3,71.0,1
WATCH-004057,2025-05-30T02:23:00,Italy,Animation,TV,Standard,120,88.0,73.3,1
WATCH-004058,2025-11-11T11:34:00,Sweden,Thriller,Tablet,Premium,30,29.9,99.7,3
WATCH-004059,2025-01-28T02:11:00,France,Comedy,Laptop,Standard,90,41.1,45.7,5
WATCH-004060,2025-05-05T00:41:00,Germany,Comedy,Tablet,Premium,30,3.9,13.0,5
WATCH-004061,2025-04-12T17:52:00,Germany,Animation,Phone,Basic,60,49.1,81.8,2
WATCH-004062,2025-07-24T13:48:00,Sweden,Drama,Tablet,Standard,22,8.1,36.8,5
WATCH-004063,2025-10-01T21:45:00,Sweden,Comedy,Tablet,Basic,90,12.9,14.3,2
WATCH-004064,2025-06-10T23:31:00,Spain,Documentary,TV,Premium,60,19.8,33.0,2
WATCH-004065,2025-06-14T20:09:00,Sweden,Science fiction,Phone,Standard,45,13.8,30.7,5
WATCH-004066,2025-07-24T09:35:00,Italy,Drama,Phone,Basic,90,10.7,11.9,1
WATCH-004067,2025-06-17T00:44:00,Spain,Animation,Tablet,Basic,60,6.9,11.5,5
WATCH-004068,2025-01-13T03:42:00,France,Drama,,Standard,120,9.2,7.7,1
WATCH-004069,2025-11-17T22:23:00,Netherlands,Comedy,Laptop,Premium,90,87.1,96.8,2
WATCH-004070,2025-03-13T14:49:00,Sweden,Animation,TV,Premium,90,11.4,12.7,4
WATCH-004071,2025-11-10T09:59:00,Italy,Documentary,Tablet,Standard,22,20.0,,3
WATCH-004072,2025-07-29T15:52:00,Netherlands,Comedy,TV,Basic,60,22.0,36.7,3
WATCH-004073,2025-02-15T17:11:00,Sweden,Thriller,Tablet,Premium,45,29.7,66.0,1
WATCH-004074,2025-08-31T16:48:00,Germany,Comedy,TV,Standard,45,9.0,20.0,4
WATCH-004075,2025-11-04T03:32:00,Germany,Science fiction,Phone,Basic,60,43.0,71.7,4
WATCH-004076,2025-03-02T03:26:00,Spain,Animation,TV,Basic,60,57.4,95.7,3
WATCH-004077,2025-10-08T17:58:00,Sweden,Comedy,Phone,Basic,90,71.9,79.9,4
WATCH-004078,2025-03-28T17:54:00,Spain,Drama,Laptop,Premium,30,6.6,22.0,5
WATCH-004079,2025-04-02T07:11:00,Netherlands,Documentary,Laptop,Premium,22,21.3,96.8,1
WATCH-004080,2025-12-25T15:29:00,France,Thriller,Phone,Standard,90,26.1,29.0,2
WATCH-004081,2025-05-02T20:20:00,Netherlands,Animation,TV,Standard,90,68.0,75.6,5
WATCH-004082,2025-02-26T18:23:00,France,Documentary,Phone,Standard,45,33.3,74.0,1
WATCH-004083,2025-01-25T15:11:00,France,Thriller,Tablet,Premium,90,11.4,12.7,1
WATCH-004084,2025-01-06T13:21:00,Germany,Documentary,Phone,Basic,120,38.5,32.1,5
WATCH-004085,2025-09-01T18:26:00,Germany,Drama,Tablet,Basic,45,13.9,30.9,5
WATCH-004086,2025-04-26T12:29:00,Spain,Drama,Tablet,Standard,22,9.7,44.1,1
WATCH-004087,2025-10-30T08:34:00,Germany,Thriller,TV,Standard,30,15.1,50.3,2
WATCH-004088,2025-07-17T09:11:00,Netherlands,Drama,TV,Premium,90,33.6,37.3,2
WATCH-004089,2025-09-12T05:08:00,Italy,Science fiction,Phone,Premium,45,26.3,58.4,2
WATCH-004090,2025-05-04T11:51:00,France,Comedy,Phone,Basic,90,30.8,34.2,2
WATCH-004091,2025-01-25T15:37:00,Germany,Thriller,TV,Basic,120,100.6,83.8,2
WATCH-004092,2025-08-11T07:19:00,Germany,Thriller,Laptop,Premium,22,5.7,25.9,4
WATCH-004093,2025-05-16T08:05:00,France,Comedy,TV,Standard,90,31.1,34.6,1
WATCH-004094,2025-01-21T22:09:00,Spain,Drama,Laptop,Standard,60,58.9,98.2,3
WATCH-004095,2025-02-16T02:06:00,France,Documentary,Phone,Standard,60,20.3,33.8,3
WATCH-004096,2025-11-18T19:42:00,Italy,Comedy,TV,Standard,22,6.6,30.0,1
WATCH-004097,2025-08-09T22:31:00,Italy,Animation,Tablet,Premium,30,9.1,30.3,3
WATCH-004098,2025-12-09T20:23:00,Sweden,Animation,Laptop,Premium,90,51.8,57.6,1
WATCH-004099,2025-11-02T15:46:00,France,Animation,Laptop,Premium,22,12.6,57.3,3
WATCH-004100,2025-11-12T10:22:00,Germany,Documentary,Laptop,Premium,30,21.2,70.7,1
WATCH-004101,2025-04-18T17:33:00,Sweden,Animation,Laptop,Standard,45,3.5,7.8,1
WATCH-004102,2025-02-08T11:28:00,Netherlands,Comedy,Tablet,Basic,45,41.9,93.1,3
WATCH-004103,2025-11-23T12:34:00,Sweden,Animation,Tablet,Basic,60,14.3,23.8,5
WATCH-004104,2025-09-06T09:11:00,Sweden,Comedy,Tablet,Basic,120,118.9,99.1,2
WATCH-004105,2025-11-20T01:01:00,Germany,Thriller,Phone,Premium,45,39.0,86.7,1
WATCH-004106,2025-12-30T04:34:00,Spain,Documentary,TV,Premium,60,18.4,30.7,4
WATCH-004107,2025-10-13T06:38:00,Germany,Thriller,Phone,Standard,30,10.9,36.3,1
WATCH-004108,2025-01-05T08:12:00,Sweden,Animation,Phone,Premium,22,3.9,,4
WATCH-004109,2025-12-16T16:07:00,France,Science fiction,Laptop,Basic,120,75.5,62.9,2
WATCH-004110,2025-12-05T10:35:00,Netherlands,Thriller,Tablet,Standard,45,5.6,12.4,4
WATCH-004111,2025-12-30T22:14:00,Spain,Science fiction,Laptop,Premium,90,33.2,36.9,2
WATCH-004112,2025-11-14T23:35:00,Germany,Science fiction,Tablet,Premium,30,15.9,53.0,5
WATCH-004113,2025-07-14T13:47:00,Sweden,Science fiction,Laptop,Basic,22,4.9,22.3,4
WATCH-004114,2025-02-11T15:17:00,Netherlands,Science fiction,Tablet,Standard,22,11.2,50.9,5
WATCH-004115,2025-10-16T20:04:00,Germany,Science fiction,Tablet,Basic,90,66.1,73.4,2
WATCH-004116,2025-09-09T03:50:00,France,Thriller,Phone,Basic,22,9.5,43.2,3
WATCH-004117,2025-04-25T05:55:00,Germany,Drama,TV,Premium,22,10.0,45.5,1
WATCH-004118,2025-09-15T00:30:00,Netherlands,Drama,Laptop,Basic,120,63.4,52.8,1
WATCH-004119,2025-06-01T11:58:00,Italy,Science fiction,Laptop,Basic,90,73.5,81.7,3
WATCH-004120,2025-07-20T23:56:00,France,Thriller,TV,Standard,22,2.2,10.0,2
WATCH-004121,2025-11-20T20:16:00,Sweden,Drama,TV,Premium,60,54.8,91.3,4
WATCH-004122,2025-02-04T02:27:00,Sweden,Animation,Laptop,Basic,90,6.8,7.6,1
WATCH-004123,2025-04-10T01:27:00,Sweden,Thriller,Laptop,Standard,60,50.2,83.7,1
WATCH-004124,2025-11-24T21:37:00,France,Documentary,Phone,Premium,60,54.9,91.5,3
WATCH-004125,2025-12-26T00:10:00,Germany,Science fiction,Phone,Basic,30,13.0,43.3,4
WATCH-004126,2025-08-09T06:53:00,Germany,Drama,Phone,Basic,22,18.8,85.5,2
WATCH-004127,2025-04-29T10:20:00,Sweden,Drama,Phone,Basic,90,51.6,57.3,5
WATCH-004128,2025-10-20T00:17:00,Spain,Science fiction,TV,Standard,60,6.8,11.3,2
WATCH-004129,2025-04-15T18:30:00,Sweden,Science fiction,TV,Premium,30,4.7,15.7,4
WATCH-004130,2025-08-05T06:56:00,Italy,Animation,Tablet,Standard,22,8.7,39.5,3
WATCH-004131,2025-05-23T08:08:00,Italy,Drama,Tablet,Premium,120,20.5,17.1,1
WATCH-004132,2025-01-02T22:54:00,Italy,Thriller,TV,Standard,120,80.8,67.3,1
WATCH-004133,2025-01-06T16:14:00,France,Animation,TV,Premium,45,31.9,70.9,5
WATCH-004134,2025-03-21T04:31:00,Spain,Science fiction,Tablet,Basic,30,29.5,98.3,3
WATCH-004135,2025-05-25T01:41:00,Italy,Documentary,Laptop,Standard,30,25.9,86.3,4
WATCH-004136,2025-12-10T18:16:00,Netherlands,Science fiction,Phone,Basic,45,26.3,58.4,2
WATCH-004137,2025-02-11T23:11:00,France,Drama,Phone,Premium,120,78.4,65.3,2
WATCH-004138,2025-04-28T10:36:00,Netherlands,Animation,Tablet,Premium,60,42.5,70.8,1
WATCH-004139,2025-10-12T17:51:00,Germany,Drama,Tablet,Premium,22,3.1,14.1,2
WATCH-004140,2025-04-02T10:56:00,Italy,Drama,Phone,Standard,22,6.4,29.1,3
WATCH-004141,2025-02-23T19:33:00,Spain,Documentary,TV,Premium,60,52.9,88.2,5
WATCH-004142,2025-02-03T21:33:00,Spain,Thriller,Laptop,Premium,60,31.6,52.7,2
WATCH-004143,2025-11-03T03:19:00,Germany,Thriller,TV,Basic,30,15.1,50.3,5
WATCH-004144,2025-04-27T00:14:00,Sweden,Drama,Tablet,Standard,120,104.0,86.7,1
WATCH-004145,2025-01-01T06:34:00,France,Comedy,Phone,Standard,90,78.1,,3
WATCH-004146,2025-03-04T03:03:00,Italy,Thriller,TV,Premium,22,11.4,51.8,3
WATCH-004147,2025-05-19T04:32:00,Italy,Comedy,Phone,Premium,22,10.0,45.5,3
WATCH-004148,2025-04-11T05:10:00,Sweden,Science fiction,Laptop,Basic,30,27.2,90.7,4
WATCH-004149,2025-11-23T02:28:00,Spain,Comedy,Tablet,Standard,120,29.2,24.3,3
WATCH-004150,2025-04-18T08:40:00,Italy,Drama,Laptop,Premium,60,41.6,69.3,2
WATCH-004151,2025-04-10T06:56:00,Italy,Documentary,,Basic,45,18.1,40.2,4
WATCH-004152,2025-10-21T14:43:00,France,Comedy,Tablet,Standard,22,10.1,45.9,2
WATCH-004153,2025-06-14T12:05:00,Sweden,Science fiction,Phone,Basic,90,19.2,21.3,3
WATCH-004154,2025-10-07T19:54:00,Germany,Comedy,Tablet,Basic,90,48.2,53.6,1
WATCH-004155,2025-12-11T07:00:00,France,Documentary,Tablet,Premium,22,12.5,56.8,3
WATCH-004156,2025-04-25T02:14:00,Spain,Animation,Tablet,Basic,45,35.8,79.6,3
WATCH-004157,2025-06-16T09:50:00,France,Thriller,Laptop,Basic,22,5.5,25.0,2
WATCH-004158,2025-04-19T17:47:00,Italy,Animation,Phone,Basic,30,11.4,38.0,1
WATCH-004159,2025-03-16T05:37:00,Italy,Documentary,Phone,Standard,30,9.8,32.7,5
WATCH-004160,2025-10-29T14:15:00,Spain,Animation,Phone,Standard,60,3.2,5.3,3
WATCH-004161,2025-07-23T20:31:00,Spain,Comedy,Tablet,Standard,90,64.6,71.8,5
WATCH-004162,2025-02-19T10:17:00,Italy,Drama,Tablet,Basic,45,28.7,63.8,1
WATCH-004163,2025-08-28T20:43:00,Italy,Science fiction,Laptop,Basic,60,40.1,66.8,1
WATCH-004164,2025-05-02T22:34:00,Spain,Thriller,TV,Premium,120,90.6,75.5,5
WATCH-004165,2025-08-10T11:57:00,France,Documentary,Laptop,Standard,45,18.0,40.0,2
WATCH-004166,2025-03-17T01:41:00,France,Thriller,Phone,Standard,22,7.4,33.6,4
WATCH-004167,2025-06-16T05:45:00,Germany,Thriller,Phone,Basic,30,4.3,14.3,1
WATCH-004168,2025-07-18T06:45:00,Sweden,Animation,TV,Premium,60,31.7,52.8,3
WATCH-004169,2025-08-27T04:00:00,France,Drama,TV,Basic,60,31.9,53.2,3
WATCH-004170,2025-11-30T12:36:00,Italy,Thriller,Tablet,Standard,30,3.2,10.7,3
WATCH-004171,2025-06-23T11:52:00,Netherlands,Science fiction,Laptop,Standard,90,13.5,15.0,1
WATCH-004172,2025-03-08T05:48:00,France,Thriller,TV,Basic,30,19.5,65.0,4
WATCH-004173,2025-04-08T10:11:00,Sweden,Animation,Laptop,Premium,22,14.0,63.6,3
WATCH-004174,2025-06-05T19:31:00,Sweden,Comedy,Tablet,Standard,30,19.0,63.3,3
WATCH-004175,2025-03-17T15:33:00,Netherlands,Documentary,Tablet,Standard,45,3.8,8.4,4
WATCH-004176,2025-08-11T16:13:00,France,Drama,Phone,Standard,60,34.9,58.2,1
WATCH-004177,2025-11-27T14:53:00,Germany,Thriller,Tablet,Basic,120,22.5,18.8,2
WATCH-004178,2025-10-04T00:08:00,Netherlands,Drama,Phone,Standard,22,16.5,75.0,3
WATCH-004179,2025-06-26T03:07:00,Spain,Science fiction,Laptop,Basic,30,20.7,69.0,4
WATCH-004180,2025-06-14T14:15:00,France,Thriller,TV,Basic,22,11.7,53.2,3
WATCH-004181,2025-11-11T04:14:00,Italy,Science fiction,Laptop,Premium,90,51.1,56.8,4
WATCH-004182,2025-06-25T06:55:00,Spain,Comedy,Tablet,Basic,120,47.4,,5
WATCH-004183,2025-03-28T10:08:00,Sweden,Comedy,TV,Standard,45,43.5,96.7,2
WATCH-004184,2025-09-12T14:12:00,Netherlands,Comedy,Laptop,Basic,45,26.0,57.8,4
WATCH-004185,2025-07-20T06:52:00,Spain,Animation,Laptop,Basic,22,19.9,90.5,1
WATCH-004186,2025-12-21T21:13:00,Germany,Documentary,TV,Basic,120,71.7,59.8,3
WATCH-004187,2025-06-17T03:12:00,Germany,Animation,TV,Basic,45,31.2,69.3,4
WATCH-004188,2025-06-30T09:28:00,Sweden,Thriller,Tablet,Basic,120,92.1,76.8,3
WATCH-004189,2025-09-24T20:29:00,Spain,Science fiction,Phone,Basic,30,6.5,21.7,2
WATCH-004190,2025-08-11T19:15:00,Sweden,Documentary,TV,Basic,120,79.1,65.9,4
WATCH-004191,2025-08-13T03:33:00,Netherlands,Documentary,Laptop,Premium,30,3.2,10.7,2
WATCH-004192,2025-10-02T21:25:00,Sweden,Comedy,Laptop,Standard,22,5.5,25.0,2
WATCH-004193,2025-08-03T03:33:00,France,Drama,Phone,Premium,30,19.4,64.7,1
WATCH-004194,2025-11-26T15:57:00,Sweden,Thriller,Laptop,Basic,60,29.7,49.5,5
WATCH-004195,2025-01-16T03:31:00,Spain,Science fiction,Tablet,Premium,45,38.7,86.0,3
WATCH-004196,2025-09-04T01:42:00,Germany,Documentary,Tablet,Premium,120,117.2,97.7,2
WATCH-004197,2025-06-16T00:35:00,Italy,Drama,Laptop,Premium,22,4.6,20.9,3
WATCH-004198,2025-04-03T09:41:00,France,Comedy,TV,Basic,60,44.5,74.2,2
WATCH-004199,2025-08-17T02:20:00,Italy,Comedy,Tablet,Standard,90,23.9,26.6,4
WATCH-004200,2025-05-23T23:49:00,Italy,Science fiction,Tablet,Premium,22,5.8,26.4,3
WATCH-004201,2025-02-27T04:43:00,Italy,Science fiction,Tablet,Standard,22,11.7,53.2,4
WATCH-004202,2025-01-29T11:18:00,France,Science fiction,Laptop,Basic,60,53.3,88.8,4
WATCH-004203,2025-08-24T05:05:00,Germany,Science fiction,Phone,Premium,45,30.5,67.8,2
WATCH-004204,2025-11-01T01:13:00,France,Thriller,Tablet,Premium,90,70.3,78.1,3
WATCH-004205,2025-12-24T22:54:00,Sweden,Animation,Tablet,Premium,45,43.7,97.1,3
WATCH-004206,2025-01-11T08:08:00,France,Drama,Tablet,Basic,90,7.5,8.3,5
WATCH-004207,2025-01-19T12:18:00,Italy,Documentary,Tablet,Standard,90,17.9,19.9,2
WATCH-004208,2025-01-29T13:47:00,Sweden,Thriller,Laptop,Premium,30,25.1,83.7,3
WATCH-004209,2025-03-18T01:12:00,Spain,Documentary,TV,Premium,45,32.7,72.7,1
WATCH-004210,2025-01-21T21:38:00,Netherlands,Science fiction,Phone,Basic,60,37.0,61.7,5
WATCH-004211,2025-04-13T02:57:00,France,Comedy,TV,Premium,120,47.7,39.8,2
WATCH-004212,2025-01-27T03:18:00,Germany,Documentary,Laptop,Premium,90,45.5,50.6,5
WATCH-004213,2025-03-27T21:18:00,Germany,Documentary,Laptop,Premium,120,114.3,95.2,4
WATCH-004214,2025-10-20T18:22:00,Spain,Animation,TV,Standard,60,16.2,27.0,5
WATCH-004215,2025-09-25T21:03:00,Germany,Drama,Phone,Standard,45,22.2,49.3,3
WATCH-004216,2025-06-13T02:03:00,Sweden,Comedy,Phone,Premium,120,104.6,87.2,4
WATCH-004217,2025-08-13T11:25:00,Sweden,Comedy,TV,Standard,45,20.1,44.7,2
WATCH-004218,2025-11-07T08:27:00,France,Thriller,Phone,Premium,45,11.5,25.6,1
WATCH-004219,2025-03-18T18:23:00,Sweden,Thriller,Tablet,Basic,120,47.6,,4
WATCH-004220,2025-03-29T05:06:00,Germany,Drama,Phone,Premium,90,60.9,67.7,4
WATCH-004221,2025-12-03T07:02:00,Spain,Drama,Laptop,Basic,90,50.0,55.6,5
WATCH-004222,2025-07-27T13:30:00,Netherlands,Animation,Phone,Basic,90,7.4,8.2,1
WATCH-004223,2025-03-31T07:57:00,France,Comedy,Phone,Basic,60,55.7,92.8,5
WATCH-004224,2025-08-20T11:10:00,Spain,Documentary,Laptop,Premium,45,37.9,84.2,5
WATCH-004225,2025-03-26T01:01:00,Germany,Comedy,Phone,Standard,120,59.1,49.2,5
WATCH-004226,2025-06-17T01:13:00,Sweden,Science fiction,Phone,Basic,120,11.0,9.2,1
WATCH-004227,2025-10-27T19:04:00,Italy,Animation,TV,Premium,60,3.8,6.3,2
WATCH-004228,2025-06-23T10:55:00,Netherlands,Thriller,Phone,Basic,120,32.1,26.8,3
WATCH-004229,2025-06-05T08:35:00,Spain,Animation,TV,Standard,30,15.1,50.3,3
WATCH-004230,2025-02-24T04:04:00,Spain,Drama,Tablet,Premium,30,24.7,82.3,5
WATCH-004231,2025-08-19T15:34:00,Netherlands,Comedy,Tablet,Standard,90,61.3,68.1,4
WATCH-004232,2025-06-29T23:24:00,Sweden,Comedy,Phone,Premium,120,56.7,47.2,5
WATCH-004233,2025-02-09T17:50:00,France,Comedy,Laptop,Standard,90,58.2,64.7,5
WATCH-004234,2025-04-05T12:44:00,Netherlands,Comedy,,Standard,30,15.7,52.3,1
WATCH-004235,2025-08-11T15:49:00,Italy,Drama,Phone,Standard,22,14.5,65.9,4
WATCH-004236,2025-05-04T13:52:00,Netherlands,Science fiction,Phone,Standard,45,32.3,71.8,1
WATCH-004237,2025-08-21T12:28:00,Sweden,Thriller,Phone,Standard,22,10.2,46.4,2
WATCH-004238,2025-03-22T03:31:00,France,Documentary,TV,Standard,45,13.7,30.4,3
WATCH-004239,2025-11-14T00:09:00,Netherlands,Drama,Phone,Standard,120,72.4,60.3,1
WATCH-004240,2025-01-17T17:16:00,Sweden,Drama,Tablet,Basic,120,101.0,84.2,2
WATCH-004241,2025-07-13T11:18:00,Spain,Thriller,Phone,Basic,90,55.8,62.0,4
WATCH-004242,2025-12-23T04:10:00,Spain,Drama,Phone,Standard,120,93.9,78.3,2
WATCH-004243,2025-09-29T09:31:00,Italy,Thriller,Phone,Basic,120,116.5,97.1,4
WATCH-004244,2025-09-04T06:00:00,Germany,Comedy,TV,Basic,22,21.4,97.3,4
WATCH-004245,2025-07-12T19:39:00,Sweden,Drama,Laptop,Standard,45,42.2,93.8,4
WATCH-004246,2025-09-25T20:40:00,Sweden,Comedy,Laptop,Standard,45,36.1,80.2,4
WATCH-004247,2025-10-01T01:40:00,Germany,Science fiction,Phone,Premium,120,33.8,28.2,1
WATCH-004248,2025-05-04T05:16:00,Spain,Documentary,Phone,Standard,22,21.6,98.2,2
WATCH-004249,2025-09-23T17:01:00,Spain,Science fiction,TV,Basic,22,20.0,90.9,2
WATCH-004250,2025-03-18T00:21:00,Spain,Documentary,Tablet,Standard,120,53.6,44.7,2
WATCH-004251,2025-12-02T05:31:00,Germany,Documentary,TV,Standard,120,86.7,72.2,3
WATCH-004252,2025-03-16T16:55:00,Italy,Animation,TV,Basic,45,20.0,44.4,3
WATCH-004253,2025-04-27T04:45:00,Germany,Drama,Tablet,Premium,120,85.8,71.5,1
WATCH-004254,2025-03-18T02:32:00,Italy,Comedy,Tablet,Premium,60,51.7,86.2,5
WATCH-004255,2025-11-04T15:50:00,France,Thriller,Laptop,Standard,120,115.5,96.2,2
WATCH-004256,2025-11-25T08:26:00,Netherlands,Drama,Phone,Standard,22,20.6,,2
WATCH-004257,2025-02-01T21:12:00,Sweden,Drama,Tablet,Standard,120,55.1,45.9,4
WATCH-004258,2025-02-05T14:39:00,Italy,Documentary,Tablet,Premium,120,22.9,19.1,2
WATCH-004259,2025-04-07T03:32:00,Spain,Science fiction,Laptop,Standard,60,52.4,87.3,4
WATCH-004260,2025-05-08T12:31:00,Italy,Documentary,TV,Basic,45,19.7,43.8,5
WATCH-004261,2025-08-02T04:22:00,Netherlands,Comedy,Tablet,Premium,22,17.0,77.3,2
WATCH-004262,2025-07-09T03:01:00,Sweden,Drama,Tablet,Premium,60,23.8,39.7,4
WATCH-004263,2025-11-30T20:38:00,Spain,Documentary,Laptop,Premium,60,3.2,5.3,2
WATCH-004264,2025-08-21T14:35:00,Sweden,Animation,Tablet,Premium,22,6.4,29.1,3
WATCH-004265,2025-06-10T14:23:00,France,Thriller,Tablet,Standard,30,20.7,69.0,3
WATCH-004266,2025-05-13T01:33:00,Italy,Drama,Laptop,Standard,60,40.5,67.5,3
WATCH-004267,2025-02-01T19:03:00,Sweden,Thriller,TV,Standard,90,62.7,69.7,3
WATCH-004268,2025-07-31T14:02:00,Sweden,Comedy,TV,Basic,90,19.1,21.2,3
WATCH-004269,2025-12-13T20:22:00,Germany,Drama,Phone,Basic,30,4.4,14.7,2
WATCH-004270,2025-09-11T17:44:00,France,Animation,Laptop,Premium,120,116.8,97.3,1
WATCH-004271,2025-08-01T11:22:00,Italy,Documentary,Phone,Standard,90,86.1,95.7,2
WATCH-004272,2025-10-11T09:20:00,Netherlands,Thriller,Laptop,Standard,60,9.7,16.2,5
WATCH-004273,2025-10-09T09:34:00,Sweden,Animation,Tablet,Standard,30,21.3,71.0,1
WATCH-004274,2025-07-06T20:09:00,France,Science fiction,TV,Premium,30,18.8,62.7,3
WATCH-004275,2025-08-18T04:28:00,Spain,Comedy,Laptop,Standard,60,20.7,34.5,1
WATCH-004276,2025-05-18T02:06:00,Netherlands,Drama,Laptop,Basic,30,8.0,26.7,3
WATCH-004277,2025-12-10T16:35:00,Spain,Science fiction,Tablet,Standard,30,23.8,79.3,3
WATCH-004278,2025-01-14T00:48:00,Germany,Thriller,Phone,Standard,22,11.7,53.2,2
WATCH-004279,2025-02-05T23:35:00,France,Documentary,TV,Basic,60,35.9,59.8,4
WATCH-004280,2025-10-06T03:58:00,Spain,Animation,Tablet,Standard,45,25.3,56.2,3
WATCH-004281,2025-03-04T19:20:00,France,Thriller,Phone,Basic,120,56.5,47.1,4
WATCH-004282,2025-08-18T13:51:00,France,Animation,Tablet,Standard,120,31.9,26.6,1
WATCH-004283,2025-11-27T11:15:00,Netherlands,Thriller,Laptop,Standard,60,4.0,6.7,3
WATCH-004284,2025-05-10T21:31:00,Germany,Drama,Laptop,Basic,45,25.1,55.8,4
WATCH-004285,2025-12-16T22:32:00,Sweden,Animation,TV,Premium,45,24.3,54.0,5
WATCH-004286,2025-04-07T06:28:00,Germany,Science fiction,Tablet,Basic,30,8.5,28.3,2
WATCH-004287,2025-10-07T22:31:00,Spain,Thriller,Laptop,Premium,120,17.0,14.2,1
WATCH-004288,2025-08-02T01:26:00,France,Documentary,Laptop,Basic,30,25.9,86.3,4
WATCH-004289,2025-09-03T18:24:00,Netherlands,Comedy,Phone,Premium,45,37.6,83.6,3
WATCH-004290,2025-05-31T02:41:00,Spain,Documentary,Phone,Premium,22,4.3,19.5,2
WATCH-004291,2025-07-02T04:35:00,Germany,Documentary,Laptop,Premium,90,17.2,19.1,1
WATCH-004292,2025-06-08T08:18:00,Sweden,Thriller,Tablet,Standard,30,24.0,80.0,3
WATCH-004293,2025-11-27T16:45:00,Germany,Drama,Tablet,Premium,45,31.3,,5
WATCH-004294,2025-01-15T08:11:00,Netherlands,Thriller,Phone,Standard,90,44.9,49.9,5
WATCH-004295,2025-07-30T17:39:00,Netherlands,Documentary,Phone,Basic,120,96.3,80.2,5
WATCH-004296,2025-04-25T15:11:00,Italy,Thriller,Laptop,Standard,60,3.9,6.5,1
WATCH-004297,2025-01-30T04:00:00,Netherlands,Animation,Phone,Standard,45,44.7,99.3,2
WATCH-004298,2025-11-27T18:06:00,France,Documentary,TV,Basic,30,2.1,7.0,4
WATCH-004299,2025-05-01T20:35:00,Spain,Documentary,TV,Standard,120,36.2,30.2,1
WATCH-004300,2025-10-22T10:49:00,Germany,Animation,TV,Basic,90,62.4,69.3,3
WATCH-004301,2025-12-20T05:27:00,Sweden,Drama,Phone,Premium,30,25.0,83.3,4
WATCH-004302,2025-12-11T03:28:00,Italy,Animation,TV,Standard,120,66.7,55.6,1
WATCH-004303,2025-08-07T07:26:00,Spain,Documentary,Tablet,Basic,90,39.1,43.4,3
WATCH-004304,2025-01-20T07:02:00,Netherlands,Animation,TV,Standard,22,15.5,70.5,2
WATCH-004305,2025-09-18T21:58:00,Italy,Drama,TV,Premium,45,43.8,97.3,5
WATCH-004306,2025-10-09T02:40:00,Spain,Documentary,Laptop,Premium,90,14.3,15.9,2
WATCH-004307,2025-09-03T04:56:00,Spain,Science fiction,Tablet,Basic,90,89.6,99.6,2
WATCH-004308,2025-10-10T07:58:00,France,Comedy,Laptop,Standard,60,50.4,84.0,4
WATCH-004309,2025-08-10T11:02:00,Germany,Science fiction,Laptop,Premium,30,25.7,85.7,1
WATCH-004310,2025-10-22T15:33:00,Italy,Thriller,Phone,Standard,22,8.4,38.2,1
WATCH-004311,2025-10-26T01:47:00,Italy,Thriller,Phone,Premium,45,17.9,39.8,4
WATCH-004312,2025-12-11T13:06:00,Spain,Thriller,TV,Standard,22,2.0,9.1,2
WATCH-004313,2025-11-29T06:55:00,France,Documentary,Phone,Basic,30,6.8,22.7,2
WATCH-004314,2025-06-08T08:52:00,France,Documentary,Phone,Premium,22,8.3,37.7,1
WATCH-004315,2025-04-04T18:33:00,Spain,Documentary,Phone,Standard,45,8.6,19.1,4
WATCH-004316,2025-01-01T08:33:00,Netherlands,Comedy,Phone,Standard,30,4.7,15.7,3
WATCH-004317,2025-07-01T23:09:00,Netherlands,Science fiction,,Standard,120,19.6,16.3,5
WATCH-004318,2025-09-17T08:15:00,Italy,Comedy,Tablet,Premium,30,6.9,23.0,3
WATCH-004319,2025-03-01T05:46:00,Germany,Animation,Phone,Basic,45,35.6,79.1,3
WATCH-004320,2025-10-12T15:47:00,Spain,Animation,Tablet,Standard,120,114.9,95.8,2
WATCH-004321,2025-06-10T16:52:00,Netherlands,Science fiction,Phone,Basic,120,22.3,18.6,1
WATCH-004322,2025-03-01T09:02:00,Germany,Drama,Phone,Premium,30,2.0,6.7,1
WATCH-004323,2025-03-18T16:05:00,France,Thriller,TV,Basic,30,12.5,41.7,3
WATCH-004324,2025-12-18T14:56:00,Italy,Science fiction,Laptop,Standard,120,29.7,24.8,4
WATCH-004325,2025-03-20T12:28:00,Italy,Science fiction,Tablet,Premium,45,13.2,29.3,4
WATCH-004326,2025-01-03T05:11:00,Netherlands,Science fiction,TV,Standard,60,33.0,55.0,3
WATCH-004327,2025-05-02T06:44:00,Italy,Documentary,TV,Premium,60,53.6,89.3,5
WATCH-004328,2025-08-13T13:32:00,Netherlands,Thriller,Phone,Basic,45,30.0,66.7,1
WATCH-004329,2025-05-19T10:31:00,Netherlands,Drama,Phone,Basic,22,5.1,23.2,5
WATCH-004330,2025-12-01T04:35:00,France,Drama,Laptop,Premium,120,42.0,,3
WATCH-004331,2025-04-26T15:15:00,Spain,Documentary,Phone,Premium,30,6.1,20.3,4
WATCH-004332,2025-08-08T06:06:00,Germany,Animation,Laptop,Standard,60,57.5,95.8,5
WATCH-004333,2025-02-11T18:11:00,Italy,Drama,Laptop,Premium,22,5.2,23.6,3
WATCH-004334,2025-03-19T09:59:00,Sweden,Documentary,TV,Premium,120,93.4,77.8,1
WATCH-004335,2025-01-26T05:42:00,Germany,Thriller,Phone,Premium,30,5.8,19.3,5
WATCH-004336,2025-04-14T12:26:00,Italy,Science fiction,Phone,Premium,30,6.6,22.0,2
WATCH-004337,2025-05-25T00:47:00,Spain,Animation,Tablet,Basic,22,3.0,13.6,5
WATCH-004338,2025-12-23T22:26:00,Germany,Science fiction,Laptop,Standard,90,62.6,69.6,3
WATCH-004339,2025-02-13T17:33:00,Germany,Documentary,Tablet,Basic,22,14.7,66.8,5
WATCH-004340,2025-10-23T14:05:00,Sweden,Comedy,Tablet,Standard,45,24.0,53.3,1
WATCH-004341,2025-06-30T17:59:00,Germany,Drama,Tablet,Standard,30,19.1,63.7,1
WATCH-004342,2025-10-18T03:06:00,Germany,Drama,Tablet,Premium,30,29.0,96.7,4
WATCH-004343,2025-09-20T19:48:00,Sweden,Science fiction,Tablet,Standard,90,54.7,60.8,4
WATCH-004344,2025-09-18T09:21:00,Spain,Drama,TV,Premium,60,48.1,80.2,1
WATCH-004345,2025-10-25T15:19:00,Sweden,Science fiction,Laptop,Basic,120,58.1,48.4,3
WATCH-004346,2025-06-06T08:05:00,Sweden,Drama,Laptop,Premium,120,119.8,99.8,4
WATCH-004347,2025-05-02T21:20:00,Sweden,Science fiction,Tablet,Basic,22,3.6,16.4,1
WATCH-004348,2025-02-12T19:04:00,Netherlands,Animation,Tablet,Premium,30,7.8,26.0,1
WATCH-004349,2025-04-11T12:16:00,Italy,Comedy,TV,Premium,45,32.4,72.0,4
WATCH-004350,2025-12-01T12:14:00,Sweden,Science fiction,Tablet,Premium,60,45.0,75.0,4
WATCH-004351,2025-02-15T17:28:00,Netherlands,Science fiction,Phone,Premium,60,48.5,80.8,3
WATCH-004352,2025-06-30T02:03:00,Spain,Thriller,Laptop,Basic,22,4.5,20.5,3
WATCH-004353,2025-10-15T20:59:00,Germany,Thriller,Laptop,Standard,120,30.7,25.6,4
WATCH-004354,2025-05-22T04:11:00,France,Animation,TV,Standard,120,113.6,94.7,4
WATCH-004355,2025-01-24T08:13:00,Sweden,Animation,TV,Premium,90,78.5,87.2,5
WATCH-004356,2025-05-01T06:11:00,Germany,Animation,Phone,Basic,22,10.5,47.7,1
WATCH-004357,2025-09-29T05:36:00,France,Comedy,Phone,Standard,120,13.3,11.1,2
WATCH-004358,2025-09-09T18:23:00,France,Thriller,Laptop,Standard,22,15.7,71.4,4
WATCH-004359,2025-05-08T13:15:00,Sweden,Drama,Laptop,Basic,90,83.6,92.9,1
WATCH-004360,2025-06-10T18:13:00,Netherlands,Science fiction,Tablet,Premium,45,3.0,6.7,2
WATCH-004361,2025-10-19T03:06:00,Italy,Science fiction,TV,Premium,120,96.9,80.8,3
WATCH-004362,2025-01-31T19:06:00,Sweden,Comedy,Laptop,Premium,45,3.5,7.8,3
WATCH-004363,2025-09-15T06:50:00,France,Comedy,Tablet,Standard,90,78.1,86.8,2
WATCH-004364,2025-10-08T16:39:00,Germany,Documentary,Phone,Premium,45,42.3,94.0,4
WATCH-004365,2025-11-17T08:21:00,Germany,Animation,TV,Basic,120,42.3,35.2,1
WATCH-004366,2025-04-28T23:46:00,France,Comedy,Phone,Premium,45,20.7,46.0,4
WATCH-004367,2025-04-30T07:44:00,Germany,Comedy,Laptop,Basic,45,21.7,,5
WATCH-004368,2025-09-29T23:54:00,Sweden,Drama,Tablet,Standard,30,7.0,23.3,2
WATCH-004369,2025-05-11T13:51:00,Spain,Animation,TV,Basic,120,71.3,59.4,4
WATCH-004370,2025-05-13T06:31:00,Sweden,Science fiction,Tablet,Basic,60,15.7,26.2,1
WATCH-004371,2025-02-03T09:20:00,Spain,Drama,TV,Basic,90,55.6,61.8,2
WATCH-004372,2025-10-06T09:02:00,Italy,Science fiction,Phone,Premium,22,15.6,70.9,2
WATCH-004373,2025-04-11T10:54:00,Netherlands,Thriller,Phone,Premium,120,34.6,28.8,5
WATCH-004374,2025-06-29T04:53:00,Germany,Thriller,Phone,Basic,90,63.1,70.1,5
WATCH-004375,2025-05-28T07:05:00,France,Science fiction,TV,Premium,90,84.5,93.9,4
WATCH-004376,2025-07-19T21:15:00,Spain,Drama,Tablet,Basic,90,57.8,64.2,1
WATCH-004377,2025-06-25T18:58:00,Sweden,Comedy,Phone,Standard,90,56.1,62.3,5
WATCH-004378,2025-07-11T02:19:00,Germany,Documentary,Laptop,Premium,120,6.6,5.5,2
WATCH-004379,2025-08-30T23:35:00,Spain,Comedy,Laptop,Premium,120,108.7,90.6,1
WATCH-004380,2025-05-18T11:20:00,Italy,Documentary,Phone,Basic,120,106.0,88.3,4
WATCH-004381,2025-01-30T12:15:00,Netherlands,Comedy,Phone,Basic,90,25.2,28.0,2
WATCH-004382,2025-07-04T23:22:00,Netherlands,Comedy,TV,Basic,30,14.3,47.7,4
WATCH-004383,2025-02-05T23:36:00,Spain,Drama,TV,Standard,30,3.7,12.3,2
WATCH-004384,2025-03-11T20:36:00,Italy,Drama,Tablet,Standard,45,7.7,17.1,4
WATCH-004385,2025-01-04T08:02:00,Sweden,Drama,TV,Basic,30,3.2,10.7,4
WATCH-004386,2025-09-01T01:41:00,France,Animation,Tablet,Basic,45,7.3,16.2,1
WATCH-004387,2025-12-17T11:32:00,Netherlands,Comedy,Tablet,Basic,22,14.7,66.8,1
WATCH-004388,2025-12-26T01:06:00,Netherlands,Documentary,Tablet,Premium,22,19.6,89.1,2
WATCH-004389,2025-03-13T18:21:00,Sweden,Documentary,Phone,Basic,30,15.3,51.0,1
WATCH-004390,2025-02-12T23:09:00,France,Animation,TV,Premium,22,4.4,20.0,2
WATCH-004391,2025-12-23T23:01:00,Sweden,Animation,Phone,Standard,45,22.5,50.0,3
WATCH-004392,2025-02-10T23:40:00,Sweden,Thriller,Phone,Basic,45,43.2,96.0,2
WATCH-004393,2025-05-08T07:44:00,Spain,Drama,Laptop,Standard,30,14.8,49.3,1
WATCH-004394,2025-02-10T01:23:00,France,Animation,Phone,Premium,120,107.5,89.6,4
WATCH-004395,2025-09-14T02:44:00,Germany,Science fiction,Tablet,Standard,30,8.6,28.7,1
WATCH-004396,2025-05-12T01:38:00,Germany,Science fiction,Laptop,Basic,60,59.7,99.5,5
WATCH-004397,2025-10-17T20:36:00,Germany,Drama,TV,Premium,45,11.8,26.2,3
WATCH-004398,2025-04-03T05:39:00,Sweden,Thriller,Phone,Basic,45,17.0,37.8,2
WATCH-004399,2025-08-30T20:23:00,Netherlands,Comedy,Laptop,Standard,45,3.6,8.0,4
WATCH-004400,2025-08-02T13:45:00,Sweden,Thriller,,Basic,45,2.6,5.8,2
WATCH-004401,2025-06-19T21:20:00,Italy,Animation,Phone,Basic,60,57.9,96.5,1
WATCH-004402,2025-08-12T13:11:00,Germany,Science fiction,TV,Standard,30,2.8,9.3,3
WATCH-004403,2025-06-04T08:42:00,Netherlands,Science fiction,Phone,Basic,120,119.6,99.7,4
WATCH-004404,2025-12-19T07:04:00,France,Animation,Tablet,Basic,90,26.6,,3
WATCH-004405,2025-09-10T18:27:00,Germany,Documentary,Tablet,Standard,90,69.1,76.8,4
WATCH-004406,2025-08-17T14:20:00,France,Drama,Laptop,Standard,90,24.5,27.2,4
WATCH-004407,2025-12-26T15:34:00,Spain,Drama,Laptop,Basic,90,25.4,28.2,1
WATCH-004408,2025-03-16T00:43:00,France,Documentary,Laptop,Standard,30,1.9,6.3,3
WATCH-004409,2025-07-21T16:19:00,Sweden,Animation,Tablet,Premium,60,52.2,87.0,5
WATCH-004410,2025-04-03T18:11:00,Sweden,Thriller,Phone,Premium,45,43.3,96.2,5
WATCH-004411,2025-01-03T10:50:00,Netherlands,Documentary,Laptop,Basic,45,3.5,7.8,3
WATCH-004412,2025-01-26T18:30:00,Sweden,Science fiction,Phone,Basic,120,44.2,36.8,3
WATCH-004413,2025-06-21T13:14:00,Netherlands,Science fiction,TV,Premium,90,47.9,53.2,1
WATCH-004414,2025-01-13T09:48:00,Netherlands,Thriller,Tablet,Premium,45,13.3,29.6,5
WATCH-004415,2025-01-16T01:41:00,Italy,Animation,Tablet,Standard,30,13.8,46.0,5
WATCH-004416,2025-01-28T00:05:00,Netherlands,Drama,Laptop,Premium,120,86.3,71.9,3
WATCH-004417,2025-08-29T17:33:00,Sweden,Comedy,Laptop,Premium,45,4.2,9.3,5
WATCH-004418,2025-09-27T16:14:00,Germany,Thriller,Tablet,Basic,45,14.5,32.2,1
WATCH-004419,2025-05-08T10:09:00,Sweden,Comedy,TV,Premium,45,36.7,81.6,5
WATCH-004420,2025-05-04T17:46:00,France,Science fiction,Phone,Premium,60,27.6,46.0,4
WATCH-004421,2025-12-21T08:27:00,Netherlands,Animation,Phone,Premium,30,14.8,49.3,2
WATCH-004422,2025-03-25T23:45:00,France,Science fiction,Phone,Standard,120,104.7,87.2,4
WATCH-004423,2025-03-21T23:12:00,Sweden,Animation,Tablet,Standard,120,55.2,46.0,4
WATCH-004424,2025-06-23T11:55:00,Sweden,Drama,Laptop,Basic,30,13.3,44.3,2
WATCH-004425,2025-02-07T05:58:00,Germany,Animation,Laptop,Premium,30,13.7,45.7,1
WATCH-004426,2025-05-08T16:52:00,Germany,Thriller,Phone,Standard,30,22.3,74.3,4
WATCH-004427,2025-08-02T05:30:00,Sweden,Animation,TV,Basic,60,35.7,59.5,4
WATCH-004428,2025-03-27T18:07:00,Spain,Documentary,TV,Standard,30,16.1,53.7,4
WATCH-004429,2025-10-13T04:27:00,Spain,Comedy,Phone,Basic,22,3.0,13.6,2
WATCH-004430,2025-10-14T21:47:00,Germany,Comedy,Laptop,Premium,30,4.9,16.3,3
WATCH-004431,2025-10-01T04:50:00,Germany,Comedy,TV,Premium,22,12.7,57.7,3
WATCH-004432,2025-03-17T19:20:00,Spain,Documentary,Tablet,Basic,30,14.5,48.3,5
WATCH-004433,2025-09-23T14:05:00,Spain,Documentary,Phone,Basic,30,5.5,18.3,5
WATCH-004434,2025-03-18T20:40:00,Netherlands,Science fiction,Phone,Standard,120,70.3,58.6,4
WATCH-004435,2025-07-14T04:34:00,Netherlands,Animation,Phone,Premium,30,25.0,83.3,5
WATCH-004436,2025-07-25T15:23:00,Spain,Drama,Laptop,Standard,22,15.3,69.5,1
WATCH-004437,2025-12-09T09:46:00,Italy,Documentary,Laptop,Premium,30,8.5,28.3,5
WATCH-004438,2025-06-15T05:00:00,Germany,Comedy,TV,Standard,60,22.7,37.8,5
WATCH-004439,2025-06-12T16:10:00,France,Comedy,Phone,Premium,60,49.3,82.2,2
WATCH-004440,2025-12-10T07:46:00,France,Science fiction,Laptop,Standard,90,67.8,75.3,3
WATCH-004441,2025-06-06T19:36:00,Germany,Documentary,Phone,Basic,90,83.7,,5
WATCH-004442,2025-12-04T07:13:00,France,Animation,Laptop,Basic,120,17.6,14.7,5
WATCH-004443,2025-08-28T05:02:00,Netherlands,Documentary,Laptop,Standard,22,13.3,60.5,1
WATCH-004444,2025-11-21T22:27:00,Netherlands,Drama,Phone,Premium,45,38.4,85.3,4
WATCH-004445,2025-12-23T04:57:00,Spain,Thriller,Tablet,Basic,45,18.4,40.9,1
WATCH-004446,2025-02-19T21:08:00,France,Animation,Laptop,Standard,90,68.8,76.4,5
WATCH-004447,2025-02-20T08:07:00,Spain,Animation,TV,Basic,30,17.6,58.7,3
WATCH-004448,2025-03-10T21:59:00,France,Documentary,Tablet,Basic,120,94.0,78.3,2
WATCH-004449,2025-11-29T07:36:00,France,Animation,TV,Premium,45,27.4,60.9,5
WATCH-004450,2025-01-05T21:33:00,Germany,Animation,Phone,Standard,120,110.1,91.8,4
WATCH-004451,2025-05-31T23:58:00,France,Science fiction,Tablet,Premium,90,26.0,28.9,3
WATCH-004452,2025-06-23T04:03:00,Germany,Drama,Phone,Basic,90,55.6,61.8,2
WATCH-004453,2025-04-05T22:30:00,Italy,Comedy,Phone,Standard,60,29.7,49.5,3
WATCH-004454,2025-03-24T12:08:00,Italy,Science fiction,TV,Standard,45,18.0,40.0,1
WATCH-004455,2025-06-07T19:55:00,France,Thriller,Tablet,Basic,60,41.1,68.5,4
WATCH-004456,2025-12-14T12:08:00,Italy,Documentary,TV,Premium,45,4.3,9.6,5
WATCH-004457,2025-06-18T01:35:00,Germany,Science fiction,Phone,Basic,60,13.0,21.7,4
WATCH-004458,2025-04-12T12:49:00,France,Documentary,TV,Basic,45,21.3,47.3,1
WATCH-004459,2025-06-26T21:14:00,Spain,Drama,Phone,Basic,90,54.7,60.8,1
WATCH-004460,2025-03-23T11:52:00,Germany,Comedy,Laptop,Premium,45,29.4,65.3,1
WATCH-004461,2025-04-23T05:29:00,Germany,Animation,Phone,Standard,90,18.8,20.9,3
WATCH-004462,2025-02-19T15:06:00,Germany,Documentary,Phone,Standard,45,22.9,50.9,2
WATCH-004463,2025-10-01T02:30:00,France,Drama,TV,Standard,45,42.0,93.3,1
WATCH-004464,2025-08-26T11:47:00,Italy,Comedy,Laptop,Standard,22,17.7,80.5,3
WATCH-004465,2025-09-20T04:12:00,Germany,Thriller,TV,Standard,45,37.8,84.0,5
WATCH-004466,2025-12-11T04:21:00,Germany,Animation,Laptop,Premium,90,71.7,79.7,3
WATCH-004467,2025-08-19T23:06:00,Germany,Comedy,TV,Basic,90,73.1,81.2,5
WATCH-004468,2025-05-19T23:24:00,Sweden,Documentary,TV,Premium,120,73.6,61.3,1
WATCH-004469,2025-09-04T23:08:00,Spain,Animation,Laptop,Premium,30,23.1,77.0,1
WATCH-004470,2025-03-26T01:40:00,Sweden,Animation,Tablet,Standard,22,10.5,47.7,3
WATCH-004471,2025-03-01T05:17:00,Sweden,Documentary,Laptop,Basic,30,10.9,36.3,2
WATCH-004472,2025-02-16T19:19:00,Sweden,Thriller,Phone,Standard,60,24.7,41.2,1
WATCH-004473,2025-08-31T01:59:00,Spain,Science fiction,Laptop,Premium,120,57.5,47.9,3
WATCH-004474,2025-03-15T18:37:00,Italy,Comedy,TV,Standard,120,100.6,83.8,2
WATCH-004475,2025-01-19T00:28:00,Germany,Thriller,Phone,Premium,90,57.8,64.2,5
WATCH-004476,2025-01-09T07:07:00,Germany,Comedy,Phone,Standard,45,24.1,53.6,2
WATCH-004477,2025-04-10T18:40:00,Spain,Thriller,Phone,Premium,60,44.6,74.3,1
WATCH-004478,2025-11-11T16:23:00,Italy,Drama,Laptop,Basic,30,26.6,,1
WATCH-004479,2025-04-11T15:23:00,Sweden,Comedy,Laptop,Premium,60,21.5,35.8,2
WATCH-004480,2025-05-10T16:29:00,Germany,Science fiction,TV,Premium,45,44.7,99.3,5
WATCH-004481,2025-11-05T07:08:00,Sweden,Science fiction,Laptop,Standard,60,43.7,72.8,4
WATCH-004482,2025-12-14T16:01:00,Sweden,Science fiction,Phone,Basic,120,28.7,23.9,2
WATCH-004483,2025-03-11T06:58:00,Italy,Drama,,Standard,22,6.5,29.5,2
WATCH-004484,2025-07-09T09:09:00,Netherlands,Drama,TV,Standard,45,42.2,93.8,2
WATCH-004485,2025-12-10T01:55:00,Germany,Animation,Laptop,Standard,45,38.8,86.2,5
WATCH-004486,2025-04-06T05:35:00,Germany,Documentary,TV,Standard,30,8.9,29.7,2
WATCH-004487,2025-11-08T05:30:00,Italy,Documentary,Laptop,Standard,30,16.7,55.7,5
WATCH-004488,2025-02-26T02:06:00,Italy,Animation,Laptop,Premium,60,45.4,75.7,5
WATCH-004489,2025-12-04T18:19:00,France,Thriller,TV,Standard,45,29.1,64.7,5
WATCH-004490,2025-01-22T03:50:00,Spain,Animation,TV,Basic,120,28.3,23.6,1
WATCH-004491,2025-09-30T18:55:00,Spain,Comedy,Tablet,Premium,60,4.5,7.5,2
WATCH-004492,2025-12-07T08:39:00,Sweden,Documentary,Laptop,Basic,60,24.9,41.5,4
WATCH-004493,2025-11-01T15:59:00,Sweden,Animation,Laptop,Premium,90,43.6,48.4,2
WATCH-004494,2025-01-13T02:58:00,Sweden,Comedy,Tablet,Basic,30,5.0,16.7,2
WATCH-004495,2025-09-04T19:49:00,Spain,Comedy,Phone,Premium,45,37.2,82.7,2
WATCH-004496,2025-12-27T21:18:00,Italy,Science fiction,TV,Premium,120,77.6,64.7,2
WATCH-004497,2025-07-16T20:26:00,Netherlands,Animation,Tablet,Standard,45,36.0,80.0,2
WATCH-004498,2025-06-09T19:43:00,France,Science fiction,Tablet,Premium,90,58.0,64.4,2
WATCH-004499,2025-04-21T14:27:00,Germany,Comedy,Tablet,Standard,90,5.4,6.0,3
WATCH-004500,2025-01-25T13:21:00,Italy,Documentary,Phone,Premium,90,82.2,91.3,3
WATCH-004501,2025-08-18T20:59:00,Spain,Thriller,Phone,Premium,120,92.3,76.9,1
WATCH-004502,2025-01-12T21:27:00,Italy,Thriller,Phone,Premium,30,16.3,54.3,3
WATCH-004503,2025-08-24T14:05:00,France,Thriller,Laptop,Standard,22,18.2,82.7,5
WATCH-004504,2025-10-11T04:57:00,Netherlands,Science fiction,TV,Premium,30,23.7,79.0,2
WATCH-004505,2025-01-03T04:18:00,Netherlands,Drama,TV,Basic,60,30.4,50.7,3
WATCH-004506,2025-10-18T09:15:00,France,Thriller,Tablet,Standard,30,17.9,59.7,3
WATCH-004507,2025-12-27T10:19:00,Sweden,Science fiction,Laptop,Premium,120,7.4,6.2,3
WATCH-004508,2025-12-23T04:44:00,France,Comedy,TV,Premium,90,7.6,8.4,1
WATCH-004509,2025-07-27T21:07:00,Sweden,Animation,TV,Standard,90,64.7,71.9,2
WATCH-004510,2025-03-29T23:40:00,France,Documentary,Laptop,Premium,120,117.8,98.2,3
WATCH-004511,2025-07-10T00:41:00,Spain,Animation,Phone,Basic,30,5.9,19.7,3
WATCH-004512,2025-12-03T12:05:00,Italy,Drama,Phone,Premium,90,16.2,18.0,1
WATCH-004513,2025-11-05T19:53:00,Germany,Drama,Laptop,Basic,45,35.5,78.9,2
WATCH-004514,2025-12-22T13:48:00,Spain,Drama,TV,Basic,45,33.1,73.6,4
WATCH-004515,2025-07-25T20:26:00,Netherlands,Science fiction,TV,Premium,120,25.7,,4
WATCH-004516,2025-06-30T02:57:00,France,Documentary,Phone,Standard,60,53.0,88.3,2
WATCH-004517,2025-10-29T03:28:00,Spain,Science fiction,Tablet,Premium,30,10.4,34.7,1
WATCH-004518,2025-09-22T00:59:00,France,Documentary,Tablet,Standard,60,44.6,74.3,3
WATCH-004519,2025-11-23T03:18:00,Italy,Documentary,TV,Standard,30,6.5,21.7,3
WATCH-004520,2025-11-15T11:22:00,Germany,Thriller,Tablet,Basic,120,110.2,91.8,2
WATCH-004521,2025-10-30T00:34:00,France,Drama,Phone,Standard,90,17.0,18.9,1
WATCH-004522,2025-02-14T10:16:00,France,Drama,Tablet,Basic,90,58.3,64.8,5
WATCH-004523,2025-12-27T16:52:00,Netherlands,Drama,Phone,Basic,60,34.2,57.0,5
WATCH-004524,2025-04-21T10:32:00,Spain,Animation,Phone,Standard,30,29.6,98.7,2
WATCH-004525,2025-06-24T03:34:00,France,Animation,TV,Standard,45,6.3,14.0,4
WATCH-004526,2025-06-01T07:36:00,Italy,Science fiction,Phone,Basic,120,37.8,31.5,4
WATCH-004527,2025-11-27T13:38:00,Germany,Drama,Laptop,Standard,60,53.3,88.8,5
WATCH-004528,2025-02-13T17:54:00,Italy,Comedy,Tablet,Standard,120,81.2,67.7,5
WATCH-004529,2025-12-10T18:32:00,Italy,Science fiction,Laptop,Basic,120,102.6,85.5,4
WATCH-004530,2025-04-20T21:22:00,France,Animation,TV,Basic,30,3.3,11.0,3
WATCH-004531,2025-12-15T23:26:00,Italy,Thriller,Phone,Premium,90,80.9,89.9,2
WATCH-004532,2025-01-22T05:17:00,Netherlands,Drama,Laptop,Premium,90,81.7,90.8,3
WATCH-004533,2025-09-09T01:22:00,France,Comedy,TV,Basic,30,22.6,75.3,1
WATCH-004534,2025-11-02T12:23:00,France,Comedy,Tablet,Standard,30,13.7,45.7,2
WATCH-004535,2025-10-13T14:18:00,Spain,Thriller,Phone,Premium,60,47.0,78.3,1
WATCH-004536,2025-10-20T08:03:00,Sweden,Animation,Phone,Premium,30,14.8,49.3,3
WATCH-004537,2025-03-14T19:39:00,Sweden,Science fiction,Laptop,Standard,22,9.3,42.3,3
WATCH-004538,2025-03-25T03:00:00,Spain,Science fiction,Laptop,Standard,22,4.9,22.3,4
WATCH-004539,2025-08-04T14:46:00,France,Comedy,Phone,Basic,30,19.0,63.3,2
WATCH-004540,2025-07-06T13:32:00,Netherlands,Drama,Phone,Premium,60,23.7,39.5,4
WATCH-004541,2025-01-18T21:26:00,Sweden,Drama,TV,Standard,45,42.8,95.1,5
WATCH-004542,2025-10-27T07:05:00,France,Thriller,Phone,Standard,45,37.5,83.3,2
WATCH-004543,2025-04-14T00:19:00,France,Animation,Phone,Premium,45,6.6,14.7,3
WATCH-004544,2025-09-06T06:45:00,Spain,Science fiction,Phone,Standard,22,21.6,98.2,1
WATCH-004545,2025-01-28T16:12:00,Italy,Animation,Phone,Basic,22,12.2,55.5,4
WATCH-004546,2025-08-10T02:27:00,Germany,Drama,Phone,Standard,22,4.2,19.1,2
WATCH-004547,2025-11-02T20:56:00,Spain,Documentary,Tablet,Standard,90,21.5,23.9,3
WATCH-004548,2025-06-23T07:56:00,Germany,Comedy,Laptop,Standard,30,24.1,80.3,5
WATCH-004549,2025-06-22T19:14:00,Netherlands,Drama,TV,Premium,30,10.1,33.7,5
WATCH-004550,2025-02-13T13:16:00,Spain,Comedy,Phone,Standard,22,16.2,73.6,3
WATCH-004551,2025-03-11T06:33:00,Sweden,Documentary,Tablet,Standard,22,12.9,58.6,2
WATCH-004552,2025-07-15T10:28:00,Spain,Documentary,TV,Basic,120,109.3,,5
WATCH-004553,2025-11-09T20:08:00,Germany,Comedy,TV,Standard,60,8.2,13.7,1
WATCH-004554,2025-01-14T06:33:00,Netherlands,Thriller,TV,Premium,45,31.1,69.1,3
WATCH-004555,2025-04-12T13:45:00,Italy,Documentary,Laptop,Basic,120,7.9,6.6,5
WATCH-004556,2025-04-21T13:32:00,France,Documentary,Laptop,Standard,90,30.3,33.7,4
WATCH-004557,2025-11-04T18:36:00,Sweden,Thriller,TV,Premium,30,8.1,27.0,2
WATCH-004558,2025-10-28T16:15:00,Spain,Documentary,TV,Standard,120,31.9,26.6,2
WATCH-004559,2025-09-10T21:51:00,Italy,Drama,Tablet,Basic,90,30.3,33.7,5
WATCH-004560,2025-08-19T10:20:00,France,Thriller,TV,Basic,30,25.2,84.0,2
WATCH-004561,2025-02-23T04:24:00,Sweden,Science fiction,TV,Basic,90,40.8,45.3,1
WATCH-004562,2025-07-19T20:32:00,Spain,Comedy,TV,Premium,30,29.1,97.0,5
WATCH-004563,2025-12-01T03:14:00,Netherlands,Comedy,TV,Premium,90,64.7,71.9,2
WATCH-004564,2025-07-13T21:26:00,Netherlands,Comedy,Laptop,Premium,30,28.4,94.7,5
WATCH-004565,2025-09-20T15:26:00,Germany,Thriller,Laptop,Premium,60,40.0,66.7,1
WATCH-004566,2025-07-09T16:04:00,Germany,Documentary,,Premium,120,18.9,15.8,2
WATCH-004567,2025-02-05T15:04:00,Germany,Science fiction,Tablet,Premium,45,22.7,50.4,1
WATCH-004568,2025-02-11T23:43:00,Germany,Science fiction,Laptop,Basic,45,8.8,19.6,4
WATCH-004569,2025-04-19T03:34:00,Italy,Science fiction,TV,Premium,90,65.8,73.1,3
WATCH-004570,2025-07-11T20:25:00,Germany,Science fiction,Tablet,Premium,22,21.9,99.5,2
WATCH-004571,2025-04-23T11:18:00,France,Animation,Laptop,Basic,120,85.9,71.6,3
WATCH-004572,2025-02-07T18:07:00,France,Comedy,Tablet,Basic,120,85.0,70.8,5
WATCH-004573,2025-06-27T15:00:00,Spain,Science fiction,Laptop,Basic,22,17.8,80.9,1
WATCH-004574,2025-05-17T12:38:00,Sweden,Comedy,Phone,Basic,30,17.5,58.3,3
WATCH-004575,2025-04-06T16:48:00,Sweden,Drama,TV,Premium,120,22.1,18.4,3
WATCH-004576,2025-01-30T14:20:00,Germany,Animation,Phone,Standard,60,25.0,41.7,5
WATCH-004577,2025-12-05T00:42:00,Netherlands,Drama,Phone,Basic,90,88.8,98.7,5
WATCH-004578,2025-04-25T11:04:00,Sweden,Drama,Laptop,Premium,120,94.1,78.4,4
WATCH-004579,2025-09-07T04:22:00,Spain,Drama,Laptop,Basic,22,14.1,64.1,2
WATCH-004580,2025-10-27T19:18:00,Sweden,Drama,Laptop,Premium,90,55.2,61.3,5
WATCH-004581,2025-07-18T08:11:00,Sweden,Animation,Laptop,Premium,30,11.0,36.7,1
WATCH-004582,2025-03-15T03:58:00,Spain,Comedy,TV,Premium,120,32.2,26.8,4
WATCH-004583,2025-12-05T18:08:00,Germany,Animation,TV,Basic,90,74.6,82.9,4
WATCH-004584,2025-10-03T15:33:00,Netherlands,Thriller,TV,Standard,90,44.6,49.6,5
WATCH-004585,2025-04-04T07:59:00,Netherlands,Drama,Tablet,Premium,30,20.2,67.3,1
WATCH-004586,2025-01-09T20:14:00,Netherlands,Drama,Tablet,Premium,22,8.0,36.4,3
WATCH-004587,2025-09-16T17:19:00,Germany,Comedy,TV,Premium,120,51.7,43.1,5
WATCH-004588,2025-06-08T23:51:00,Sweden,Animation,Tablet,Basic,45,8.6,19.1,2
WATCH-004589,2025-11-21T07:48:00,France,Comedy,Laptop,Standard,30,27.6,,1
WATCH-004590,2025-03-05T02:54:00,Germany,Science fiction,Phone,Basic,60,31.4,52.3,2
WATCH-004591,2025-02-03T05:22:00,Sweden,Thriller,Laptop,Premium,30,22.4,74.7,4
WATCH-004592,2025-11-16T08:32:00,Germany,Science fiction,Tablet,Standard,60,20.4,34.0,3
WATCH-004593,2025-01-29T14:34:00,France,Science fiction,TV,Premium,30,11.0,36.7,4
WATCH-004594,2025-10-27T14:10:00,Sweden,Drama,TV,Basic,45,5.9,13.1,3
WATCH-004595,2025-08-27T19:11:00,France,Thriller,Laptop,Standard,90,64.5,71.7,1
WATCH-004596,2025-01-30T03:07:00,Sweden,Comedy,Tablet,Premium,22,12.7,57.7,2
WATCH-004597,2025-06-03T16:17:00,Spain,Documentary,TV,Premium,30,16.9,56.3,5
WATCH-004598,2025-11-03T02:11:00,Sweden,Animation,Laptop,Premium,22,21.4,97.3,3
WATCH-004599,2025-02-02T01:34:00,France,Thriller,Laptop,Basic,22,16.3,74.1,3
WATCH-004600,2025-11-16T10:44:00,France,Documentary,Phone,Premium,30,18.4,61.3,3
WATCH-004601,2025-02-18T06:43:00,Germany,Drama,Phone,Basic,90,81.1,90.1,5
WATCH-004602,2025-09-08T18:11:00,Netherlands,Drama,Phone,Basic,45,10.9,24.2,3
WATCH-004603,2025-04-09T21:45:00,France,Comedy,Tablet,Premium,120,97.9,81.6,4
WATCH-004604,2025-10-13T11:37:00,Italy,Comedy,Tablet,Basic,120,105.9,88.2,1
WATCH-004605,2025-11-10T22:01:00,Spain,Comedy,TV,Premium,45,28.0,62.2,3
WATCH-004606,2025-12-27T15:21:00,Germany,Animation,Laptop,Standard,22,9.1,41.4,5
WATCH-004607,2025-06-27T13:36:00,Netherlands,Thriller,Tablet,Basic,22,10.4,47.3,3
WATCH-004608,2025-07-20T01:18:00,Italy,Drama,Phone,Premium,45,43.5,96.7,1
WATCH-004609,2025-05-29T03:04:00,Italy,Animation,Tablet,Premium,22,10.7,48.6,3
WATCH-004610,2025-05-14T07:57:00,Germany,Drama,Tablet,Basic,22,20.3,92.3,3
WATCH-004611,2025-04-04T19:41:00,France,Animation,TV,Basic,30,26.1,87.0,4
WATCH-004612,2025-07-16T22:48:00,Italy,Science fiction,Tablet,Standard,45,32.2,71.6,1
WATCH-004613,2025-08-12T18:01:00,Italy,Animation,Laptop,Premium,60,24.2,40.3,5
WATCH-004614,2025-02-11T00:13:00,Italy,Comedy,Phone,Basic,90,11.9,13.2,5
WATCH-004615,2025-05-16T03:12:00,Germany,Thriller,TV,Premium,120,110.6,92.2,1
WATCH-004616,2025-10-03T02:40:00,Netherlands,Comedy,TV,Premium,30,2.6,8.7,4
WATCH-004617,2025-03-25T15:52:00,France,Science fiction,Phone,Basic,60,16.7,27.8,1
WATCH-004618,2025-09-22T01:15:00,Italy,Science fiction,Laptop,Standard,120,25.7,21.4,2
WATCH-004619,2025-05-22T09:06:00,Spain,Drama,Phone,Standard,22,11.0,50.0,1
WATCH-004620,2025-06-23T23:20:00,Italy,Thriller,Tablet,Basic,45,27.8,61.8,4
WATCH-004621,2025-03-02T13:29:00,Italy,Drama,Tablet,Basic,30,8.0,26.7,1
WATCH-004622,2025-10-14T06:36:00,Netherlands,Animation,Tablet,Standard,45,33.4,74.2,5
WATCH-004623,2025-08-04T11:34:00,Italy,Animation,TV,Standard,22,4.4,20.0,5
WATCH-004624,2025-03-29T01:17:00,Spain,Drama,Phone,Standard,30,29.0,96.7,4
WATCH-004625,2025-03-26T18:12:00,Germany,Comedy,Laptop,Basic,30,17.6,58.7,3
WATCH-004626,2025-08-01T16:28:00,France,Animation,Tablet,Standard,60,28.9,,1
WATCH-004627,2025-06-21T08:57:00,Germany,Thriller,Tablet,Premium,60,8.7,14.5,3
WATCH-004628,2025-09-10T11:52:00,Italy,Comedy,Tablet,Basic,60,53.1,88.5,4
WATCH-004629,2025-04-24T20:18:00,Italy,Animation,Phone,Premium,30,2.9,9.7,4
WATCH-004630,2025-12-16T10:32:00,Sweden,Drama,Tablet,Premium,90,35.4,39.3,4
WATCH-004631,2025-06-03T08:41:00,Netherlands,Science fiction,Tablet,Standard,22,4.0,18.2,3
WATCH-004632,2025-02-09T13:09:00,Italy,Drama,Laptop,Standard,30,6.8,22.7,4
WATCH-004633,2025-09-27T06:46:00,Italy,Drama,Phone,Premium,30,10.3,34.3,1
WATCH-004634,2025-12-14T17:02:00,France,Thriller,Laptop,Standard,90,54.3,60.3,3
WATCH-004635,2025-01-09T16:20:00,Sweden,Animation,TV,Premium,120,116.1,96.7,4
WATCH-004636,2025-10-14T01:17:00,France,Science fiction,TV,Basic,90,5.1,5.7,3
WATCH-004637,2025-03-13T01:13:00,Germany,Drama,Laptop,Premium,120,50.7,42.3,1
WATCH-004638,2025-06-02T05:35:00,Spain,Animation,Phone,Standard,60,54.7,91.2,4
WATCH-004639,2025-01-17T22:43:00,Germany,Thriller,Phone,Basic,45,14.9,33.1,4
WATCH-004640,2025-03-01T11:32:00,Sweden,Animation,Phone,Premium,22,8.2,37.3,2
WATCH-004641,2025-08-16T21:13:00,Spain,Animation,TV,Standard,120,63.3,52.8,5
WATCH-004642,2025-01-10T16:29:00,Germany,Animation,Laptop,Basic,60,51.1,85.2,1
WATCH-004643,2025-01-16T15:58:00,Germany,Documentary,Tablet,Premium,30,10.4,34.7,2
WATCH-004644,2025-08-13T09:58:00,Spain,Comedy,Tablet,Premium,30,14.5,48.3,3
WATCH-004645,2025-05-03T11:32:00,Germany,Animation,TV,Premium,60,55.5,92.5,3
WATCH-004646,2025-12-05T14:00:00,France,Documentary,Laptop,Premium,60,47.2,78.7,5
WATCH-004647,2025-12-05T16:20:00,Germany,Drama,Tablet,Basic,30,28.1,93.7,2
WATCH-004648,2025-02-25T02:09:00,Italy,Documentary,Phone,Standard,60,18.0,30.0,5
WATCH-004649,2025-05-24T07:32:00,France,Animation,,Standard,30,11.2,37.3,4
WATCH-004650,2025-12-14T11:59:00,France,Documentary,TV,Standard,22,18.6,84.5,1
WATCH-004651,2025-09-16T06:44:00,Sweden,Science fiction,Laptop,Premium,60,50.6,84.3,3
WATCH-004652,2025-09-12T15:04:00,Spain,Thriller,Tablet,Basic,45,34.2,76.0,5
WATCH-004653,2025-07-10T02:02:00,Spain,Science fiction,Laptop,Premium,22,3.1,14.1,2
WATCH-004654,2025-02-01T01:36:00,France,Animation,Laptop,Premium,45,38.7,86.0,2
WATCH-004655,2025-09-01T14:35:00,France,Thriller,Phone,Standard,60,52.0,86.7,5
WATCH-004656,2025-01-11T15:07:00,Sweden,Comedy,Phone,Standard,45,33.6,74.7,1
WATCH-004657,2025-03-26T03:55:00,Germany,Comedy,TV,Premium,90,30.1,33.4,2
WATCH-004658,2025-11-04T05:17:00,Germany,Animation,Laptop,Standard,120,28.1,23.4,4
WATCH-004659,2025-10-18T04:19:00,Italy,Documentary,Tablet,Basic,90,37.8,42.0,1
WATCH-004660,2025-03-13T18:43:00,Italy,Comedy,TV,Standard,60,48.1,80.2,5
WATCH-004661,2025-06-15T17:54:00,France,Comedy,Tablet,Basic,45,43.7,97.1,4
WATCH-004662,2025-05-08T05:22:00,Netherlands,Comedy,TV,Basic,30,26.1,87.0,2
WATCH-004663,2025-05-11T10:20:00,Netherlands,Thriller,Tablet,Standard,30,7.2,,1
WATCH-004664,2025-01-05T19:22:00,Sweden,Science fiction,Laptop,Basic,90,23.4,26.0,2
WATCH-004665,2025-05-21T15:56:00,France,Science fiction,TV,Premium,22,9.8,44.5,5
WATCH-004666,2025-11-05T14:17:00,Sweden,Comedy,Phone,Basic,45,16.5,36.7,5
WATCH-004667,2025-09-21T03:25:00,Netherlands,Drama,Tablet,Premium,22,9.8,44.5,4
WATCH-004668,2025-08-31T23:28:00,France,Thriller,TV,Basic,45,17.5,38.9,1
WATCH-004669,2025-07-28T22:07:00,Netherlands,Documentary,Phone,Basic,45,37.1,82.4,3
WATCH-004670,2025-07-27T03:20:00,Spain,Documentary,Phone,Basic,45,20.4,45.3,3
WATCH-004671,2025-05-30T10:15:00,Italy,Documentary,Laptop,Standard,22,4.0,18.2,5
WATCH-004672,2025-02-18T11:05:00,Sweden,Thriller,Laptop,Standard,60,41.2,68.7,4
WATCH-004673,2025-10-18T18:58:00,Sweden,Comedy,TV,Premium,120,49.8,41.5,5
WATCH-004674,2025-02-20T16:45:00,Germany,Drama,Laptop,Basic,30,10.9,36.3,4
WATCH-004675,2025-03-19T23:07:00,Netherlands,Animation,Tablet,Standard,120,52.3,43.6,3
WATCH-004676,2025-11-13T06:10:00,France,Documentary,Laptop,Standard,60,8.1,13.5,5
WATCH-004677,2025-05-08T04:13:00,Sweden,Drama,TV,Premium,60,9.3,15.5,3
WATCH-004678,2025-07-09T15:57:00,Spain,Comedy,Laptop,Basic,22,21.9,99.5,4
WATCH-004679,2025-06-11T03:54:00,Italy,Drama,Laptop,Basic,90,10.9,12.1,4
WATCH-004680,2025-01-13T08:59:00,France,Animation,Tablet,Basic,120,77.4,64.5,3
WATCH-004681,2025-07-18T14:20:00,Spain,Animation,Tablet,Standard,120,51.5,42.9,2
WATCH-004682,2025-11-06T14:27:00,Germany,Drama,Laptop,Premium,60,51.8,86.3,1
WATCH-004683,2025-06-03T02:21:00,Spain,Drama,TV,Premium,30,14.2,47.3,1
WATCH-004684,2025-02-13T21:35:00,France,Drama,Tablet,Basic,30,2.2,7.3,1
WATCH-004685,2025-04-27T13:21:00,Italy,Comedy,Laptop,Standard,22,11.1,50.5,5
WATCH-004686,2025-05-07T00:55:00,Netherlands,Comedy,Laptop,Standard,22,2.4,10.9,5
WATCH-004687,2025-03-12T00:02:00,Italy,Science fiction,Tablet,Premium,22,20.0,90.9,5
WATCH-004688,2025-02-23T22:13:00,Sweden,Animation,Phone,Basic,30,3.5,11.7,4
WATCH-004689,2025-11-13T17:26:00,Germany,Drama,Laptop,Standard,90,79.8,88.7,2
WATCH-004690,2025-12-12T17:21:00,Sweden,Documentary,Laptop,Standard,90,26.9,29.9,5
WATCH-004691,2025-06-05T08:21:00,Spain,Documentary,Tablet,Basic,90,74.6,82.9,1
WATCH-004692,2025-12-26T05:15:00,Italy,Animation,TV,Standard,60,14.2,23.7,4
WATCH-004693,2025-09-14T05:23:00,Germany,Documentary,Tablet,Standard,45,41.0,91.1,4
WATCH-004694,2025-02-28T19:34:00,France,Comedy,Laptop,Standard,45,37.2,82.7,1
WATCH-004695,2025-02-19T04:33:00,Sweden,Documentary,Tablet,Basic,90,45.5,50.6,1
WATCH-004696,2025-01-04T22:32:00,Germany,Comedy,Tablet,Standard,45,35.9,79.8,2
WATCH-004697,2025-11-22T16:27:00,Netherlands,Documentary,Tablet,Basic,30,27.5,91.7,4
WATCH-004698,2025-03-15T23:57:00,Sweden,Drama,Laptop,Standard,120,66.1,55.1,2
WATCH-004699,2025-11-15T10:19:00,Germany,Comedy,Laptop,Basic,120,66.4,55.3,2
WATCH-004700,2025-08-13T13:14:00,Spain,Drama,TV,Basic,120,79.2,,5
WATCH-004701,2025-03-28T18:22:00,Italy,Science fiction,Phone,Basic,45,13.1,29.1,5
WATCH-004702,2025-11-13T07:03:00,Spain,Comedy,Laptop,Basic,30,17.2,57.3,1
WATCH-004703,2025-10-04T05:49:00,Italy,Thriller,Laptop,Standard,30,20.8,69.3,3
WATCH-004704,2025-08-15T21:40:00,Italy,Thriller,Laptop,Standard,22,5.0,22.7,2
WATCH-004705,2025-08-04T03:07:00,Spain,Science fiction,Tablet,Premium,22,9.6,43.6,1
WATCH-004706,2025-07-01T11:20:00,Sweden,Thriller,TV,Basic,60,48.9,81.5,4
WATCH-004707,2025-02-09T04:00:00,Germany,Documentary,Phone,Premium,22,18.0,81.8,3
WATCH-004708,2025-02-05T17:45:00,Netherlands,Animation,Phone,Basic,45,9.5,21.1,2
WATCH-004709,2025-07-10T09:56:00,France,Documentary,Tablet,Premium,60,58.6,97.7,3
WATCH-004710,2025-11-14T06:13:00,Sweden,Science fiction,Tablet,Basic,30,21.9,73.0,3
WATCH-004711,2025-02-13T22:08:00,Spain,Thriller,Tablet,Basic,45,28.5,63.3,2
WATCH-004712,2025-06-28T10:31:00,France,Documentary,TV,Premium,22,3.3,15.0,1
WATCH-004713,2025-09-28T04:27:00,Spain,Science fiction,Phone,Standard,22,4.7,21.4,5
WATCH-004714,2025-12-31T20:46:00,Germany,Comedy,Phone,Basic,30,4.1,13.7,1
WATCH-004715,2025-07-28T23:57:00,France,Documentary,Laptop,Standard,22,17.5,79.5,3
WATCH-004716,2025-11-02T19:49:00,Italy,Science fiction,TV,Standard,45,42.6,94.7,3
WATCH-004717,2025-09-01T02:28:00,France,Animation,Laptop,Basic,22,14.0,63.6,3
WATCH-004718,2025-12-18T23:56:00,Netherlands,Drama,Laptop,Premium,22,12.7,57.7,3
WATCH-004719,2025-08-28T20:51:00,Italy,Thriller,Phone,Basic,22,13.7,62.3,2
WATCH-004720,2025-11-05T15:31:00,Netherlands,Documentary,TV,Basic,45,7.9,17.6,5
WATCH-004721,2025-12-05T14:52:00,Sweden,Animation,Phone,Standard,45,10.0,22.2,5
WATCH-004722,2025-02-04T14:24:00,Sweden,Documentary,Phone,Basic,60,51.0,85.0,3
WATCH-004723,2025-07-18T07:57:00,Italy,Drama,Tablet,Premium,45,7.4,16.4,4
WATCH-004724,2025-06-06T11:24:00,France,Drama,TV,Basic,60,23.8,39.7,4
WATCH-004725,2025-10-14T20:56:00,Italy,Comedy,Laptop,Basic,120,78.9,65.8,2
WATCH-004726,2025-03-30T01:46:00,Netherlands,Animation,Phone,Premium,120,117.1,97.6,2
WATCH-004727,2025-04-17T07:38:00,Germany,Animation,Tablet,Basic,45,41.3,91.8,5
WATCH-004728,2025-03-16T01:29:00,Spain,Drama,Laptop,Premium,90,6.0,6.7,5
WATCH-004729,2025-05-13T16:57:00,Sweden,Thriller,Tablet,Standard,45,14.4,32.0,1
WATCH-004730,2025-02-05T17:09:00,Italy,Drama,Tablet,Standard,45,23.1,51.3,5
WATCH-004731,2025-06-07T07:50:00,Sweden,Thriller,Tablet,Premium,90,77.6,86.2,4
WATCH-004732,2025-11-09T14:57:00,France,Comedy,,Standard,45,17.3,38.4,4
WATCH-004733,2025-08-19T14:39:00,France,Drama,Tablet,Standard,60,51.6,86.0,2
WATCH-004734,2025-06-19T13:18:00,Netherlands,Science fiction,Phone,Basic,45,10.1,22.4,3
WATCH-004735,2025-03-04T13:10:00,France,Science fiction,Tablet,Basic,60,47.9,79.8,3
WATCH-004736,2025-07-02T02:34:00,Spain,Thriller,Laptop,Premium,60,44.9,74.8,1
WATCH-004737,2025-11-09T01:49:00,Netherlands,Drama,Tablet,Basic,90,88.8,,5
WATCH-004738,2025-07-11T21:11:00,France,Science fiction,TV,Premium,45,37.8,84.0,5
WATCH-004739,2025-12-15T08:02:00,Germany,Comedy,Phone,Premium,30,23.2,77.3,5
WATCH-004740,2025-09-15T22:15:00,Germany,Animation,Phone,Basic,30,17.4,58.0,3
WATCH-004741,2025-02-26T04:19:00,Germany,Documentary,Tablet,Standard,45,31.9,70.9,4
WATCH-004742,2025-07-30T03:50:00,France,Drama,Tablet,Standard,30,21.3,71.0,1
WATCH-004743,2025-10-12T09:51:00,Sweden,Documentary,TV,Premium,90,10.8,12.0,1
WATCH-004744,2025-02-10T18:30:00,Spain,Documentary,Tablet,Basic,45,4.8,10.7,2
WATCH-004745,2025-09-26T12:05:00,France,Animation,Laptop,Standard,120,48.4,40.3,4
WATCH-004746,2025-01-18T16:20:00,Netherlands,Animation,TV,Basic,30,8.0,26.7,2
WATCH-004747,2025-03-01T15:24:00,Netherlands,Comedy,Tablet,Premium,60,27.3,45.5,5
WATCH-004748,2025-07-14T14:04:00,Netherlands,Thriller,Phone,Basic,90,76.8,85.3,3
WATCH-004749,2025-04-11T21:52:00,Italy,Drama,TV,Standard,45,10.2,22.7,3
WATCH-004750,2025-02-16T08:28:00,Spain,Drama,Laptop,Premium,45,44.4,98.7,1
WATCH-004751,2025-08-26T05:08:00,Netherlands,Comedy,Tablet,Basic,22,10.9,49.5,1
WATCH-004752,2025-12-07T11:51:00,Spain,Animation,TV,Standard,90,82.5,91.7,4
WATCH-004753,2025-10-11T09:32:00,Sweden,Animation,TV,Basic,90,62.2,69.1,4
WATCH-004754,2025-10-15T14:53:00,Spain,Drama,Tablet,Basic,120,97.9,81.6,4
WATCH-004755,2025-10-19T07:18:00,Italy,Comedy,Tablet,Standard,60,11.8,19.7,1
WATCH-004756,2025-04-03T23:01:00,France,Comedy,Tablet,Basic,90,55.3,61.4,5
WATCH-004757,2025-06-11T12:45:00,France,Drama,Phone,Premium,60,16.0,26.7,2
WATCH-004758,2025-12-08T17:29:00,Spain,Animation,TV,Basic,45,41.7,92.7,1
WATCH-004759,2025-05-17T21:57:00,France,Comedy,Laptop,Standard,45,30.9,68.7,4
WATCH-004760,2025-11-02T22:07:00,Netherlands,Science fiction,Laptop,Standard,30,2.9,9.7,2
WATCH-004761,2025-03-22T01:00:00,Germany,Animation,TV,Basic,60,50.3,83.8,3
WATCH-004762,2025-07-31T07:19:00,Italy,Comedy,TV,Basic,60,57.4,95.7,2
WATCH-004763,2025-02-27T22:40:00,Netherlands,Thriller,Laptop,Premium,60,47.9,79.8,4
WATCH-004764,2025-07-15T21:39:00,Netherlands,Thriller,TV,Basic,45,3.8,8.4,4
WATCH-004765,2025-09-14T12:18:00,Sweden,Documentary,TV,Premium,30,18.3,61.0,2
WATCH-004766,2025-03-27T22:56:00,Germany,Drama,Tablet,Basic,90,32.1,35.7,3
WATCH-004767,2025-07-02T01:56:00,Spain,Thriller,Laptop,Premium,120,101.2,84.3,5
WATCH-004768,2025-11-06T06:31:00,Spain,Documentary,Phone,Basic,45,4.4,9.8,5
WATCH-004769,2025-03-20T12:24:00,Netherlands,Documentary,Phone,Basic,45,21.0,46.7,1
WATCH-004770,2025-04-15T18:31:00,Spain,Animation,TV,Standard,60,4.6,7.7,2
WATCH-004771,2025-04-11T23:14:00,France,Drama,TV,Basic,22,9.2,41.8,3
WATCH-004772,2025-01-10T10:59:00,Germany,Animation,TV,Basic,60,3.0,5.0,1
WATCH-004773,2025-07-16T18:53:00,Sweden,Drama,Tablet,Standard,30,9.3,31.0,2
WATCH-004774,2025-03-25T23:37:00,France,Drama,TV,Premium,90,42.2,,5
WATCH-004775,2025-11-06T00:03:00,Sweden,Science fiction,Phone,Basic,120,12.2,10.2,5
WATCH-004776,2025-07-15T04:23:00,Italy,Thriller,TV,Standard,30,3.1,10.3,3
WATCH-004777,2025-06-20T18:10:00,Germany,Documentary,TV,Basic,45,19.5,43.3,3
WATCH-004778,2025-04-17T03:51:00,Netherlands,Science fiction,TV,Standard,30,16.5,55.0,5
WATCH-004779,2025-11-01T21:06:00,Spain,Animation,TV,Standard,120,106.5,88.8,2
WATCH-004780,2025-11-30T12:31:00,Italy,Animation,Laptop,Standard,45,43.5,96.7,2
WATCH-004781,2025-04-23T09:14:00,Sweden,Thriller,Tablet,Premium,60,52.8,88.0,3
WATCH-004782,2025-06-12T06:31:00,Sweden,Science fiction,Phone,Standard,60,9.8,16.3,2
WATCH-004783,2025-10-02T05:15:00,Spain,Thriller,Tablet,Standard,90,68.7,76.3,3
WATCH-004784,2025-06-16T05:57:00,Germany,Comedy,TV,Premium,22,9.3,42.3,2
WATCH-004785,2025-04-20T08:24:00,Sweden,Science fiction,Phone,Standard,45,12.9,28.7,4
WATCH-004786,2025-12-10T04:03:00,France,Thriller,Tablet,Basic,22,7.4,33.6,3
WATCH-004787,2025-05-02T13:27:00,Sweden,Drama,Tablet,Standard,90,10.2,11.3,2
WATCH-004788,2025-02-04T21:21:00,Italy,Comedy,Tablet,Premium,22,1.5,6.8,2
WATCH-004789,2025-06-28T17:03:00,Germany,Documentary,Tablet,Premium,45,4.1,9.1,2
WATCH-004790,2025-04-17T11:41:00,Sweden,Documentary,Tablet,Standard,30,20.4,68.0,2
WATCH-004791,2025-11-24T02:29:00,Germany,Thriller,Laptop,Premium,60,38.5,64.2,4
WATCH-004792,2025-02-26T12:17:00,Netherlands,Documentary,Tablet,Basic,45,29.7,66.0,2
WATCH-004793,2025-09-30T15:46:00,France,Documentary,TV,Standard,120,29.4,24.5,3
WATCH-004794,2025-04-14T19:07:00,Italy,Animation,Phone,Basic,22,4.9,22.3,1
WATCH-004795,2025-06-03T23:28:00,Netherlands,Comedy,Tablet,Standard,90,69.7,77.4,3
WATCH-004796,2025-12-23T08:57:00,Netherlands,Drama,Phone,Premium,90,34.0,37.8,2
WATCH-004797,2025-12-05T18:49:00,Spain,Documentary,Laptop,Premium,90,14.5,16.1,4
WATCH-004798,2025-02-24T17:08:00,Sweden,Science fiction,TV,Premium,45,5.0,11.1,3
WATCH-004799,2025-05-23T00:47:00,Spain,Drama,Phone,Standard,30,21.6,72.0,1
WATCH-004800,2025-11-27T22:43:00,Germany,Thriller,Tablet,Premium,45,14.8,32.9,5
WATCH-004801,2025-08-02T05:33:00,Germany,Animation,Tablet,Basic,45,35.7,79.3,1
WATCH-004802,2025-12-06T21:16:00,Sweden,Thriller,TV,Basic,120,46.1,38.4,5
WATCH-004803,2025-12-24T01:41:00,Netherlands,Animation,Tablet,Standard,22,5.7,25.9,3
WATCH-004804,2025-10-02T00:31:00,Netherlands,Drama,TV,Standard,30,5.6,18.7,4
WATCH-004805,2025-06-19T02:52:00,France,Science fiction,Laptop,Premium,45,42.3,94.0,1
WATCH-004806,2025-10-20T12:30:00,Spain,Documentary,Tablet,Basic,120,78.7,65.6,1
WATCH-004807,2025-08-01T21:51:00,Spain,Drama,Laptop,Standard,90,18.0,20.0,3
WATCH-004808,2025-09-09T18:55:00,Italy,Animation,TV,Standard,22,3.7,16.8,4
WATCH-004809,2025-06-11T13:40:00,Sweden,Documentary,Laptop,Standard,30,17.8,59.3,4
WATCH-004810,2025-08-18T12:19:00,Sweden,Drama,Laptop,Standard,45,40.0,88.9,3
WATCH-004811,2025-12-16T17:06:00,Sweden,Thriller,Phone,Premium,120,84.9,,2
WATCH-004812,2025-03-07T06:52:00,Netherlands,Comedy,Laptop,Premium,60,20.2,33.7,2
WATCH-004813,2025-04-01T00:42:00,France,Thriller,TV,Standard,90,15.3,17.0,5
WATCH-004814,2025-01-21T17:18:00,Germany,Drama,TV,Basic,120,49.6,41.3,2
WATCH-004815,2025-05-05T00:23:00,Spain,Drama,,Premium,120,88.9,74.1,5
WATCH-004816,2025-03-03T19:58:00,France,Drama,Laptop,Premium,120,114.4,95.3,4
WATCH-004817,2025-08-12T16:53:00,Italy,Science fiction,Phone,Standard,60,3.6,6.0,5
WATCH-004818,2025-03-30T08:54:00,Spain,Drama,Laptop,Basic,60,3.4,5.7,4
WATCH-004819,2025-12-27T18:47:00,France,Drama,Laptop,Standard,30,12.5,41.7,3
WATCH-004820,2025-06-23T01:29:00,Sweden,Science fiction,Phone,Premium,90,29.8,33.1,3
WATCH-004821,2025-08-11T10:27:00,Netherlands,Animation,Tablet,Basic,30,4.9,16.3,4
WATCH-004822,2025-08-26T04:13:00,Spain,Documentary,Laptop,Basic,120,115.0,95.8,5
WATCH-004823,2025-11-20T23:04:00,France,Drama,TV,Premium,45,23.8,52.9,5
WATCH-004824,2025-06-01T11:26:00,France,Comedy,Laptop,Basic,30,29.3,97.7,5
WATCH-004825,2025-01-08T08:55:00,Netherlands,Comedy,Laptop,Basic,90,86.1,95.7,2
WATCH-004826,2025-04-05T04:06:00,France,Drama,TV,Standard,45,5.0,11.1,1
WATCH-004827,2025-03-13T03:04:00,Sweden,Science fiction,Phone,Basic,22,12.2,55.5,3
WATCH-004828,2025-11-04T09:00:00,France,Thriller,Laptop,Basic,22,11.7,53.2,1
WATCH-004829,2025-05-03T23:13:00,Italy,Animation,Tablet,Standard,90,62.3,69.2,4
WATCH-004830,2025-07-04T08:36:00,Netherlands,Science fiction,Phone,Basic,22,16.4,74.5,2
WATCH-004831,2025-10-29T08:03:00,Italy,Comedy,Laptop,Premium,90,81.1,90.1,2
WATCH-004832,2025-06-27T18:33:00,Netherlands,Thriller,TV,Standard,30,11.2,37.3,1
WATCH-004833,2025-02-11T12:57:00,Italy,Comedy,Tablet,Standard,30,29.7,99.0,5
WATCH-004834,2025-04-30T15:43:00,Italy,Drama,Tablet,Basic,60,34.2,57.0,4
WATCH-004835,2025-05-29T02:11:00,Italy,Animation,TV,Standard,60,43.5,72.5,5
WATCH-004836,2025-03-31T06:29:00,France,Animation,Laptop,Basic,22,3.9,17.7,1
WATCH-004837,2025-06-19T18:13:00,Germany,Thriller,TV,Premium,30,24.1,80.3,4
WATCH-004838,2025-04-14T08:15:00,Italy,Documentary,Tablet,Basic,22,5.5,25.0,5
WATCH-004839,2025-12-28T12:44:00,Italy,Documentary,TV,Premium,60,9.1,15.2,1
WATCH-004840,2025-03-01T08:08:00,France,Science fiction,Tablet,Premium,22,16.6,75.5,3
WATCH-004841,2025-07-06T19:00:00,Italy,Thriller,Laptop,Basic,60,34.4,57.3,4
WATCH-004842,2025-02-25T21:09:00,Spain,Science fiction,Tablet,Standard,45,39.1,86.9,4
WATCH-004843,2025-02-11T04:23:00,Germany,Documentary,Tablet,Premium,22,20.6,93.6,2
WATCH-004844,2025-04-15T05:26:00,Germany,Comedy,TV,Premium,22,3.2,14.5,3
WATCH-004845,2025-11-11T07:04:00,France,Animation,Tablet,Premium,30,27.5,91.7,3
WATCH-004846,2025-09-15T03:24:00,Germany,Comedy,Tablet,Premium,30,9.6,32.0,4
WATCH-004847,2025-10-02T17:37:00,Netherlands,Science fiction,Tablet,Standard,45,15.1,33.6,5
WATCH-004848,2025-04-20T10:54:00,Germany,Comedy,Phone,Basic,90,27.5,,5
WATCH-004849,2025-11-28T15:53:00,Netherlands,Animation,Laptop,Premium,45,44.8,99.6,5
WATCH-004850,2025-11-14T01:56:00,Italy,Documentary,Tablet,Premium,30,4.3,14.3,5
WATCH-004851,2025-01-26T23:04:00,France,Drama,TV,Standard,45,27.4,60.9,5
WATCH-004852,2025-08-26T02:24:00,Spain,Science fiction,TV,Premium,120,82.9,69.1,1
WATCH-004853,2025-10-17T10:53:00,Spain,Thriller,Phone,Basic,22,21.8,99.1,1
WATCH-004854,2025-11-17T19:30:00,Netherlands,Documentary,Phone,Premium,30,3.2,10.7,4
WATCH-004855,2025-07-13T20:20:00,Netherlands,Comedy,Tablet,Standard,90,43.6,48.4,5
WATCH-004856,2025-08-12T17:01:00,Italy,Documentary,Tablet,Standard,120,58.4,48.7,2
WATCH-004857,2025-04-22T12:54:00,Netherlands,Comedy,TV,Premium,22,18.1,82.3,3
WATCH-004858,2025-11-11T02:18:00,France,Drama,TV,Premium,22,4.5,20.5,3
WATCH-004859,2025-11-29T11:20:00,Germany,Drama,Phone,Basic,60,8.5,14.2,3
WATCH-004860,2025-06-05T17:48:00,Italy,Documentary,Laptop,Premium,90,55.7,61.9,5
WATCH-004861,2025-03-17T20:29:00,Spain,Science fiction,Phone,Basic,90,10.0,11.1,1
WATCH-004862,2025-12-25T03:33:00,Spain,Thriller,Laptop,Standard,22,1.7,7.7,5
WATCH-004863,2025-04-02T01:36:00,Germany,Documentary,TV,Premium,90,47.9,53.2,5
WATCH-004864,2025-04-21T17:42:00,Netherlands,Documentary,Laptop,Basic,30,10.7,35.7,1
WATCH-004865,2025-06-06T15:31:00,Spain,Comedy,Tablet,Basic,60,54.8,91.3,1
WATCH-004866,2025-10-25T15:53:00,Spain,Animation,Phone,Standard,30,27.0,90.0,2
WATCH-004867,2025-04-23T18:14:00,Sweden,Science fiction,Laptop,Premium,30,29.0,96.7,3
WATCH-004868,2025-04-19T09:25:00,Spain,Science fiction,Phone,Standard,120,81.0,67.5,2
WATCH-004869,2025-01-06T13:33:00,Netherlands,Documentary,Phone,Premium,30,10.1,33.7,5
WATCH-004870,2025-01-16T19:18:00,Spain,Drama,Tablet,Premium,22,15.5,70.5,4
WATCH-004871,2025-04-24T20:20:00,Netherlands,Comedy,Laptop,Basic,22,19.3,87.7,5
WATCH-004872,2025-11-08T01:00:00,Spain,Drama,TV,Basic,45,4.3,9.6,3
WATCH-004873,2025-06-14T16:29:00,Spain,Thriller,Phone,Basic,60,19.6,32.7,1
WATCH-004874,2025-04-25T11:30:00,Sweden,Documentary,Phone,Basic,22,2.0,9.1,3
WATCH-004875,2025-07-16T19:55:00,France,Thriller,Tablet,Standard,60,53.1,88.5,2
WATCH-004876,2025-01-20T20:39:00,Sweden,Thriller,Laptop,Premium,120,93.2,77.7,4
WATCH-004877,2025-09-27T13:49:00,Sweden,Documentary,Laptop,Standard,30,27.6,92.0,3
WATCH-004878,2025-10-11T07:42:00,Italy,Science fiction,Laptop,Standard,22,7.5,34.1,4
WATCH-004879,2025-10-07T08:49:00,Germany,Drama,Tablet,Standard,60,47.5,79.2,1
WATCH-004880,2025-04-14T08:33:00,Germany,Animation,Tablet,Premium,90,36.7,40.8,1
WATCH-004881,2025-05-29T07:19:00,Netherlands,Science fiction,Phone,Premium,60,14.6,24.3,4
WATCH-004882,2025-02-18T21:50:00,Spain,Comedy,Phone,Premium,22,21.8,99.1,3
WATCH-004883,2025-01-28T02:33:00,Germany,Documentary,Tablet,Standard,45,29.5,65.6,1
WATCH-004884,2025-03-30T19:48:00,Italy,Drama,Phone,Basic,30,12.5,41.7,2
WATCH-004885,2025-06-10T00:10:00,Germany,Documentary,TV,Standard,90,34.2,,2
WATCH-004886,2025-05-17T07:21:00,Spain,Drama,TV,Premium,120,19.9,16.6,4
WATCH-004887,2025-01-29T22:11:00,Spain,Animation,Laptop,Standard,120,46.7,38.9,2
WATCH-004888,2025-01-22T18:03:00,Spain,Documentary,Laptop,Premium,45,26.9,59.8,2
WATCH-004889,2025-09-19T07:52:00,Germany,Documentary,Laptop,Standard,30,23.9,79.7,5
WATCH-004890,2025-11-22T21:20:00,Netherlands,Thriller,Phone,Premium,60,34.5,57.5,5
WATCH-004891,2025-10-09T21:56:00,France,Animation,Phone,Basic,90,18.9,21.0,5
WATCH-004892,2025-11-04T09:19:00,France,Comedy,Tablet,Premium,60,28.4,47.3,5
WATCH-004893,2025-04-19T21:59:00,Netherlands,Animation,Phone,Standard,45,36.0,80.0,3
WATCH-004894,2025-12-28T01:34:00,Netherlands,Drama,TV,Basic,90,45.1,50.1,5
WATCH-004895,2025-04-06T17:17:00,France,Drama,Phone,Standard,45,28.0,62.2,5
WATCH-004896,2025-01-04T22:40:00,Sweden,Animation,Phone,Premium,22,19.0,86.4,4
WATCH-004897,2025-10-26T21:04:00,Sweden,Comedy,TV,Basic,30,21.7,72.3,1
WATCH-004898,2025-02-11T11:01:00,Germany,Drama,,Standard,120,64.8,54.0,3
WATCH-004899,2025-04-28T16:27:00,Italy,Comedy,Tablet,Premium,30,6.4,21.3,5
WATCH-004900,2025-10-30T19:06:00,Germany,Drama,Tablet,Basic,30,28.5,95.0,4
WATCH-004901,2025-08-01T12:58:00,Spain,Documentary,Phone,Premium,120,9.3,7.8,2
WATCH-004902,2025-09-14T15:10:00,Spain,Science fiction,Tablet,Premium,90,58.4,64.9,4
WATCH-004903,2025-07-17T02:46:00,France,Science fiction,TV,Standard,120,81.9,68.2,4
WATCH-004904,2025-10-05T15:49:00,France,Documentary,Phone,Premium,120,116.1,96.7,3
WATCH-004905,2025-03-10T22:06:00,France,Animation,TV,Basic,22,7.8,35.5,2
WATCH-004906,2025-07-03T12:51:00,Sweden,Documentary,Tablet,Basic,30,3.7,12.3,2
WATCH-004907,2025-10-14T16:33:00,Spain,Drama,TV,Standard,30,8.8,29.3,5
WATCH-004908,2025-02-09T10:55:00,Italy,Documentary,Tablet,Basic,30,9.1,30.3,1
WATCH-004909,2025-09-13T06:08:00,Italy,Animation,Phone,Premium,120,6.4,5.3,1
WATCH-004910,2025-06-15T04:07:00,Netherlands,Drama,Laptop,Basic,90,54.3,60.3,1
WATCH-004911,2025-11-28T08:17:00,France,Animation,Phone,Standard,22,12.0,54.5,3
WATCH-004912,2025-10-27T12:37:00,Spain,Comedy,Phone,Premium,120,44.9,37.4,3
WATCH-004913,2025-09-30T21:04:00,Germany,Science fiction,TV,Basic,120,19.4,16.2,5
WATCH-004914,2025-01-11T07:13:00,Spain,Thriller,TV,Premium,22,16.0,72.7,3
WATCH-004915,2025-04-27T04:28:00,Germany,Comedy,Tablet,Premium,60,43.5,72.5,1
WATCH-004916,2025-05-31T01:21:00,France,Animation,Laptop,Standard,60,45.7,76.2,2
WATCH-004917,2025-09-08T13:48:00,France,Documentary,TV,Standard,22,13.2,60.0,2
WATCH-004918,2025-08-07T14:36:00,Sweden,Animation,Tablet,Premium,120,114.2,95.2,4
WATCH-004919,2025-12-12T05:34:00,Spain,Drama,TV,Basic,22,13.8,62.7,4
WATCH-004920,2025-02-14T11:12:00,Germany,Science fiction,Phone,Standard,45,5.6,12.4,5
WATCH-004921,2025-07-26T06:26:00,Netherlands,Drama,TV,Basic,90,50.4,56.0,2
WATCH-004922,2025-10-24T02:59:00,Italy,Thriller,Tablet,Basic,60,32.0,,4
WATCH-004923,2025-04-18T00:04:00,Sweden,Documentary,Tablet,Basic,22,2.3,10.5,2
WATCH-004924,2025-05-15T15:54:00,France,Comedy,Laptop,Basic,30,16.9,56.3,5
WATCH-004925,2025-05-31T05:19:00,Netherlands,Animation,TV,Premium,22,1.5,6.8,5
WATCH-004926,2025-06-28T03:27:00,Spain,Drama,Phone,Standard,22,17.4,79.1,5
WATCH-004927,2025-03-10T04:58:00,Sweden,Comedy,Tablet,Basic,60,20.8,34.7,4
WATCH-004928,2025-09-20T05:25:00,Netherlands,Animation,TV,Basic,45,31.9,70.9,3
WATCH-004929,2025-06-30T19:26:00,Germany,Science fiction,TV,Standard,22,18.0,81.8,3
WATCH-004930,2025-02-04T14:36:00,Spain,Animation,Laptop,Standard,60,19.2,32.0,1
WATCH-004931,2025-09-07T10:42:00,Italy,Comedy,Phone,Premium,45,5.4,12.0,3
WATCH-004932,2025-12-06T11:33:00,Italy,Comedy,Laptop,Premium,22,12.2,55.5,2
WATCH-004933,2025-04-04T10:15:00,Italy,Comedy,TV,Premium,60,7.8,13.0,5
WATCH-004934,2025-06-18T15:13:00,Sweden,Thriller,Phone,Premium,60,54.9,91.5,2
WATCH-004935,2025-06-29T02:05:00,France,Drama,Laptop,Premium,90,61.4,68.2,5
WATCH-004936,2025-03-19T09:52:00,Sweden,Science fiction,Phone,Standard,30,4.4,14.7,1
WATCH-004937,2025-03-19T20:33:00,Italy,Comedy,Phone,Standard,30,24.8,82.7,5
WATCH-004938,2025-09-09T13:53:00,Spain,Drama,Phone,Standard,90,64.4,71.6,3
WATCH-004939,2025-11-04T00:59:00,Sweden,Comedy,Phone,Premium,90,60.0,66.7,4
WATCH-004940,2025-05-31T23:08:00,France,Animation,Tablet,Premium,120,118.2,98.5,4
WATCH-004941,2025-06-13T11:44:00,France,Comedy,Tablet,Standard,90,31.3,34.8,2
WATCH-004942,2025-04-16T06:16:00,Sweden,Science fiction,Phone,Premium,60,29.4,49.0,3
WATCH-004943,2025-09-23T13:34:00,Spain,Drama,Laptop,Premium,60,50.9,84.8,5
WATCH-004944,2025-07-24T15:38:00,Italy,Documentary,Phone,Basic,90,26.0,28.9,4
WATCH-004945,2025-05-04T04:45:00,Sweden,Thriller,Phone,Standard,22,13.9,63.2,5
WATCH-004946,2025-01-12T13:59:00,Spain,Documentary,Phone,Basic,45,7.0,15.6,1
WATCH-004947,2025-12-30T01:55:00,Italy,Drama,TV,Standard,22,19.8,90.0,2
WATCH-004948,2025-10-03T19:41:00,Italy,Animation,TV,Standard,90,27.7,30.8,1
WATCH-004949,2025-10-11T12:25:00,Germany,Animation,TV,Standard,22,18.2,82.7,4
WATCH-004950,2025-05-21T04:06:00,Spain,Science fiction,Tablet,Standard,120,60.9,50.7,1
WATCH-004951,2025-01-26T14:06:00,Germany,Thriller,Phone,Basic,90,18.9,21.0,5
WATCH-004952,2025-11-17T18:50:00,Italy,Comedy,Phone,Premium,60,11.2,18.7,4
WATCH-004953,2025-06-09T04:09:00,Netherlands,Documentary,Laptop,Standard,30,22.0,73.3,5
WATCH-004954,2025-01-06T07:44:00,Germany,Comedy,TV,Premium,120,106.9,89.1,4
WATCH-004955,2025-06-27T02:07:00,Germany,Science fiction,Phone,Standard,60,23.6,39.3,1
WATCH-004956,2025-03-07T18:55:00,France,Animation,Phone,Standard,30,17.5,58.3,1
WATCH-004957,2025-12-06T18:32:00,Sweden,Animation,TV,Standard,120,102.7,85.6,4
WATCH-004958,2025-05-09T00:20:00,Netherlands,Science fiction,Phone,Basic,120,47.1,39.2,1
WATCH-004959,2025-10-24T20:32:00,Sweden,Science fiction,Phone,Standard,90,89.1,,4
WATCH-004960,2025-07-21T02:49:00,France,Drama,Phone,Basic,60,48.4,80.7,4
WATCH-004961,2025-11-15T10:53:00,Netherlands,Animation,TV,Standard,60,52.0,86.7,2
WATCH-004962,2025-11-29T10:27:00,Netherlands,Animation,TV,Premium,90,82.1,91.2,3
WATCH-004963,2025-07-02T07:21:00,Germany,Thriller,TV,Standard,60,9.2,15.3,4
WATCH-004964,2025-08-18T19:24:00,Netherlands,Animation,TV,Basic,60,24.3,40.5,5
WATCH-004965,2025-09-15T08:39:00,Italy,Animation,Tablet,Premium,90,63.7,70.8,2
WATCH-004966,2025-02-11T00:04:00,Netherlands,Science fiction,Laptop,Standard,90,62.2,69.1,5
WATCH-004967,2025-10-27T05:17:00,Sweden,Animation,Tablet,Premium,45,40.2,89.3,5
WATCH-004968,2025-11-19T00:08:00,Germany,Science fiction,Tablet,Standard,60,21.0,35.0,2
WATCH-004969,2025-12-22T01:26:00,Spain,Comedy,Tablet,Basic,22,13.9,63.2,5
WATCH-004970,2025-03-14T23:12:00,Italy,Science fiction,Laptop,Basic,90,57.3,63.7,4
WATCH-004971,2025-10-28T18:58:00,Spain,Documentary,TV,Basic,45,40.6,90.2,5
WATCH-004972,2025-07-30T20:06:00,Netherlands,Science fiction,TV,Premium,90,5.2,5.8,2
WATCH-004973,2025-12-25T06:08:00,Netherlands,Comedy,Tablet,Standard,30,4.3,14.3,1
WATCH-004974,2025-09-17T21:55:00,Spain,Science fiction,Laptop,Standard,30,4.6,15.3,2
WATCH-004975,2025-12-24T01:01:00,Netherlands,Comedy,Laptop,Standard,22,14.1,64.1,1
WATCH-004976,2025-01-30T07:12:00,Germany,Science fiction,TV,Premium,60,49.7,82.8,4
WATCH-004977,2025-12-29T14:03:00,Spain,Thriller,Phone,Basic,90,72.1,80.1,4
WATCH-004978,2025-06-29T01:45:00,Spain,Documentary,TV,Basic,30,10.5,35.0,5
WATCH-004979,2025-11-29T10:40:00,Germany,Animation,Phone,Standard,120,64.6,53.8,3
WATCH-004980,2025-08-03T19:01:00,Sweden,Documentary,Laptop,Basic,90,48.8,54.2,5
WATCH-004981,2025-10-11T08:24:00,France,Drama,,Basic,30,19.8,66.0,1
WATCH-004982,2025-03-23T16:07:00,Netherlands,Science fiction,Tablet,Premium,45,23.7,52.7,3
WATCH-004983,2025-10-06T20:04:00,Sweden,Documentary,Laptop,Premium,120,110.5,92.1,4
WATCH-004984,2025-07-08T10:11:00,Spain,Thriller,Laptop,Premium,120,26.9,22.4,5
WATCH-004985,2025-05-03T10:44:00,Netherlands,Animation,Phone,Premium,120,11.5,9.6,1
WATCH-004986,2025-01-20T03:11:00,Germany,Thriller,Tablet,Premium,30,22.8,76.0,4
WATCH-004987,2025-01-24T22:00:00,Germany,Animation,TV,Basic,30,28.1,93.7,1
WATCH-004988,2025-08-26T23:29:00,Italy,Thriller,Tablet,Premium,30,11.8,39.3,4
WATCH-004989,2025-09-03T22:20:00,France,Drama,Tablet,Basic,60,11.8,19.7,1
WATCH-004990,2025-07-05T20:22:00,Sweden,Animation,Phone,Premium,60,35.6,59.3,3
WATCH-004991,2025-06-11T23:51:00,France,Drama,Phone,Basic,22,16.5,75.0,1
WATCH-004992,2025-01-20T20:48:00,Italy,Drama,Phone,Premium,90,37.3,41.4,3
WATCH-004993,2025-10-15T14:36:00,France,Science fiction,TV,Premium,60,50.5,84.2,4
WATCH-004994,2025-09-06T10:48:00,Spain,Science fiction,Laptop,Premium,90,44.2,49.1,3
WATCH-004995,2025-03-24T12:08:00,France,Comedy,Tablet,Basic,30,13.1,43.7,5
WATCH-004996,2025-06-01T17:42:00,Netherlands,Thriller,Laptop,Standard,90,29.7,,1
WATCH-004997,2025-12-24T17:11:00,Spain,Documentary,Tablet,Premium,45,17.9,39.8,3
WATCH-004998,2025-11-24T10:17:00,Sweden,Science fiction,TV,Standard,22,11.2,50.9,4
WATCH-004999,2025-06-06T13:29:00,Sweden,Animation,Phone,Basic,90,83.6,92.9,2
WATCH-005000,2025-05-25T17:07:00,France,Animation,Phone,Premium,30,14.1,47.0,4
WATCH-005001,2025-12-17T08:54:00,Spain,Science fiction,Phone,Premium,45,36.5,81.1,3
WATCH-005002,2025-01-01T21:19:00,Netherlands,Animation,TV,Premium,60,33.4,55.7,2
WATCH-005003,2025-06-09T19:16:00,Sweden,Animation,Laptop,Basic,30,28.7,95.7,2
WATCH-005004,2025-03-11T15:03:00,France,Comedy,Tablet,Basic,60,7.3,12.2,2
WATCH-005005,2025-11-10T23:40:00,France,Comedy,Tablet,Premium,30,14.0,46.7,1
WATCH-005006,2025-03-08T11:58:00,France,Documentary,Tablet,Basic,60,53.4,89.0,3
WATCH-005007,2025-12-26T11:01:00,Netherlands,Animation,Tablet,Basic,30,14.3,47.7,2
WATCH-005008,2025-04-01T04:15:00,France,Comedy,TV,Standard,60,47.3,78.8,2
WATCH-005009,2025-08-27T10:12:00,Netherlands,Comedy,Tablet,Premium,60,40.8,68.0,5
WATCH-005010,2025-03-30T17:53:00,Italy,Thriller,Tablet,Standard,120,10.3,8.6,5
WATCH-005011,2025-04-19T12:12:00,Italy,Documentary,TV,Premium,30,26.9,89.7,4
WATCH-005012,2025-03-08T00:41:00,France,Science fiction,Tablet,Premium,45,39.3,87.3,2
WATCH-005013,2025-08-24T16:33:00,France,Thriller,Phone,Standard,22,19.5,88.6,1
WATCH-005014,2025-12-23T09:31:00,Italy,Animation,Laptop,Basic,60,9.2,15.3,5
WATCH-005015,2025-10-10T20:03:00,Spain,Animation,Tablet,Premium,30,6.0,20.0,4
WATCH-005016,2025-10-15T04:15:00,Netherlands,Thriller,Phone,Standard,120,85.1,70.9,5
WATCH-005017,2025-12-24T16:08:00,Spain,Drama,Laptop,Standard,22,2.2,10.0,5
WATCH-005018,2025-05-30T21:06:00,Italy,Animation,Laptop,Standard,120,53.9,44.9,4
WATCH-005019,2025-08-02T12:33:00,Italy,Drama,Tablet,Basic,30,12.6,42.0,2
WATCH-005020,2025-03-29T11:00:00,Germany,Comedy,TV,Premium,30,29.5,98.3,4
WATCH-005021,2025-11-06T17:19:00,Italy,Science fiction,Tablet,Premium,22,10.2,46.4,5
WATCH-005022,2025-01-07T17:11:00,Spain,Thriller,Tablet,Standard,120,38.0,31.7,1
WATCH-005023,2025-05-17T09:49:00,Germany,Animation,TV,Standard,30,2.2,7.3,1
WATCH-005024,2025-02-21T08:59:00,Sweden,Animation,Laptop,Standard,90,19.6,21.8,4
WATCH-005025,2025-04-16T05:40:00,Spain,Science fiction,Laptop,Premium,22,1.9,8.6,4
WATCH-005026,2025-08-05T12:51:00,Sweden,Documentary,Laptop,Basic,120,38.0,31.7,2
WATCH-005027,2025-05-03T17:49:00,Germany,Thriller,Phone,Premium,22,1.6,7.3,5
WATCH-005028,2025-06-27T14:27:00,France,Comedy,Phone,Standard,22,12.0,54.5,3
WATCH-005029,2025-06-07T01:09:00,Netherlands,Comedy,Tablet,Standard,60,54.5,90.8,2
WATCH-005030,2025-09-14T19:04:00,Spain,Animation,Laptop,Standard,90,22.4,24.9,3
WATCH-005031,2025-04-21T21:22:00,France,Science fiction,Tablet,Premium,90,33.7,37.4,1
WATCH-005032,2025-04-26T18:21:00,Germany,Drama,Tablet,Premium,22,6.1,27.7,2
WATCH-005033,2025-09-13T23:39:00,Sweden,Animation,Laptop,Standard,22,5.6,,3
WATCH-005034,2025-07-02T02:30:00,Germany,Documentary,TV,Premium,30,23.7,79.0,1
WATCH-005035,2025-08-15T07:56:00,France,Comedy,Laptop,Standard,60,35.9,59.8,5
WATCH-005036,2025-01-28T05:02:00,France,Thriller,Laptop,Premium,22,11.1,50.5,3
WATCH-005037,2025-07-25T11:25:00,France,Comedy,Laptop,Premium,30,2.0,6.7,3
WATCH-005038,2025-09-01T06:16:00,Italy,Comedy,Laptop,Standard,90,77.7,86.3,5
WATCH-005039,2025-07-31T08:34:00,Italy,Drama,Phone,Basic,120,114.0,95.0,5
WATCH-005040,2025-03-11T14:06:00,Spain,Science fiction,Laptop,Basic,90,13.1,14.6,4
WATCH-005041,2025-01-11T02:09:00,Italy,Science fiction,TV,Basic,22,14.1,64.1,1
WATCH-005042,2025-12-22T17:36:00,Sweden,Drama,Laptop,Basic,120,101.4,84.5,5
WATCH-005043,2025-05-22T01:52:00,Germany,Documentary,Laptop,Basic,30,20.7,69.0,1
WATCH-005044,2025-06-18T10:22:00,Germany,Comedy,TV,Basic,90,12.7,14.1,3
WATCH-005045,2025-08-10T05:50:00,Italy,Animation,Laptop,Basic,30,26.4,88.0,3
WATCH-005046,2025-03-13T22:53:00,Spain,Science fiction,Laptop,Premium,30,27.3,91.0,1
WATCH-005047,2025-04-03T04:49:00,Germany,Drama,TV,Premium,30,25.3,84.3,1
WATCH-005048,2025-07-01T05:15:00,France,Science fiction,Laptop,Basic,90,15.7,17.4,1
WATCH-005049,2025-11-24T17:41:00,Spain,Documentary,Laptop,Premium,60,53.0,88.3,3
WATCH-005050,2025-03-16T06:35:00,Italy,Science fiction,TV,Basic,22,7.4,33.6,3
WATCH-005051,2025-03-06T23:06:00,Netherlands,Thriller,Phone,Basic,90,46.8,52.0,5
WATCH-005052,2025-04-26T13:51:00,Sweden,Science fiction,TV,Standard,22,6.4,29.1,5
WATCH-005053,2025-05-06T06:49:00,Netherlands,Science fiction,Phone,Standard,120,6.5,5.4,4
WATCH-005054,2025-04-12T10:42:00,Sweden,Comedy,Laptop,Basic,22,12.4,56.4,4
WATCH-005055,2025-04-21T23:21:00,France,Animation,Phone,Standard,30,26.0,86.7,5
WATCH-005056,2025-09-23T12:53:00,Sweden,Documentary,Phone,Basic,45,26.7,59.3,1
WATCH-005057,2025-06-03T00:45:00,Italy,Drama,TV,Standard,30,17.4,58.0,1
WATCH-005058,2025-12-25T03:33:00,France,Thriller,TV,Basic,45,26.8,59.6,5
WATCH-005059,2025-04-07T00:18:00,Sweden,Drama,Laptop,Premium,90,45.5,50.6,5
WATCH-005060,2025-03-09T20:28:00,Netherlands,Science fiction,Phone,Basic,30,25.9,86.3,2
WATCH-005061,2025-03-11T15:22:00,Italy,Science fiction,Tablet,Premium,30,13.7,45.7,1
WATCH-005062,2025-05-16T08:26:00,Germany,Documentary,Phone,Standard,22,16.0,72.7,2
WATCH-005063,2025-09-14T17:27:00,Germany,Thriller,Tablet,Standard,60,33.2,55.3,2
WATCH-005064,2025-06-20T06:12:00,Germany,Science fiction,,Basic,120,44.5,37.1,3
WATCH-005065,2025-03-01T18:02:00,France,Drama,Tablet,Standard,90,60.4,67.1,2
WATCH-005066,2025-07-15T23:18:00,Netherlands,Animation,TV,Premium,90,55.6,61.8,2
WATCH-005067,2025-06-26T06:39:00,Spain,Documentary,Phone,Basic,90,67.6,75.1,4
WATCH-005068,2025-11-30T02:15:00,Spain,Thriller,TV,Premium,60,43.6,72.7,5
WATCH-005069,2025-01-19T18:30:00,Netherlands,Drama,TV,Standard,45,30.3,67.3,2
WATCH-005070,2025-06-28T06:17:00,Italy,Documentary,Laptop,Standard,45,24.5,,5
WATCH-005071,2025-01-12T18:33:00,Netherlands,Documentary,Phone,Standard,22,13.9,63.2,1
WATCH-005072,2025-02-04T06:52:00,Spain,Thriller,Tablet,Premium,90,83.8,93.1,2
WATCH-005073,2025-01-18T16:55:00,Sweden,Science fiction,Phone,Basic,120,89.5,74.6,5
WATCH-005074,2025-12-10T16:39:00,Spain,Thriller,Phone,Standard,90,87.0,96.7,4
WATCH-005075,2025-10-01T14:27:00,Germany,Comedy,TV,Basic,60,27.6,46.0,2
WATCH-005076,2025-12-10T15:41:00,France,Comedy,Laptop,Standard,60,8.4,14.0,5
WATCH-005077,2025-08-02T23:57:00,Sweden,Science fiction,Laptop,Basic,120,103.8,86.5,5
WATCH-005078,2025-09-24T15:29:00,Germany,Comedy,TV,Premium,45,3.7,8.2,5
WATCH-005079,2025-12-20T01:06:00,Sweden,Documentary,Laptop,Premium,45,16.0,35.6,5
WATCH-005080,2025-03-10T09:43:00,Sweden,Thriller,TV,Standard,30,9.2,30.7,4
WATCH-005081,2025-05-23T21:08:00,Germany,Documentary,Phone,Premium,45,25.9,57.6,2
WATCH-005082,2025-08-31T00:40:00,Netherlands,Thriller,TV,Premium,30,24.0,80.0,5
WATCH-005083,2025-11-21T17:12:00,Italy,Animation,Phone,Standard,30,6.1,20.3,3
WATCH-005084,2025-03-25T03:50:00,Sweden,Thriller,Phone,Premium,60,13.5,22.5,5
WATCH-005085,2025-08-16T08:47:00,France,Drama,TV,Standard,45,40.8,90.7,4
WATCH-005086,2025-07-28T09:38:00,Netherlands,Drama,Phone,Basic,60,21.2,35.3,4
WATCH-005087,2025-09-23T02:39:00,Netherlands,Documentary,Laptop,Basic,22,20.4,92.7,5
WATCH-005088,2025-06-20T13:09:00,France,Comedy,Laptop,Premium,45,26.0,57.8,3
WATCH-005089,2025-01-24T22:38:00,Netherlands,Documentary,Tablet,Basic,60,35.1,58.5,1
WATCH-005090,2025-01-08T20:44:00,Sweden,Animation,Laptop,Standard,45,29.1,64.7,2
WATCH-005091,2025-05-19T20:24:00,Sweden,Thriller,TV,Premium,60,15.9,26.5,5
WATCH-005092,2025-08-11T15:55:00,Spain,Comedy,Phone,Basic,45,43.3,96.2,3
WATCH-005093,2025-05-16T00:48:00,Spain,Science fiction,Laptop,Standard,60,5.3,8.8,3
WATCH-005094,2025-10-28T20:35:00,Germany,Thriller,Tablet,Standard,90,7.0,7.8,1
WATCH-005095,2025-02-04T22:44:00,Sweden,Thriller,Phone,Standard,90,44.7,49.7,2
WATCH-005096,2025-09-04T13:17:00,Netherlands,Science fiction,Phone,Premium,45,31.4,69.8,1
WATCH-005097,2025-11-20T10:54:00,Netherlands,Animation,Phone,Premium,22,8.4,38.2,3
WATCH-005098,2025-03-19T11:42:00,Netherlands,Drama,Laptop,Basic,30,28.1,93.7,2
WATCH-005099,2025-08-01T19:55:00,Netherlands,Documentary,Laptop,Premium,120,100.9,84.1,3
WATCH-005100,2025-10-18T16:52:00,Spain,Science fiction,Tablet,Basic,45,43.0,95.6,1
WATCH-005101,2025-07-20T02:12:00,France,Animation,Phone,Premium,45,14.8,32.9,5
WATCH-005102,2025-08-11T23:43:00,Germany,Science fiction,TV,Premium,120,84.8,70.7,1
WATCH-005103,2025-12-31T07:11:00,Spain,Thriller,Laptop,Standard,22,10.7,48.6,3
WATCH-005104,2025-10-24T12:12:00,Spain,Drama,Tablet,Standard,45,37.1,82.4,3
WATCH-005105,2025-05-08T20:54:00,Germany,Thriller,TV,Standard,60,50.9,84.8,5
WATCH-005106,2025-10-19T14:27:00,Spain,Animation,Tablet,Standard,45,35.3,78.4,4
WATCH-005107,2025-07-23T11:10:00,Germany,Documentary,Phone,Basic,60,58.0,,4
WATCH-005108,2025-06-24T09:57:00,Germany,Comedy,TV,Basic,45,39.8,88.4,4
WATCH-005109,2025-06-19T02:00:00,Spain,Drama,TV,Standard,120,50.8,42.3,4
WATCH-005110,2025-01-14T22:15:00,Spain,Animation,Tablet,Basic,120,12.3,10.2,3
WATCH-005111,2025-07-08T07:21:00,France,Documentary,TV,Basic,45,31.3,69.6,4
WATCH-005112,2025-05-04T20:04:00,Germany,Comedy,TV,Basic,60,59.5,99.2,3
WATCH-005113,2025-07-26T16:32:00,Germany,Thriller,Laptop,Premium,60,57.8,96.3,4
WATCH-005114,2025-11-15T06:37:00,Spain,Drama,TV,Standard,45,14.7,32.7,4
WATCH-005115,2025-12-29T17:52:00,France,Comedy,Laptop,Premium,30,23.9,79.7,5
WATCH-005116,2025-09-18T04:01:00,Germany,Drama,TV,Premium,60,25.7,42.8,2
WATCH-005117,2025-06-13T21:11:00,Netherlands,Science fiction,Phone,Premium,120,42.7,35.6,1
WATCH-005118,2025-08-07T22:44:00,Germany,Documentary,TV,Standard,90,22.4,24.9,4
WATCH-005119,2025-02-15T16:48:00,Netherlands,Comedy,Phone,Premium,60,47.0,78.3,1
WATCH-005120,2025-08-30T01:58:00,Sweden,Documentary,TV,Basic,90,6.9,7.7,1
WATCH-005121,2025-03-15T02:55:00,Netherlands,Science fiction,Tablet,Basic,60,29.2,48.7,4
WATCH-005122,2025-03-21T13:49:00,Germany,Thriller,Phone,Standard,22,6.2,28.2,1
WATCH-005123,2025-08-05T18:33:00,Germany,Comedy,Laptop,Basic,22,3.2,14.5,5
WATCH-005124,2025-04-16T07:43:00,Germany,Documentary,Laptop,Standard,60,49.6,82.7,1
WATCH-005125,2025-08-24T05:51:00,Spain,Thriller,TV,Standard,22,7.9,35.9,1
WATCH-005126,2025-09-26T02:59:00,Sweden,Comedy,TV,Premium,90,77.2,85.8,4
WATCH-005127,2025-01-06T20:23:00,Netherlands,Thriller,Laptop,Standard,60,20.1,33.5,3
WATCH-005128,2025-09-26T22:06:00,Germany,Animation,Phone,Premium,60,29.9,49.8,2
WATCH-005129,2025-08-29T09:32:00,Spain,Comedy,Laptop,Basic,120,18.0,15.0,1
WATCH-005130,2025-11-20T15:05:00,Italy,Animation,Laptop,Premium,22,10.0,45.5,5
WATCH-005131,2025-12-02T17:10:00,Germany,Animation,TV,Premium,45,32.0,71.1,1
WATCH-005132,2025-06-07T12:36:00,Sweden,Thriller,Laptop,Basic,22,17.4,79.1,2
WATCH-005133,2025-09-29T21:43:00,Italy,Thriller,TV,Standard,120,36.5,30.4,3
WATCH-005134,2025-03-12T15:47:00,Spain,Documentary,Tablet,Standard,120,19.3,16.1,1
WATCH-005135,2025-02-11T03:58:00,Netherlands,Drama,Laptop,Basic,45,9.2,20.4,5
WATCH-005136,2025-03-27T11:39:00,Italy,Science fiction,Tablet,Premium,30,21.6,72.0,3
WATCH-005137,2025-02-14T01:24:00,Sweden,Drama,TV,Basic,120,6.3,5.2,4
WATCH-005138,2025-10-26T04:26:00,Netherlands,Thriller,TV,Premium,60,23.7,39.5,3
WATCH-005139,2025-12-10T16:05:00,Sweden,Documentary,Tablet,Basic,45,21.9,48.7,1
WATCH-005140,2025-02-10T23:55:00,Spain,Comedy,Phone,Basic,22,16.2,73.6,2
WATCH-005141,2025-09-01T22:32:00,Spain,Animation,Tablet,Standard,90,41.3,45.9,4
WATCH-005142,2025-07-22T00:33:00,Sweden,Science fiction,Tablet,Basic,45,34.4,76.4,3
WATCH-005143,2025-02-02T10:02:00,Spain,Science fiction,Phone,Premium,90,44.7,49.7,3
WATCH-005144,2025-08-05T21:21:00,Sweden,Animation,Tablet,Standard,30,7.7,,5
WATCH-005145,2025-08-09T16:41:00,Sweden,Science fiction,Laptop,Standard,22,8.7,39.5,1
WATCH-005146,2025-04-29T21:25:00,Germany,Animation,Tablet,Standard,60,31.2,52.0,3
WATCH-005147,2025-12-25T23:40:00,Italy,Thriller,,Premium,45,45.0,100.0,1
WATCH-005148,2025-07-27T21:20:00,Italy,Documentary,Laptop,Standard,90,20.7,23.0,4
WATCH-005149,2025-08-29T12:01:00,Germany,Science fiction,Phone,Premium,60,49.7,82.8,5
WATCH-005150,2025-01-12T23:14:00,France,Documentary,TV,Premium,120,96.1,80.1,5
WATCH-005151,2025-01-15T06:29:00,Germany,Thriller,TV,Standard,30,11.3,37.7,2
WATCH-005152,2025-06-23T16:36:00,Sweden,Thriller,TV,Standard,22,8.5,38.6,3
WATCH-005153,2025-05-27T14:37:00,Netherlands,Documentary,TV,Premium,22,16.8,76.4,5
WATCH-005154,2025-11-22T19:29:00,Italy,Animation,Laptop,Standard,60,41.9,69.8,2
WATCH-005155,2025-12-05T12:22:00,Spain,Thriller,Tablet,Standard,120,75.3,62.7,3
WATCH-005156,2025-04-03T10:28:00,Germany,Thriller,Laptop,Standard,120,25.8,21.5,2
WATCH-005157,2025-03-20T12:44:00,France,Thriller,TV,Premium,60,38.0,63.3,1
WATCH-005158,2025-09-11T19:10:00,Sweden,Science fiction,TV,Standard,30,6.0,20.0,2
WATCH-005159,2025-07-23T01:44:00,Germany,Science fiction,Phone,Basic,120,63.8,53.2,5
WATCH-005160,2025-02-10T18:10:00,Germany,Documentary,Laptop,Basic,120,93.8,78.2,5
WATCH-005161,2025-04-29T08:24:00,Sweden,Thriller,Tablet,Basic,120,30.7,25.6,4
WATCH-005162,2025-05-03T04:54:00,Spain,Thriller,Phone,Basic,90,4.7,5.2,1
WATCH-005163,2025-08-03T08:51:00,Netherlands,Science fiction,Phone,Premium,45,11.8,26.2,1
WATCH-005164,2025-10-17T02:28:00,Spain,Documentary,Laptop,Basic,22,3.7,16.8,1
WATCH-005165,2025-07-21T08:26:00,France,Animation,Laptop,Standard,120,30.8,25.7,4
WATCH-005166,2025-04-20T23:37:00,Spain,Drama,Tablet,Basic,90,6.1,6.8,5
WATCH-005167,2025-12-03T20:38:00,Germany,Science fiction,TV,Standard,120,102.9,85.8,5
WATCH-005168,2025-06-30T11:17:00,France,Comedy,TV,Standard,22,4.6,20.9,1
WATCH-005169,2025-06-15T07:33:00,France,Drama,Tablet,Premium,45,26.7,59.3,5
WATCH-005170,2025-12-07T15:20:00,Sweden,Drama,Laptop,Premium,30,16.7,55.7,2
WATCH-005171,2025-02-04T07:10:00,Italy,Documentary,Phone,Basic,120,21.1,17.6,4
WATCH-005172,2025-08-28T21:42:00,France,Science fiction,TV,Standard,22,12.8,58.2,3
WATCH-005173,2025-07-25T16:55:00,Germany,Science fiction,Laptop,Premium,90,21.5,23.9,1
WATCH-005174,2025-02-06T11:40:00,Germany,Animation,Phone,Standard,60,25.2,42.0,3
WATCH-005175,2025-09-26T02:46:00,France,Thriller,Laptop,Basic,22,1.4,6.4,3
WATCH-005176,2025-03-07T16:55:00,Netherlands,Drama,Laptop,Premium,45,23.3,51.8,4
WATCH-005177,2025-06-06T05:24:00,Italy,Thriller,Laptop,Standard,45,18.8,41.8,2
WATCH-005178,2025-06-26T07:34:00,Germany,Animation,TV,Premium,90,54.2,60.2,4
WATCH-005179,2025-04-22T10:43:00,Germany,Documentary,Tablet,Basic,60,35.8,59.7,3
WATCH-005180,2025-10-09T14:10:00,Spain,Animation,Tablet,Premium,90,36.1,40.1,1
WATCH-005181,2025-11-20T13:47:00,Germany,Comedy,Tablet,Premium,22,20.6,,2
WATCH-005182,2025-04-17T12:48:00,Netherlands,Comedy,Laptop,Basic,45,44.5,98.9,5
WATCH-005183,2025-07-02T15:07:00,Germany,Comedy,Phone,Premium,22,21.4,97.3,4
WATCH-005184,2025-02-11T22:55:00,France,Documentary,TV,Standard,45,19.0,42.2,2
WATCH-005185,2025-06-10T13:51:00,France,Comedy,TV,Basic,45,24.8,55.1,1
WATCH-005186,2025-12-20T08:04:00,Spain,Thriller,Phone,Premium,120,111.7,93.1,3
WATCH-005187,2025-01-17T06:05:00,Germany,Thriller,Phone,Premium,22,16.5,75.0,3
WATCH-005188,2025-07-29T20:29:00,Sweden,Thriller,Tablet,Standard,60,40.2,67.0,1
WATCH-005189,2025-09-14T05:31:00,Sweden,Animation,Phone,Basic,45,7.5,16.7,4
WATCH-005190,2025-04-07T07:48:00,Italy,Thriller,Laptop,Premium,22,20.4,92.7,4
WATCH-005191,2025-06-10T02:44:00,Germany,Drama,Laptop,Premium,120,97.0,80.8,3
WATCH-005192,2025-03-06T12:16:00,Italy,Comedy,TV,Premium,45,18.8,41.8,1
WATCH-005193,2025-12-24T09:24:00,Spain,Documentary,Laptop,Premium,22,10.2,46.4,5
WATCH-005194,2025-03-21T22:52:00,Germany,Thriller,Tablet,Premium,60,19.7,32.8,4
WATCH-005195,2025-09-12T21:38:00,France,Animation,Tablet,Premium,90,59.2,65.8,4
WATCH-005196,2025-12-11T19:29:00,Germany,Science fiction,Laptop,Premium,45,12.5,27.8,3
WATCH-005197,2025-12-22T18:37:00,Germany,Thriller,Laptop,Standard,30,29.6,98.7,4
WATCH-005198,2025-10-11T23:06:00,Netherlands,Comedy,TV,Basic,60,20.1,33.5,2
WATCH-005199,2025-12-19T07:47:00,Germany,Thriller,Laptop,Basic,60,18.1,30.2,1
WATCH-005200,2025-10-03T20:42:00,Spain,Science fiction,Phone,Standard,120,115.6,96.3,2
WATCH-005201,2025-06-21T19:43:00,Spain,Documentary,Phone,Standard,30,12.1,40.3,2
WATCH-005202,2025-12-05T18:30:00,Netherlands,Documentary,Tablet,Standard,22,8.2,37.3,3
WATCH-005203,2025-04-03T13:17:00,Netherlands,Thriller,Laptop,Basic,30,27.5,91.7,5
WATCH-005204,2025-10-18T07:25:00,Germany,Science fiction,Tablet,Basic,120,94.6,78.8,2
WATCH-005205,2025-06-29T03:47:00,France,Documentary,Phone,Premium,45,18.0,40.0,1
WATCH-005206,2025-06-18T12:14:00,Sweden,Thriller,TV,Standard,60,3.3,5.5,1
WATCH-005207,2025-07-01T17:55:00,Spain,Documentary,Phone,Basic,60,7.8,13.0,3
WATCH-005208,2025-09-25T16:35:00,Spain,Science fiction,Phone,Standard,60,42.3,70.5,3
WATCH-005209,2025-08-31T10:53:00,Germany,Comedy,Laptop,Premium,45,31.5,70.0,3
WATCH-005210,2025-01-29T21:32:00,Sweden,Animation,TV,Standard,45,9.8,21.8,2
WATCH-005211,2025-08-14T23:04:00,Germany,Animation,Laptop,Standard,30,7.3,24.3,3
WATCH-005212,2025-06-30T07:37:00,Italy,Science fiction,TV,Standard,45,43.1,95.8,2
WATCH-005213,2025-06-17T07:34:00,France,Drama,Laptop,Premium,60,42.8,71.3,1
WATCH-005214,2025-04-10T06:24:00,France,Animation,TV,Basic,120,34.2,28.5,1
WATCH-005215,2025-03-06T10:42:00,Netherlands,Animation,Laptop,Premium,60,35.2,58.7,5
WATCH-005216,2025-02-24T21:38:00,Sweden,Documentary,Tablet,Basic,90,44.9,49.9,5
WATCH-005217,2025-02-16T08:27:00,Spain,Thriller,Tablet,Premium,90,75.5,83.9,2
WATCH-005218,2025-12-08T07:22:00,Spain,Documentary,Laptop,Basic,90,49.7,,3
WATCH-005219,2025-05-18T07:55:00,Sweden,Drama,Laptop,Standard,45,37.0,82.2,2
WATCH-005220,2025-09-09T07:11:00,Italy,Drama,Tablet,Basic,30,21.5,71.7,1
WATCH-005221,2025-07-02T11:38:00,Netherlands,Drama,TV,Premium,45,16.4,36.4,5
WATCH-005222,2025-11-19T20:30:00,Germany,Science fiction,Phone,Basic,60,22.5,37.5,1
WATCH-005223,2025-03-02T22:44:00,Netherlands,Animation,TV,Basic,120,99.8,83.2,3
WATCH-005224,2025-03-25T00:12:00,Sweden,Comedy,Laptop,Premium,120,24.9,20.8,2
WATCH-005225,2025-12-18T15:21:00,Italy,Thriller,TV,Premium,30,5.8,19.3,4
WATCH-005226,2025-05-13T11:20:00,Italy,Documentary,Phone,Premium,22,21.7,98.6,1
WATCH-005227,2025-01-11T17:02:00,France,Drama,Laptop,Standard,60,46.7,77.8,4
WATCH-005228,2025-09-12T07:51:00,Netherlands,Documentary,TV,Basic,22,18.4,83.6,1
WATCH-005229,2025-03-01T09:03:00,Germany,Science fiction,Laptop,Basic,30,12.1,40.3,3
WATCH-005230,2025-05-22T21:27:00,Netherlands,Science fiction,,Premium,22,5.9,26.8,2
WATCH-005231,2025-12-23T12:33:00,France,Documentary,Tablet,Basic,30,14.2,47.3,4
WATCH-005232,2025-12-23T23:26:00,France,Comedy,Tablet,Standard,45,23.5,52.2,1
WATCH-005233,2025-03-18T07:25:00,Italy,Documentary,Tablet,Premium,90,39.5,43.9,2
WATCH-005234,2025-11-19T19:41:00,Netherlands,Science fiction,Phone,Standard,30,6.3,21.0,1
WATCH-005235,2025-07-22T19:38:00,Netherlands,Documentary,Phone,Premium,30,22.5,75.0,2
WATCH-005236,2025-06-26T17:48:00,Netherlands,Animation,Phone,Standard,60,16.4,27.3,1
WATCH-005237,2025-12-06T18:43:00,Netherlands,Documentary,Tablet,Premium,45,17.7,39.3,2
WATCH-005238,2025-07-28T11:57:00,Sweden,Thriller,Tablet,Basic,90,62.2,69.1,2
WATCH-005239,2025-07-02T11:16:00,Germany,Comedy,Phone,Basic,22,8.0,36.4,5
WATCH-005240,2025-08-18T15:38:00,Sweden,Thriller,TV,Premium,120,108.7,90.6,1
WATCH-005241,2025-10-10T12:37:00,Netherlands,Thriller,Tablet,Premium,30,8.2,27.3,1
WATCH-005242,2025-06-21T08:43:00,Spain,Documentary,TV,Standard,90,35.5,39.4,2
WATCH-005243,2025-04-03T04:15:00,France,Science fiction,Phone,Standard,30,7.5,25.0,1
WATCH-005244,2025-03-23T22:09:00,Netherlands,Science fiction,Phone,Premium,45,41.6,92.4,2
WATCH-005245,2025-09-25T11:08:00,Italy,Animation,TV,Standard,30,26.2,87.3,3
WATCH-005246,2025-04-17T00:16:00,Germany,Science fiction,TV,Standard,120,6.7,5.6,1
WATCH-005247,2025-09-03T08:43:00,Italy,Animation,TV,Premium,22,6.7,30.5,1
WATCH-005248,2025-04-26T16:25:00,Germany,Drama,Tablet,Basic,22,2.0,9.1,1
WATCH-005249,2025-02-15T20:18:00,Germany,Drama,Tablet,Basic,60,47.2,78.7,4
WATCH-005250,2025-08-21T11:11:00,Netherlands,Animation,Laptop,Standard,30,13.2,44.0,3
WATCH-005251,2025-09-01T06:11:00,Spain,Documentary,Laptop,Basic,120,65.9,54.9,1
WATCH-005252,2025-07-20T16:47:00,Germany,Animation,Tablet,Standard,22,2.4,10.9,4
WATCH-005253,2025-10-26T03:08:00,Netherlands,Thriller,TV,Basic,60,56.7,94.5,3
WATCH-005254,2025-09-30T08:32:00,France,Thriller,Laptop,Standard,30,22.0,73.3,2
WATCH-005255,2025-08-06T11:22:00,France,Animation,Phone,Premium,45,9.5,,4
WATCH-005256,2025-06-09T11:22:00,Germany,Science fiction,Laptop,Standard,22,3.1,14.1,4
WATCH-005257,2025-04-28T00:27:00,Netherlands,Animation,TV,Basic,90,88.3,98.1,4
WATCH-005258,2025-12-11T23:21:00,Spain,Comedy,TV,Premium,45,18.6,41.3,3
WATCH-005259,2025-02-12T18:10:00,France,Animation,Phone,Premium,90,12.8,14.2,1
WATCH-005260,2025-05-13T14:06:00,Netherlands,Drama,Phone,Basic,120,28.3,23.6,5
WATCH-005261,2025-10-01T18:12:00,Spain,Drama,Tablet,Premium,30,24.0,80.0,1
WATCH-005262,2025-02-17T04:00:00,Netherlands,Documentary,Laptop,Premium,60,38.9,64.8,3
WATCH-005263,2025-05-29T00:11:00,Sweden,Animation,Phone,Basic,90,53.1,59.0,1
WATCH-005264,2025-08-07T08:47:00,Italy,Thriller,TV,Basic,60,51.4,85.7,3
WATCH-005265,2025-09-24T23:03:00,France,Animation,Laptop,Standard,45,26.7,59.3,1
WATCH-005266,2025-07-21T11:11:00,Netherlands,Drama,Tablet,Standard,45,31.4,69.8,3
WATCH-005267,2025-09-02T10:19:00,Netherlands,Thriller,Laptop,Basic,120,66.0,55.0,2
WATCH-005268,2025-02-23T07:16:00,Spain,Animation,Laptop,Premium,22,21.0,95.5,1
WATCH-005269,2025-11-17T15:45:00,Italy,Documentary,TV,Basic,90,70.5,78.3,4
WATCH-005270,2025-06-16T09:43:00,Spain,Documentary,Laptop,Standard,30,9.0,30.0,3
WATCH-005271,2025-01-05T15:55:00,Sweden,Thriller,Tablet,Standard,90,38.3,42.6,5
WATCH-005272,2025-08-18T00:56:00,Germany,Drama,TV,Standard,60,17.6,29.3,5
WATCH-005273,2025-09-09T13:31:00,Italy,Thriller,Phone,Premium,30,23.5,78.3,1
WATCH-005274,2025-02-19T23:17:00,Spain,Documentary,Phone,Premium,45,27.7,61.6,5
WATCH-005275,2025-05-19T13:48:00,Sweden,Thriller,Laptop,Basic,30,26.4,88.0,5
WATCH-005276,2025-12-14T09:24:00,France,Animation,Phone,Premium,22,10.2,46.4,1
WATCH-005277,2025-08-20T06:23:00,Netherlands,Science fiction,Phone,Basic,30,27.2,90.7,4
WATCH-005278,2025-02-01T03:19:00,Italy,Science fiction,Phone,Premium,90,7.3,8.1,3
WATCH-005279,2025-08-12T23:09:00,Netherlands,Drama,Tablet,Basic,22,18.9,85.9,1
WATCH-005280,2025-11-18T08:44:00,Spain,Thriller,Tablet,Standard,22,5.0,22.7,5
WATCH-005281,2025-10-30T19:42:00,Sweden,Animation,Phone,Premium,22,17.9,81.4,2
WATCH-005282,2025-03-01T16:53:00,Germany,Documentary,Tablet,Basic,60,11.2,18.7,1
WATCH-005283,2025-09-28T20:53:00,France,Comedy,TV,Standard,45,20.4,45.3,2
WATCH-005284,2025-05-06T06:34:00,France,Science fiction,TV,Premium,60,14.2,23.7,1
WATCH-005285,2025-03-18T01:10:00,Italy,Science fiction,Tablet,Basic,120,97.4,81.2,2
WATCH-005286,2025-05-15T01:03:00,Italy,Animation,Phone,Basic,22,21.5,97.7,3
WATCH-005287,2025-09-16T19:37:00,France,Thriller,TV,Premium,22,14.4,65.5,4
WATCH-005288,2025-05-24T00:38:00,Germany,Animation,Phone,Standard,60,21.8,36.3,5
WATCH-005289,2025-04-02T00:26:00,Sweden,Documentary,Tablet,Standard,45,26.6,59.1,1
WATCH-005290,2025-01-04T10:29:00,Spain,Animation,TV,Standard,30,28.4,94.7,4
WATCH-005291,2025-12-15T16:23:00,Germany,Drama,TV,Premium,90,76.1,84.6,2
WATCH-005292,2025-06-19T17:34:00,Italy,Animation,Tablet,Standard,22,6.0,,2
WATCH-005293,2025-07-08T23:11:00,Spain,Science fiction,Phone,Standard,90,48.0,53.3,3
WATCH-005294,2025-01-22T08:54:00,Sweden,Drama,Laptop,Basic,22,6.5,29.5,1
WATCH-005295,2025-05-27T20:06:00,Germany,Comedy,TV,Standard,22,7.2,32.7,5
WATCH-005296,2025-06-10T01:09:00,Italy,Documentary,Tablet,Premium,90,62.0,68.9,2
WATCH-005297,2025-04-10T12:44:00,Spain,Science fiction,Laptop,Premium,22,4.6,20.9,3
WATCH-005298,2025-12-08T02:04:00,Sweden,Comedy,Phone,Premium,45,44.5,98.9,2
WATCH-005299,2025-08-17T00:35:00,Spain,Comedy,Tablet,Standard,90,7.7,8.6,1
WATCH-005300,2025-08-30T06:54:00,Spain,Drama,Tablet,Basic,22,16.4,74.5,1
WATCH-005301,2025-08-05T19:35:00,Italy,Science fiction,Tablet,Basic,45,29.1,64.7,3
WATCH-005302,2025-06-27T20:06:00,France,Documentary,TV,Basic,120,90.0,75.0,4
WATCH-005303,2025-08-06T17:26:00,Netherlands,Thriller,TV,Standard,90,33.8,37.6,3
WATCH-005304,2025-07-26T18:38:00,Netherlands,Drama,TV,Standard,30,26.2,87.3,2
WATCH-005305,2025-06-22T06:41:00,France,Drama,Phone,Standard,60,56.3,93.8,1
WATCH-005306,2025-12-27T04:01:00,Italy,Animation,Tablet,Standard,45,4.7,10.4,2
WATCH-005307,2025-05-23T09:17:00,Spain,Animation,TV,Premium,45,21.4,47.6,3
WATCH-005308,2025-05-15T13:02:00,Sweden,Comedy,Tablet,Standard,45,17.4,38.7,1
WATCH-005309,2025-07-08T03:06:00,Germany,Comedy,Laptop,Standard,45,8.1,18.0,3
WATCH-005310,2025-10-16T20:25:00,Germany,Documentary,Laptop,Basic,30,14.7,49.0,5
WATCH-005311,2025-03-13T00:24:00,France,Thriller,TV,Premium,120,104.4,87.0,5
WATCH-005312,2025-02-13T06:54:00,Spain,Science fiction,Laptop,Basic,45,29.7,66.0,4
WATCH-005313,2025-03-28T04:26:00,France,Documentary,,Standard,22,2.3,10.5,1
WATCH-005314,2025-07-02T04:33:00,Italy,Science fiction,Laptop,Basic,60,22.2,37.0,2
WATCH-005315,2025-09-23T10:23:00,Spain,Science fiction,Tablet,Standard,90,7.5,8.3,2
WATCH-005316,2025-11-01T00:13:00,France,Animation,Phone,Basic,30,7.8,26.0,1
WATCH-005317,2025-07-15T00:56:00,Spain,Animation,TV,Premium,90,80.9,89.9,1
WATCH-005318,2025-01-21T04:30:00,Spain,Animation,Laptop,Basic,45,29.4,65.3,4
WATCH-005319,2025-10-03T02:40:00,Germany,Documentary,TV,Standard,22,2.6,11.8,1
WATCH-005320,2025-12-04T10:21:00,Sweden,Animation,TV,Standard,45,39.2,87.1,4
WATCH-005321,2025-10-04T14:56:00,Netherlands,Animation,Tablet,Premium,90,78.8,87.6,2
WATCH-005322,2025-06-04T06:38:00,Netherlands,Documentary,TV,Premium,30,16.7,55.7,3
WATCH-005323,2025-06-29T19:55:00,Netherlands,Thriller,Phone,Premium,90,82.2,91.3,4
WATCH-005324,2025-03-09T00:10:00,Spain,Drama,Tablet,Premium,45,16.9,37.6,4
WATCH-005325,2025-04-14T08:19:00,Italy,Thriller,Tablet,Standard,45,17.2,38.2,5
WATCH-005326,2025-12-15T17:39:00,Netherlands,Thriller,Laptop,Standard,22,5.5,25.0,3
WATCH-005327,2025-05-16T23:44:00,Spain,Drama,TV,Basic,22,15.5,70.5,2
WATCH-005328,2025-06-22T01:57:00,Italy,Science fiction,Phone,Standard,60,11.7,19.5,4
WATCH-005329,2025-01-29T08:23:00,Sweden,Documentary,Laptop,Basic,22,3.0,,1
WATCH-005330,2025-12-04T07:55:00,Sweden,Comedy,Laptop,Standard,90,88.8,98.7,5
WATCH-005331,2025-08-14T02:59:00,Spain,Comedy,TV,Premium,90,54.7,60.8,1
WATCH-005332,2025-09-13T06:12:00,Netherlands,Animation,TV,Premium,90,27.0,30.0,5
WATCH-005333,2025-05-13T12:59:00,Sweden,Animation,TV,Standard,45,23.6,52.4,5
WATCH-005334,2025-01-03T23:06:00,Netherlands,Drama,TV,Basic,120,34.1,28.4,2
WATCH-005335,2025-01-13T10:43:00,Italy,Thriller,TV,Basic,120,97.0,80.8,2
WATCH-005336,2025-06-09T20:57:00,Germany,Drama,TV,Premium,60,55.6,92.7,4
WATCH-005337,2025-07-06T09:34:00,Spain,Animation,Phone,Standard,45,43.1,95.8,5
WATCH-005338,2025-09-08T14:40:00,France,Science fiction,Tablet,Premium,120,54.7,45.6,4
WATCH-005339,2025-08-31T07:12:00,Germany,Science fiction,Phone,Premium,120,62.1,51.7,5
WATCH-005340,2025-05-11T02:33:00,France,Animation,Laptop,Basic,90,58.9,65.4,5
WATCH-005341,2025-07-14T07:13:00,France,Thriller,Phone,Standard,90,22.1,24.6,5
WATCH-005342,2025-07-04T20:04:00,Italy,Thriller,Phone,Basic,60,27.8,46.3,2
WATCH-005343,2025-07-30T22:43:00,Spain,Documentary,TV,Standard,45,8.3,18.4,3
WATCH-005344,2025-01-29T21:10:00,Sweden,Comedy,Tablet,Premium,90,35.5,39.4,1
WATCH-005345,2025-06-21T07:51:00,Netherlands,Animation,Laptop,Basic,120,13.4,11.2,4
WATCH-005346,2025-03-06T20:59:00,Sweden,Drama,Phone,Premium,30,9.8,32.7,4
WATCH-005347,2025-03-01T05:08:00,Italy,Comedy,Phone,Standard,30,8.3,27.7,1
WATCH-005348,2025-03-02T01:15:00,Italy,Animation,Phone,Standard,30,20.8,69.3,1
WATCH-005349,2025-04-24T17:14:00,Germany,Comedy,Laptop,Basic,22,1.3,5.9,5
WATCH-005350,2025-06-12T06:27:00,Italy,Animation,Tablet,Basic,90,56.1,62.3,2
WATCH-005351,2025-08-24T10:18:00,Sweden,Thriller,Laptop,Standard,60,20.5,34.2,3
WATCH-005352,2025-07-30T09:03:00,Germany,Thriller,TV,Premium,120,13.7,11.4,5
WATCH-005353,2025-01-26T20:21:00,Spain,Documentary,Phone,Premium,60,25.0,41.7,3
WATCH-005354,2025-04-04T17:01:00,Italy,Drama,Tablet,Premium,22,6.4,29.1,1
WATCH-005355,2025-07-01T02:51:00,Netherlands,Animation,TV,Standard,90,57.4,63.8,1
WATCH-005356,2025-02-02T17:15:00,Sweden,Documentary,Phone,Premium,60,17.6,29.3,3
WATCH-005357,2025-09-20T07:28:00,Sweden,Science fiction,TV,Basic,45,19.0,42.2,4
WATCH-005358,2025-04-24T05:08:00,Sweden,Drama,TV,Standard,60,52.1,86.8,5
WATCH-005359,2025-02-01T11:33:00,Netherlands,Thriller,Tablet,Basic,90,23.9,26.6,4
WATCH-005360,2025-05-06T13:42:00,Spain,Animation,Laptop,Premium,45,9.9,22.0,5
WATCH-005361,2025-07-30T06:02:00,Germany,Animation,Tablet,Premium,45,12.5,27.8,3
WATCH-005362,2025-11-12T17:00:00,Italy,Thriller,Tablet,Basic,120,87.5,72.9,5
WATCH-005363,2025-05-08T18:49:00,Spain,Comedy,Laptop,Basic,30,28.0,93.3,1
WATCH-005364,2025-03-07T03:01:00,Netherlands,Comedy,Phone,Premium,90,50.5,56.1,1
WATCH-005365,2025-03-18T15:35:00,Germany,Comedy,Laptop,Premium,60,42.8,71.3,5
WATCH-005366,2025-02-16T07:05:00,Germany,Comedy,TV,Basic,45,26.9,,4
WATCH-005367,2025-05-23T12:34:00,Italy,Thriller,Phone,Premium,90,52.8,58.7,1
WATCH-005368,2025-02-16T06:48:00,Germany,Comedy,Phone,Standard,22,10.8,49.1,5
WATCH-005369,2025-09-23T20:25:00,Italy,Documentary,Phone,Basic,60,19.4,32.3,5
WATCH-005370,2025-10-23T01:03:00,Italy,Drama,Laptop,Basic,30,11.1,37.0,5
WATCH-005371,2025-02-12T04:11:00,France,Thriller,Phone,Basic,30,18.8,62.7,2
WATCH-005372,2025-01-23T17:18:00,Germany,Drama,Phone,Basic,30,3.2,10.7,4
WATCH-005373,2025-08-03T04:40:00,Spain,Animation,Phone,Basic,45,12.9,28.7,2
WATCH-005374,2025-04-02T16:18:00,Italy,Thriller,Phone,Basic,120,15.5,12.9,5
WATCH-005375,2025-05-22T22:03:00,Italy,Animation,Phone,Premium,30,21.9,73.0,2
WATCH-005376,2025-11-30T11:55:00,Spain,Drama,TV,Premium,90,29.8,33.1,2
WATCH-005377,2025-03-18T13:18:00,Sweden,Documentary,Phone,Standard,90,72.2,80.2,2
WATCH-005378,2025-08-04T12:27:00,Sweden,Science fiction,TV,Premium,22,6.5,29.5,4
WATCH-005379,2025-06-21T02:14:00,Sweden,Science fiction,Laptop,Premium,90,66.9,74.3,5
WATCH-005380,2025-04-11T23:06:00,France,Documentary,Phone,Standard,90,69.1,76.8,5
WATCH-005381,2025-04-22T22:48:00,Italy,Comedy,Phone,Standard,60,31.0,51.7,2
WATCH-005382,2025-03-11T15:15:00,France,Drama,Phone,Basic,22,15.7,71.4,4
WATCH-005383,2025-05-06T07:50:00,Germany,Comedy,Phone,Basic,22,14.3,65.0,1
WATCH-005384,2025-02-19T17:44:00,Netherlands,Comedy,Tablet,Standard,30,25.8,86.0,2
WATCH-005385,2025-03-09T00:18:00,France,Documentary,TV,Standard,30,8.4,28.0,3
WATCH-005386,2025-08-09T18:21:00,Spain,Comedy,Tablet,Basic,45,15.2,33.8,1
WATCH-005387,2025-01-04T16:38:00,Italy,Comedy,Tablet,Premium,120,48.1,40.1,3
WATCH-005388,2025-10-10T03:17:00,Spain,Science fiction,TV,Premium,22,5.5,25.0,2
WATCH-005389,2025-04-13T01:55:00,Netherlands,Drama,Phone,Basic,45,24.1,53.6,4
WATCH-005390,2025-03-18T12:59:00,France,Comedy,Tablet,Standard,22,8.5,38.6,5
WATCH-005391,2025-04-21T06:04:00,Italy,Science fiction,Tablet,Standard,60,26.7,44.5,4
WATCH-005392,2025-03-07T09:13:00,Spain,Documentary,Laptop,Standard,30,19.8,66.0,3
WATCH-005393,2025-03-02T00:31:00,Netherlands,Thriller,Tablet,Basic,45,18.5,41.1,3
WATCH-005394,2025-05-30T20:45:00,Italy,Documentary,Phone,Premium,90,41.1,45.7,1
WATCH-005395,2025-11-14T17:48:00,Spain,Science fiction,Tablet,Standard,45,35.1,78.0,2
WATCH-005396,2025-07-26T09:56:00,Netherlands,Comedy,,Basic,90,23.5,26.1,1
WATCH-005397,2025-04-13T13:32:00,Italy,Comedy,Tablet,Standard,30,24.6,82.0,4
WATCH-005398,2025-10-30T13:18:00,Netherlands,Thriller,Laptop,Basic,60,59.6,99.3,5
WATCH-005399,2025-02-11T17:59:00,Netherlands,Documentary,Tablet,Basic,120,109.2,91.0,5
WATCH-005400,2025-10-31T17:22:00,Netherlands,Documentary,TV,Premium,120,43.4,36.2,3
WATCH-005401,2025-09-06T13:44:00,Germany,Science fiction,Tablet,Basic,30,17.6,58.7,2
WATCH-005402,2025-03-06T01:33:00,Spain,Thriller,Tablet,Basic,30,17.8,59.3,2
WATCH-005403,2025-05-18T16:40:00,Germany,Drama,Phone,Basic,120,88.5,,2
WATCH-005404,2025-07-08T07:10:00,Sweden,Documentary,Tablet,Standard,22,15.0,68.2,1
WATCH-005405,2025-03-24T23:56:00,Italy,Documentary,Laptop,Standard,45,13.7,30.4,2
WATCH-005406,2025-03-15T14:20:00,Spain,Documentary,Laptop,Premium,120,119.5,99.6,4
WATCH-005407,2025-12-08T06:06:00,Netherlands,Documentary,Laptop,Basic,30,17.1,57.0,4
WATCH-005408,2025-11-08T23:38:00,Sweden,Comedy,Tablet,Premium,90,67.9,75.4,1
WATCH-005409,2025-11-05T15:41:00,Italy,Thriller,Tablet,Standard,30,21.9,73.0,4
WATCH-005410,2025-08-28T06:44:00,Italy,Animation,TV,Basic,90,14.2,15.8,1
WATCH-005411,2025-12-08T06:42:00,Germany,Comedy,Laptop,Standard,60,16.1,26.8,5
WATCH-005412,2025-04-14T00:12:00,Italy,Animation,TV,Premium,60,57.8,96.3,3
WATCH-005413,2025-07-14T05:27:00,Sweden,Drama,TV,Standard,45,30.7,68.2,3
WATCH-005414,2025-01-03T16:24:00,France,Comedy,Phone,Standard,60,29.1,48.5,2
WATCH-005415,2025-10-25T04:21:00,Italy,Animation,TV,Premium,90,58.7,65.2,3
WATCH-005416,2025-11-12T12:33:00,France,Documentary,Phone,Premium,30,8.9,29.7,5
WATCH-005417,2025-02-17T13:16:00,Italy,Drama,Phone,Premium,45,38.5,85.6,4
WATCH-005418,2025-01-11T03:51:00,Spain,Animation,Tablet,Basic,45,41.3,91.8,3
WATCH-005419,2025-05-12T21:27:00,Germany,Comedy,Laptop,Basic,45,4.7,10.4,3
WATCH-005420,2025-01-14T10:37:00,Netherlands,Science fiction,Laptop,Premium,45,14.1,31.3,4
WATCH-005421,2025-08-09T04:06:00,Spain,Drama,TV,Basic,22,7.8,35.5,4
WATCH-005422,2025-07-24T11:20:00,France,Comedy,TV,Basic,30,2.7,9.0,1
WATCH-005423,2025-09-04T11:19:00,France,Animation,Laptop,Premium,90,17.3,19.2,1
WATCH-005424,2025-12-23T12:15:00,France,Drama,Laptop,Basic,120,85.7,71.4,3
WATCH-005425,2025-10-19T13:51:00,Spain,Documentary,Phone,Standard,30,10.8,36.0,5
WATCH-005426,2025-10-18T17:59:00,Netherlands,Documentary,TV,Basic,30,28.5,95.0,2
WATCH-005427,2025-11-25T21:02:00,Italy,Documentary,TV,Standard,45,13.7,30.4,1
WATCH-005428,2025-01-11T08:34:00,Netherlands,Comedy,TV,Premium,120,64.7,53.9,2
WATCH-005429,2025-05-01T08:21:00,Sweden,Animation,Tablet,Basic,60,17.0,28.3,4
WATCH-005430,2025-10-06T02:46:00,Germany,Thriller,TV,Standard,30,9.2,30.7,2
WATCH-005431,2025-07-20T17:10:00,Netherlands,Animation,TV,Basic,90,19.5,21.7,3
WATCH-005432,2025-08-31T06:54:00,France,Thriller,TV,Premium,30,13.8,46.0,4
WATCH-005433,2025-06-27T21:59:00,Sweden,Documentary,TV,Standard,22,2.3,10.5,1
WATCH-005434,2025-12-28T08:04:00,Italy,Drama,Phone,Basic,60,60.0,100.0,4
WATCH-005435,2025-03-09T04:17:00,Germany,Comedy,TV,Basic,22,17.9,81.4,5
WATCH-005436,2025-07-26T12:11:00,Germany,Drama,TV,Standard,60,42.4,70.7,2
WATCH-005437,2025-11-06T09:01:00,Sweden,Comedy,Laptop,Standard,45,40.1,89.1,3
WATCH-005438,2025-11-14T08:55:00,Netherlands,Drama,TV,Basic,120,8.7,7.2,1
WATCH-005439,2025-05-11T18:04:00,Italy,Documentary,TV,Premium,60,18.5,30.8,2
WATCH-005440,2025-10-26T23:19:00,Sweden,Thriller,TV,Standard,90,38.8,,1
WATCH-005441,2025-10-26T17:52:00,Germany,Drama,Laptop,Premium,22,19.3,87.7,1
WATCH-005442,2025-04-17T14:37:00,Germany,Comedy,Laptop,Standard,60,17.6,29.3,5
WATCH-005443,2025-07-05T16:36:00,France,Documentary,TV,Basic,45,30.7,68.2,2
WATCH-005444,2025-08-17T22:09:00,Germany,Animation,Phone,Premium,120,92.5,77.1,5
WATCH-005445,2025-07-28T13:54:00,Italy,Animation,TV,Standard,22,2.4,10.9,5
WATCH-005446,2025-04-19T18:55:00,Sweden,Science fiction,Phone,Standard,30,11.0,36.7,1
WATCH-005447,2025-11-22T03:34:00,France,Documentary,Laptop,Standard,120,7.9,6.6,2
WATCH-005448,2025-05-04T13:30:00,Germany,Animation,Phone,Premium,120,99.6,83.0,2
WATCH-005449,2025-07-07T00:25:00,France,Documentary,Phone,Premium,120,56.6,47.2,2
WATCH-005450,2025-07-16T16:16:00,Spain,Documentary,TV,Standard,60,55.3,92.2,2
WATCH-005451,2025-01-25T00:08:00,Sweden,Documentary,Phone,Premium,22,19.8,90.0,2
WATCH-005452,2025-03-03T04:39:00,Spain,Drama,Laptop,Standard,90,42.2,46.9,2
WATCH-005453,2025-08-05T21:43:00,France,Animation,Laptop,Basic,60,18.2,30.3,4
WATCH-005454,2025-10-05T14:38:00,Germany,Science fiction,Laptop,Standard,30,23.1,77.0,1
WATCH-005455,2025-12-06T21:19:00,France,Thriller,Tablet,Premium,60,52.7,87.8,2
WATCH-005456,2025-10-18T17:30:00,Italy,Animation,Laptop,Premium,30,18.0,60.0,3
WATCH-005457,2025-10-01T07:13:00,Spain,Documentary,Phone,Standard,45,34.2,76.0,5
WATCH-005458,2025-07-28T03:55:00,Netherlands,Animation,Laptop,Premium,120,63.1,52.6,4
WATCH-005459,2025-12-24T16:32:00,Germany,Thriller,Laptop,Premium,60,31.2,52.0,5
WATCH-005460,2025-08-19T14:42:00,Netherlands,Drama,Laptop,Standard,90,18.6,20.7,4
WATCH-005461,2025-01-24T22:05:00,France,Animation,Tablet,Basic,45,28.2,62.7,4
WATCH-005462,2025-06-07T03:13:00,France,Science fiction,Tablet,Premium,90,74.7,83.0,3
WATCH-005463,2025-11-18T09:41:00,Netherlands,Drama,Laptop,Standard,30,3.1,10.3,3
WATCH-005464,2025-10-05T18:15:00,Germany,Drama,TV,Standard,22,3.5,15.9,4
WATCH-005465,2025-11-25T01:14:00,France,Science fiction,TV,Basic,30,19.6,65.3,2
WATCH-005466,2025-01-28T16:07:00,France,Animation,TV,Premium,60,18.5,30.8,2
WATCH-005467,2025-04-11T23:05:00,Spain,Science fiction,Tablet,Premium,30,11.4,38.0,5
WATCH-005468,2025-01-09T21:46:00,Sweden,Thriller,Tablet,Premium,30,21.2,70.7,3
WATCH-005469,2025-07-04T11:24:00,Germany,Thriller,Tablet,Standard,45,20.3,45.1,5
WATCH-005470,2025-03-14T08:57:00,Sweden,Drama,Tablet,Basic,120,91.1,75.9,1
WATCH-005471,2025-03-18T14:20:00,Germany,Documentary,TV,Basic,30,11.1,37.0,3
WATCH-005472,2025-04-14T07:59:00,Sweden,Animation,TV,Standard,60,53.2,88.7,1
WATCH-005473,2025-10-21T04:12:00,Germany,Thriller,Phone,Premium,120,118.0,98.3,3
WATCH-005474,2025-12-13T06:59:00,Germany,Science fiction,Tablet,Premium,120,28.9,24.1,5
WATCH-005475,2025-08-07T05:25:00,Spain,Comedy,Phone,Standard,30,8.7,29.0,4
WATCH-005476,2025-03-09T00:00:00,Sweden,Animation,TV,Standard,60,24.6,41.0,5
WATCH-005477,2025-11-02T22:07:00,Spain,Documentary,Tablet,Basic,60,53.0,,3
WATCH-005478,2025-08-01T21:05:00,Sweden,Science fiction,Tablet,Standard,120,17.6,14.7,3
WATCH-005479,2025-06-25T02:05:00,Sweden,Animation,,Standard,120,49.9,41.6,1
WATCH-005480,2025-10-05T09:23:00,Netherlands,Science fiction,Laptop,Premium,22,16.5,75.0,1
WATCH-005481,2025-09-08T23:58:00,Netherlands,Drama,TV,Premium,22,2.6,11.8,5
WATCH-005482,2025-07-05T05:36:00,Italy,Animation,TV,Premium,45,41.4,92.0,2
WATCH-005483,2025-09-09T10:45:00,Netherlands,Animation,TV,Basic,45,32.5,72.2,4
WATCH-005484,2025-03-10T01:00:00,Sweden,Thriller,Phone,Premium,120,47.3,39.4,5
WATCH-005485,2025-12-23T03:06:00,Spain,Documentary,Phone,Basic,120,64.0,53.3,5
WATCH-005486,2025-06-05T08:19:00,Germany,Documentary,Phone,Premium,60,27.4,45.7,1
WATCH-005487,2025-02-25T02:01:00,Netherlands,Documentary,Laptop,Standard,45,41.3,91.8,5
WATCH-005488,2025-04-16T08:30:00,Netherlands,Documentary,TV,Premium,90,82.0,91.1,3
WATCH-005489,2025-06-24T18:33:00,Italy,Science fiction,Laptop,Standard,30,18.7,62.3,5
WATCH-005490,2025-09-26T19:10:00,Italy,Animation,Laptop,Premium,45,5.1,11.3,5
WATCH-005491,2025-12-22T20:08:00,Sweden,Animation,Laptop,Standard,120,47.7,39.8,3
WATCH-005492,2025-04-18T00:30:00,Sweden,Animation,TV,Premium,120,31.9,26.6,4
WATCH-005493,2025-12-27T13:13:00,France,Drama,Tablet,Premium,22,18.8,85.5,2
WATCH-005494,2025-01-21T09:56:00,Germany,Comedy,Laptop,Premium,60,13.3,22.2,2
WATCH-005495,2025-08-17T19:30:00,Germany,Animation,Tablet,Premium,45,25.0,55.6,5
WATCH-005496,2025-09-14T05:06:00,Sweden,Drama,TV,Standard,120,36.6,30.5,2
WATCH-005497,2025-02-10T10:19:00,Germany,Science fiction,TV,Premium,120,107.1,89.2,1
WATCH-005498,2025-02-22T06:52:00,Netherlands,Documentary,Tablet,Basic,30,6.5,21.7,4
WATCH-005499,2025-09-24T04:33:00,Germany,Science fiction,Tablet,Premium,22,19.7,89.5,4
WATCH-005500,2025-11-29T18:42:00,Netherlands,Science fiction,Tablet,Premium,60,10.7,17.8,2
WATCH-005501,2025-05-14T22:49:00,France,Animation,Tablet,Premium,22,20.4,92.7,5
WATCH-005502,2025-08-29T10:53:00,Spain,Thriller,Tablet,Premium,30,7.5,25.0,4
WATCH-005503,2025-06-23T18:12:00,Spain,Comedy,Laptop,Basic,30,8.6,28.7,5
WATCH-005504,2025-09-09T12:41:00,Sweden,Science fiction,Phone,Basic,90,69.9,77.7,1
WATCH-005505,2025-04-29T22:02:00,Netherlands,Comedy,Tablet,Premium,22,4.7,21.4,2
WATCH-005506,2025-07-20T00:38:00,France,Comedy,Phone,Basic,120,86.6,72.2,4
WATCH-005507,2025-05-19T21:59:00,Italy,Documentary,Phone,Basic,60,52.7,87.8,3
WATCH-005508,2025-01-22T06:27:00,Sweden,Thriller,Tablet,Premium,45,32.2,71.6,4
WATCH-005509,2025-12-09T10:25:00,Sweden,Thriller,Tablet,Standard,90,16.4,18.2,2
WATCH-005510,2025-02-08T21:00:00,Italy,Thriller,Laptop,Standard,90,56.2,62.4,4
WATCH-005511,2025-02-23T18:03:00,Spain,Comedy,Laptop,Standard,30,28.7,95.7,2
WATCH-005512,2025-12-21T08:32:00,Netherlands,Animation,Phone,Premium,90,65.2,72.4,4
WATCH-005513,2025-10-12T20:25:00,Spain,Drama,TV,Premium,60,28.4,47.3,5
WATCH-005514,2025-02-28T02:20:00,Netherlands,Thriller,Tablet,Standard,22,7.6,,4
WATCH-005515,2025-07-14T00:44:00,Spain,Documentary,TV,Standard,22,2.4,10.9,5
WATCH-005516,2025-12-23T00:16:00,France,Thriller,TV,Standard,90,25.9,28.8,3
WATCH-005517,2025-05-29T17:17:00,Germany,Science fiction,Phone,Premium,60,44.7,74.5,1
WATCH-005518,2025-09-23T18:28:00,Spain,Drama,Tablet,Standard,22,2.3,10.5,1
WATCH-005519,2025-01-26T20:58:00,Germany,Documentary,TV,Premium,45,18.7,41.6,4
WATCH-005520,2025-12-27T16:42:00,Germany,Comedy,TV,Premium,120,55.4,46.2,5
WATCH-005521,2025-09-20T06:15:00,Netherlands,Animation,TV,Standard,30,3.3,11.0,3
WATCH-005522,2025-12-01T01:05:00,France,Science fiction,Phone,Premium,45,42.5,94.4,1
WATCH-005523,2025-09-19T12:32:00,Italy,Science fiction,Tablet,Premium,45,36.3,80.7,2
WATCH-005524,2025-11-03T17:48:00,France,Drama,TV,Premium,22,17.7,80.5,2
WATCH-005525,2025-11-29T09:25:00,Spain,Comedy,Phone,Standard,45,34.6,76.9,5
WATCH-005526,2025-04-07T07:04:00,Spain,Documentary,Phone,Premium,90,47.6,52.9,5
WATCH-005527,2025-10-22T03:37:00,Netherlands,Comedy,Laptop,Premium,120,68.3,56.9,3
WATCH-005528,2025-02-18T11:57:00,Netherlands,Drama,Phone,Premium,90,26.4,29.3,3
WATCH-005529,2025-03-08T10:20:00,Italy,Animation,Phone,Standard,60,9.3,15.5,4
WATCH-005530,2025-10-22T15:00:00,Germany,Documentary,Tablet,Premium,90,82.5,91.7,5
WATCH-005531,2025-03-01T22:11:00,Netherlands,Comedy,TV,Standard,90,55.1,61.2,2
WATCH-005532,2025-05-15T11:10:00,Netherlands,Documentary,Laptop,Premium,120,76.8,64.0,5
WATCH-005533,2025-09-25T03:22:00,Germany,Documentary,Tablet,Standard,22,1.8,8.2,3
WATCH-005534,2025-08-02T15:39:00,France,Science fiction,Tablet,Premium,120,52.8,44.0,3
WATCH-005535,2025-05-01T11:17:00,Spain,Animation,Tablet,Basic,22,8.3,37.7,3
WATCH-005536,2025-11-13T08:53:00,Spain,Drama,Phone,Standard,22,18.9,85.9,4
WATCH-005537,2025-06-13T23:19:00,Italy,Animation,Phone,Standard,22,8.5,38.6,2
WATCH-005538,2025-05-25T14:05:00,Germany,Documentary,Laptop,Premium,45,30.7,68.2,5
WATCH-005539,2025-01-16T23:47:00,Netherlands,Animation,TV,Basic,60,14.0,23.3,5
WATCH-005540,2025-05-09T03:55:00,Spain,Drama,Tablet,Standard,90,40.7,45.2,2
WATCH-005541,2025-07-20T10:16:00,Italy,Documentary,Phone,Standard,22,14.7,66.8,5
WATCH-005542,2025-11-22T17:16:00,Italy,Animation,Phone,Basic,90,43.3,48.1,3
WATCH-005543,2025-07-07T20:47:00,Spain,Animation,Phone,Standard,22,20.5,93.2,1
WATCH-005544,2025-11-21T22:17:00,Spain,Drama,TV,Basic,30,4.3,14.3,2
WATCH-005545,2025-10-04T16:48:00,Italy,Drama,Laptop,Standard,45,6.2,13.8,4
WATCH-005546,2025-05-22T03:00:00,Germany,Thriller,Laptop,Basic,60,23.4,39.0,1
WATCH-005547,2025-08-23T11:01:00,France,Science fiction,Laptop,Premium,45,38.9,86.4,2
WATCH-005548,2025-05-29T10:36:00,Italy,Drama,Laptop,Premium,22,18.2,82.7,4
WATCH-005549,2025-08-07T04:44:00,Italy,Science fiction,Tablet,Standard,45,43.1,95.8,5
WATCH-005550,2025-03-08T07:43:00,Sweden,Animation,Phone,Basic,90,58.0,64.4,5
WATCH-005551,2025-01-26T16:58:00,Germany,Documentary,Phone,Basic,90,81.0,,2
WATCH-005552,2025-11-02T03:36:00,France,Documentary,Laptop,Standard,30,6.6,22.0,5
WATCH-005553,2025-12-04T16:24:00,France,Comedy,Laptop,Basic,45,18.8,41.8,5
WATCH-005554,2025-01-01T07:42:00,Germany,Science fiction,Tablet,Basic,30,5.7,19.0,1
WATCH-005555,2025-11-21T20:27:00,France,Thriller,Tablet,Premium,90,33.1,36.8,2
WATCH-005556,2025-01-22T23:52:00,Sweden,Thriller,Laptop,Basic,90,65.7,73.0,2
WATCH-005557,2025-01-21T11:40:00,Netherlands,Animation,TV,Standard,22,18.6,84.5,5
WATCH-005558,2025-05-06T03:50:00,Germany,Animation,Tablet,Basic,45,43.2,96.0,2
WATCH-005559,2025-09-06T19:22:00,France,Thriller,TV,Basic,90,46.5,51.7,3
WATCH-005560,2025-07-26T10:59:00,France,Science fiction,TV,Premium,90,6.2,6.9,1
WATCH-005561,2025-09-04T03:01:00,Sweden,Drama,Tablet,Premium,60,16.5,27.5,5
WATCH-005562,2025-03-26T00:18:00,Netherlands,Drama,,Premium,30,17.9,59.7,1
WATCH-005563,2025-11-17T04:41:00,Sweden,Science fiction,Phone,Basic,30,14.4,48.0,5
WATCH-005564,2025-05-15T19:59:00,Sweden,Animation,Phone,Basic,120,72.2,60.2,1
WATCH-005565,2025-01-26T13:38:00,Netherlands,Science fiction,Phone,Premium,45,21.9,48.7,2
WATCH-005566,2025-06-05T20:36:00,Spain,Animation,Laptop,Premium,45,12.0,26.7,5
WATCH-005567,2025-04-17T19:22:00,Netherlands,Science fiction,Tablet,Standard,90,39.1,43.4,1
WATCH-005568,2025-10-24T08:10:00,Italy,Drama,Phone,Standard,30,8.6,28.7,4
WATCH-005569,2025-12-23T10:16:00,Italy,Documentary,Phone,Basic,45,41.0,91.1,5
WATCH-005570,2025-08-09T17:47:00,Italy,Animation,Laptop,Premium,120,62.0,51.7,1
WATCH-005571,2025-09-04T09:42:00,Sweden,Documentary,Phone,Standard,22,18.1,82.3,5
WATCH-005572,2025-05-12T22:08:00,Spain,Comedy,TV,Premium,22,18.4,83.6,4
WATCH-005573,2025-08-20T04:43:00,Sweden,Thriller,Tablet,Basic,60,15.8,26.3,2
WATCH-005574,2025-07-26T21:44:00,France,Documentary,TV,Basic,30,14.7,49.0,2
WATCH-005575,2025-02-16T20:25:00,France,Documentary,TV,Basic,60,34.3,57.2,2
WATCH-005576,2025-07-11T10:45:00,Sweden,Animation,Tablet,Standard,22,11.7,53.2,4
WATCH-005577,2025-03-15T10:00:00,Sweden,Thriller,Tablet,Basic,120,27.7,23.1,1
WATCH-005578,2025-09-04T04:54:00,Netherlands,Drama,Tablet,Premium,45,3.2,7.1,3
WATCH-005579,2025-05-13T04:38:00,Netherlands,Thriller,Tablet,Standard,90,56.5,62.8,4
WATCH-005580,2025-04-23T18:20:00,Germany,Science fiction,Laptop,Standard,22,5.9,26.8,2
WATCH-005581,2025-05-03T10:03:00,Germany,Drama,Laptop,Premium,120,45.6,38.0,4
WATCH-005582,2025-06-09T21:18:00,Spain,Drama,Phone,Premium,30,27.3,91.0,5
WATCH-005583,2025-01-27T02:39:00,Italy,Thriller,Laptop,Basic,30,26.6,88.7,3
WATCH-005584,2025-02-12T16:20:00,Netherlands,Thriller,Tablet,Standard,90,33.6,37.3,2
WATCH-005585,2025-07-19T20:18:00,France,Animation,Phone,Premium,30,9.5,31.7,5
WATCH-005586,2025-09-17T10:55:00,France,Animation,Laptop,Basic,90,38.7,43.0,4
WATCH-005587,2025-08-29T22:34:00,Spain,Comedy,Phone,Basic,90,63.2,70.2,4
WATCH-005588,2025-10-23T11:20:00,Netherlands,Thriller,Tablet,Basic,60,42.8,,4
WATCH-005589,2025-04-03T13:29:00,Germany,Science fiction,TV,Premium,30,21.8,72.7,2
WATCH-005590,2025-09-05T01:30:00,Germany,Comedy,Tablet,Basic,90,23.1,25.7,4
WATCH-005591,2025-06-09T08:22:00,Netherlands,Documentary,Tablet,Basic,30,1.7,5.7,5
WATCH-005592,2025-08-03T08:57:00,Spain,Thriller,Tablet,Basic,45,43.9,97.6,1
WATCH-005593,2025-11-10T08:23:00,Netherlands,Documentary,Phone,Basic,60,47.3,78.8,2
WATCH-005594,2025-04-28T02:42:00,Sweden,Science fiction,Laptop,Basic,90,46.8,52.0,3
WATCH-005595,2025-09-14T04:36:00,France,Thriller,Phone,Basic,22,9.1,41.4,2
WATCH-005596,2025-12-30T15:37:00,Spain,Drama,Phone,Basic,60,30.6,51.0,2
WATCH-005597,2025-07-05T22:39:00,Germany,Thriller,Laptop,Premium,30,16.2,54.0,4
WATCH-005598,2025-05-18T09:33:00,Netherlands,Comedy,TV,Premium,90,82.3,91.4,5
WATCH-005599,2025-04-27T00:11:00,Spain,Drama,Phone,Premium,120,67.7,56.4,5
WATCH-005600,2025-01-14T02:06:00,Netherlands,Drama,Phone,Premium,60,42.6,71.0,4
WATCH-005601,2025-08-25T11:09:00,Sweden,Animation,Tablet,Basic,30,6.1,20.3,4
WATCH-005602,2025-04-30T22:47:00,Italy,Thriller,Phone,Premium,45,37.3,82.9,4
WATCH-005603,2025-06-03T19:21:00,Spain,Comedy,TV,Premium,45,39.4,87.6,5
WATCH-005604,2025-06-05T12:17:00,Germany,Animation,Laptop,Standard,60,38.1,63.5,2
WATCH-005605,2025-02-03T08:33:00,Netherlands,Thriller,Tablet,Standard,60,58.1,96.8,4
WATCH-005606,2025-01-17T21:44:00,Netherlands,Comedy,TV,Standard,30,19.6,65.3,5
WATCH-005607,2025-02-04T04:35:00,Germany,Animation,Laptop,Premium,120,94.5,78.8,5
WATCH-005608,2025-08-05T05:11:00,Sweden,Drama,Tablet,Basic,120,116.3,96.9,5
WATCH-005609,2025-04-12T08:17:00,France,Thriller,TV,Premium,90,47.1,52.3,1
WATCH-005610,2025-04-12T05:23:00,France,Animation,Laptop,Basic,30,1.8,6.0,1
WATCH-005611,2025-09-04T14:05:00,Netherlands,Thriller,TV,Standard,30,24.0,80.0,3
WATCH-005612,2025-10-11T08:13:00,Spain,Comedy,Tablet,Basic,90,43.3,48.1,4
WATCH-005613,2025-03-17T13:17:00,Germany,Animation,TV,Premium,90,40.3,44.8,4
WATCH-005614,2025-10-17T23:42:00,Spain,Documentary,TV,Premium,120,94.0,78.3,5
WATCH-005615,2025-07-06T12:14:00,Sweden,Drama,Laptop,Premium,90,54.9,61.0,2
WATCH-005616,2025-12-17T01:42:00,Sweden,Drama,Laptop,Premium,45,17.6,39.1,2
WATCH-005617,2025-11-02T23:18:00,France,Drama,Laptop,Basic,120,26.1,21.8,5
WATCH-005618,2025-07-03T00:18:00,France,Drama,TV,Basic,120,16.2,13.5,5
WATCH-005619,2025-06-11T00:51:00,Sweden,Thriller,Laptop,Premium,90,55.5,61.7,1
WATCH-005620,2025-05-24T04:18:00,Spain,Documentary,Laptop,Basic,30,8.9,29.7,2
WATCH-005621,2025-06-09T09:32:00,Spain,Science fiction,Phone,Standard,60,56.2,93.7,4
WATCH-005622,2025-03-09T20:15:00,Sweden,Drama,Phone,Standard,45,25.3,56.2,4
WATCH-005623,2025-08-25T01:17:00,Italy,Science fiction,Phone,Basic,90,35.0,38.9,5
WATCH-005624,2025-04-21T01:25:00,Spain,Thriller,TV,Standard,22,8.9,40.5,1
WATCH-005625,2025-02-20T17:19:00,Spain,Thriller,Phone,Premium,60,28.7,,3
WATCH-005626,2025-02-17T04:57:00,France,Science fiction,Phone,Premium,60,58.7,97.8,4
WATCH-005627,2025-10-03T07:17:00,Italy,Thriller,Tablet,Premium,22,19.5,88.6,2
WATCH-005628,2025-01-31T07:33:00,Germany,Drama,Phone,Basic,45,23.7,52.7,3
WATCH-005629,2025-05-23T07:45:00,Spain,Animation,Tablet,Premium,60,39.5,65.8,3
WATCH-005630,2025-10-09T01:46:00,Italy,Thriller,TV,Standard,30,20.8,69.3,2
WATCH-005631,2025-07-06T15:54:00,Italy,Animation,Tablet,Premium,60,13.0,21.7,1
WATCH-005632,2025-01-14T20:03:00,Netherlands,Science fiction,TV,Basic,60,33.3,55.5,2
WATCH-005633,2025-10-03T12:14:00,Sweden,Thriller,Tablet,Basic,45,40.4,89.8,1
WATCH-005634,2025-09-04T12:45:00,Germany,Thriller,Laptop,Standard,45,24.3,54.0,5
WATCH-005635,2025-11-13T04:23:00,France,Documentary,Phone,Premium,45,3.6,8.0,3
WATCH-005636,2025-01-22T03:34:00,Netherlands,Science fiction,Phone,Basic,30,7.6,25.3,5
WATCH-005637,2025-03-30T12:51:00,Netherlands,Animation,Laptop,Premium,22,10.0,45.5,5
WATCH-005638,2025-01-17T19:57:00,Netherlands,Documentary,Tablet,Standard,22,4.9,22.3,3
WATCH-005639,2025-12-17T07:33:00,Italy,Comedy,Phone,Premium,45,28.3,62.9,1
WATCH-005640,2025-07-14T09:49:00,Netherlands,Animation,TV,Premium,22,5.2,23.6,4
WATCH-005641,2025-02-26T00:51:00,Spain,Animation,TV,Standard,60,56.1,93.5,3
WATCH-005642,2025-09-14T00:02:00,France,Science fiction,Tablet,Premium,60,43.3,72.2,3
WATCH-005643,2025-11-11T23:39:00,Italy,Documentary,Tablet,Standard,60,30.5,50.8,4
WATCH-005644,2025-12-10T16:03:00,France,Thriller,Laptop,Premium,90,88.2,98.0,2
WATCH-005645,2025-05-11T15:31:00,Italy,Comedy,,Premium,45,7.4,16.4,5
WATCH-005646,2025-04-08T17:12:00,Germany,Documentary,TV,Standard,90,51.7,57.4,2
WATCH-005647,2025-05-11T16:34:00,Germany,Documentary,Laptop,Premium,60,38.9,64.8,1
WATCH-005648,2025-05-24T06:11:00,Sweden,Drama,Tablet,Standard,60,37.8,63.0,1
WATCH-005649,2025-01-03T12:00:00,Germany,Science fiction,Tablet,Premium,30,10.5,35.0,4
WATCH-005650,2025-03-04T17:26:00,France,Animation,TV,Basic,45,32.5,72.2,5
WATCH-005651,2025-03-22T01:02:00,Spain,Animation,Tablet,Basic,30,29.3,97.7,3
WATCH-005652,2025-11-17T23:51:00,Netherlands,Documentary,Laptop,Basic,90,24.1,26.8,1
WATCH-005653,2025-07-02T10:18:00,Sweden,Drama,TV,Basic,90,72.9,81.0,2
WATCH-005654,2025-01-16T17:18:00,France,Animation,Laptop,Premium,30,7.2,24.0,1
WATCH-005655,2025-08-25T08:32:00,France,Science fiction,Phone,Premium,60,22.1,36.8,4
WATCH-005656,2025-07-03T07:46:00,France,Animation,Phone,Standard,120,42.8,35.7,2
WATCH-005657,2025-02-20T13:06:00,Sweden,Drama,TV,Standard,120,23.2,19.3,2
WATCH-005658,2025-03-09T07:10:00,France,Comedy,Phone,Standard,22,10.8,49.1,1
WATCH-005659,2025-03-04T10:32:00,France,Science fiction,TV,Premium,30,26.4,88.0,3
WATCH-005660,2025-08-24T15:19:00,Italy,Drama,TV,Premium,120,81.2,67.7,3
WATCH-005661,2025-10-26T22:32:00,Netherlands,Thriller,Phone,Premium,120,42.6,35.5,3
WATCH-005662,2025-09-03T21:07:00,Netherlands,Animation,TV,Standard,120,47.0,,1
WATCH-005663,2025-08-10T03:43:00,Netherlands,Comedy,Phone,Basic,22,10.0,45.5,3
WATCH-005664,2025-11-03T16:17:00,Germany,Comedy,TV,Premium,90,44.0,48.9,3
WATCH-005665,2025-07-23T07:16:00,Spain,Thriller,TV,Premium,45,19.3,42.9,2
WATCH-005666,2025-10-29T10:30:00,Spain,Animation,Tablet,Premium,90,10.5,11.7,4
WATCH-005667,2025-10-26T13:03:00,Spain,Animation,Tablet,Basic,90,89.9,99.9,4
WATCH-005668,2025-10-28T10:29:00,Netherlands,Documentary,Laptop,Premium,45,37.0,82.2,1
WATCH-005669,2025-11-02T16:42:00,Italy,Science fiction,Phone,Premium,22,16.3,74.1,1
WATCH-005670,2025-11-02T23:29:00,France,Thriller,Tablet,Standard,22,11.4,51.8,1
WATCH-005671,2025-06-17T14:05:00,Spain,Science fiction,Tablet,Premium,60,8.7,14.5,3
WATCH-005672,2025-10-21T06:41:00,France,Science fiction,Tablet,Premium,90,41.8,46.4,2
WATCH-005673,2025-03-06T02:40:00,Italy,Comedy,Laptop,Standard,45,6.5,14.4,3
WATCH-005674,2025-06-05T03:43:00,Italy,Animation,TV,Standard,22,11.7,53.2,2
WATCH-005675,2025-06-14T19:43:00,Germany,Drama,Tablet,Standard,22,6.6,30.0,5
WATCH-005676,2025-01-03T07:36:00,Germany,Comedy,TV,Basic,60,42.3,70.5,2
WATCH-005677,2025-05-09T20:35:00,France,Comedy,TV,Premium,22,6.5,29.5,5
WATCH-005678,2025-03-29T22:20:00,Spain,Drama,Phone,Standard,120,108.6,90.5,2
WATCH-005679,2025-02-10T22:06:00,Netherlands,Science fiction,Laptop,Standard,120,108.3,90.2,3
WATCH-005680,2025-05-23T21:34:00,Germany,Comedy,Laptop,Basic,22,9.9,45.0,4
WATCH-005681,2025-12-14T11:24:00,Germany,Animation,Tablet,Premium,120,56.6,47.2,4
WATCH-005682,2025-06-24T16:50:00,Spain,Documentary,Tablet,Standard,90,30.2,33.6,3
WATCH-005683,2025-07-22T18:38:00,Italy,Comedy,Tablet,Standard,90,23.0,25.6,3
WATCH-005684,2025-08-31T16:52:00,Italy,Comedy,Phone,Premium,90,20.8,23.1,4
WATCH-005685,2025-07-15T20:21:00,Italy,Thriller,Phone,Basic,120,11.2,9.3,5
WATCH-005686,2025-06-03T14:50:00,Italy,Science fiction,Tablet,Basic,30,9.3,31.0,3
WATCH-005687,2025-04-26T08:11:00,Germany,Science fiction,Laptop,Premium,60,18.7,31.2,3
WATCH-005688,2025-03-29T04:46:00,Germany,Thriller,TV,Standard,90,12.4,13.8,2
WATCH-005689,2025-03-19T22:05:00,Netherlands,Thriller,Laptop,Standard,120,30.8,25.7,1
WATCH-005690,2025-09-09T04:37:00,Italy,Science fiction,Laptop,Basic,60,51.5,85.8,3
WATCH-005691,2025-11-24T13:35:00,France,Comedy,Laptop,Standard,90,14.3,15.9,5
WATCH-005692,2025-09-10T01:08:00,France,Comedy,Laptop,Standard,120,50.9,42.4,3
WATCH-005693,2025-03-11T19:39:00,Spain,Thriller,TV,Premium,30,1.9,6.3,4
WATCH-005694,2025-06-22T23:58:00,Germany,Comedy,Tablet,Standard,90,78.5,87.2,5
WATCH-005695,2025-06-09T07:34:00,Sweden,Animation,Tablet,Premium,22,13.5,61.4,2
WATCH-005696,2025-10-03T08:09:00,France,Comedy,Tablet,Basic,30,25.5,85.0,1
WATCH-005697,2025-02-06T03:05:00,Italy,Documentary,Tablet,Premium,22,19.2,87.3,5
WATCH-005698,2025-08-29T22:17:00,Sweden,Drama,Phone,Standard,60,47.7,79.5,4
WATCH-005699,2025-05-02T22:50:00,Spain,Drama,Tablet,Basic,45,28.7,,1
WATCH-005700,2025-05-08T12:47:00,Italy,Documentary,Tablet,Premium,45,33.6,74.7,3
WATCH-005701,2025-10-14T13:44:00,France,Comedy,Phone,Standard,45,21.4,47.6,2
WATCH-005702,2025-07-10T03:37:00,Spain,Thriller,Tablet,Basic,45,18.0,40.0,3
WATCH-005703,2025-02-25T10:31:00,Italy,Drama,Laptop,Premium,22,2.8,12.7,1
WATCH-005704,2025-08-06T16:19:00,Netherlands,Comedy,TV,Standard,90,19.2,21.3,2
WATCH-005705,2025-08-23T15:43:00,Netherlands,Comedy,Laptop,Premium,120,55.4,46.2,1
WATCH-005706,2025-03-08T16:28:00,France,Comedy,Phone,Premium,45,41.7,92.7,4
WATCH-005707,2025-12-14T14:07:00,Netherlands,Thriller,Laptop,Premium,60,50.2,83.7,2
WATCH-005708,2025-08-21T07:05:00,France,Science fiction,TV,Basic,22,1.5,6.8,4
WATCH-005709,2025-01-30T10:49:00,France,Comedy,Laptop,Standard,90,42.2,46.9,4
WATCH-005710,2025-10-10T19:42:00,Spain,Documentary,Phone,Premium,30,22.8,76.0,3
WATCH-005711,2025-10-20T17:55:00,Spain,Comedy,Laptop,Standard,45,22.0,48.9,4
WATCH-005712,2025-07-17T13:01:00,Netherlands,Animation,TV,Standard,22,11.2,50.9,1
WATCH-005713,2025-12-13T21:59:00,Netherlands,Drama,TV,Basic,45,6.6,14.7,4
WATCH-005714,2025-07-31T07:51:00,France,Science fiction,TV,Standard,60,40.1,66.8,3
WATCH-005715,2025-08-12T19:26:00,Germany,Comedy,Tablet,Premium,45,17.3,38.4,1
WATCH-005716,2025-02-05T06:33:00,France,Science fiction,Phone,Premium,45,31.3,69.6,4
WATCH-005717,2025-07-05T10:23:00,Italy,Comedy,Phone,Basic,22,12.8,58.2,5
WATCH-005718,2025-04-26T15:03:00,Spain,Science fiction,Tablet,Basic,60,11.4,19.0,5
WATCH-005719,2025-02-09T12:00:00,Spain,Documentary,Phone,Basic,120,48.6,40.5,4
WATCH-005720,2025-01-22T01:19:00,France,Animation,Phone,Basic,120,55.5,46.2,2
WATCH-005721,2025-11-09T06:53:00,Netherlands,Documentary,Phone,Basic,45,39.0,86.7,5
WATCH-005722,2025-11-28T09:54:00,France,Drama,Tablet,Standard,30,1.5,5.0,3
WATCH-005723,2025-09-01T16:46:00,Netherlands,Animation,Tablet,Premium,90,85.9,95.4,2
WATCH-005724,2025-08-05T15:17:00,Spain,Science fiction,Phone,Premium,90,55.6,61.8,5
WATCH-005725,2025-07-27T11:27:00,Spain,Drama,TV,Standard,22,15.6,70.9,3
WATCH-005726,2025-09-13T07:42:00,Netherlands,Thriller,TV,Basic,45,10.3,22.9,3
WATCH-005727,2025-10-16T21:00:00,Italy,Drama,Laptop,Premium,45,13.7,30.4,1
WATCH-005728,2025-04-28T10:00:00,Netherlands,Animation,,Premium,22,7.9,35.9,4
WATCH-005729,2025-06-13T01:26:00,Sweden,Documentary,TV,Basic,90,46.3,51.4,3
WATCH-005730,2025-04-07T14:48:00,Spain,Comedy,Laptop,Standard,60,15.3,25.5,1
WATCH-005731,2025-10-28T06:12:00,Italy,Animation,Laptop,Basic,30,6.3,21.0,1
WATCH-005732,2025-05-23T23:36:00,Sweden,Science fiction,Tablet,Premium,90,70.8,78.7,1
WATCH-005733,2025-04-12T09:00:00,Netherlands,Animation,Phone,Basic,22,10.0,45.5,2
WATCH-005734,2025-09-23T02:48:00,France,Documentary,Tablet,Premium,90,24.6,27.3,5
WATCH-005735,2025-12-30T18:10:00,France,Science fiction,Phone,Premium,22,22.0,100.0,1
WATCH-005736,2025-08-05T14:58:00,Germany,Documentary,Laptop,Premium,90,85.8,,5
WATCH-005737,2025-07-04T11:30:00,Netherlands,Documentary,Phone,Basic,120,119.7,99.8,2
WATCH-005738,2025-04-11T07:43:00,Italy,Comedy,Tablet,Premium,30,24.0,80.0,2
WATCH-005739,2025-10-18T10:22:00,Germany,Thriller,Phone,Basic,45,17.1,38.0,5
WATCH-005740,2025-11-01T08:50:00,Netherlands,Documentary,Laptop,Basic,22,6.6,30.0,4
WATCH-005741,2025-06-26T10:22:00,France,Comedy,TV,Premium,90,21.9,24.3,1
WATCH-005742,2025-04-25T04:15:00,Italy,Documentary,Phone,Basic,90,30.3,33.7,5
WATCH-005743,2025-07-14T22:31:00,Germany,Comedy,Phone,Standard,90,82.7,91.9,5
WATCH-005744,2025-08-30T21:56:00,Italy,Animation,Phone,Standard,45,34.2,76.0,5
WATCH-005745,2025-02-04T02:19:00,Italy,Science fiction,Phone,Basic,22,2.5,11.4,4
WATCH-005746,2025-05-20T12:57:00,Netherlands,Thriller,Phone,Premium,60,32.6,54.3,1
WATCH-005747,2025-12-19T09:36:00,Spain,Science fiction,Tablet,Premium,90,13.3,14.8,2
WATCH-005748,2025-03-11T15:41:00,Germany,Documentary,Laptop,Basic,45,19.5,43.3,3
WATCH-005749,2025-02-18T22:17:00,Italy,Science fiction,Phone,Standard,22,13.6,61.8,1
WATCH-005750,2025-01-09T04:07:00,Spain,Thriller,Laptop,Basic,60,27.9,46.5,5
WATCH-005751,2025-12-21T22:11:00,Germany,Drama,Tablet,Standard,120,56.1,46.8,4
WATCH-005752,2025-03-18T15:30:00,Germany,Documentary,Laptop,Premium,120,10.6,8.8,5
WATCH-005753,2025-08-02T20:24:00,Netherlands,Thriller,TV,Premium,120,31.3,26.1,3
WATCH-005754,2025-12-17T13:19:00,Italy,Science fiction,Phone,Standard,90,29.6,32.9,3
WATCH-005755,2025-07-21T07:48:00,Netherlands,Animation,Tablet,Premium,30,14.1,47.0,4
WATCH-005756,2025-03-05T23:17:00,Sweden,Drama,TV,Premium,60,13.9,23.2,4
WATCH-005757,2025-07-23T03:02:00,Sweden,Animation,TV,Basic,22,2.3,10.5,5
WATCH-005758,2025-06-14T08:27:00,Sweden,Documentary,Tablet,Premium,120,116.4,97.0,4
WATCH-005759,2025-12-01T08:14:00,France,Science fiction,Phone,Premium,60,38.3,63.8,4
WATCH-005760,2025-06-22T01:15:00,Sweden,Drama,Tablet,Premium,60,8.4,14.0,1
WATCH-005761,2025-04-25T07:58:00,Sweden,Comedy,Phone,Basic,45,19.5,43.3,1
WATCH-005762,2025-04-08T00:30:00,Italy,Science fiction,Laptop,Standard,60,15.5,25.8,3
WATCH-005763,2025-09-18T20:17:00,Italy,Science fiction,Laptop,Standard,90,77.8,86.4,4
WATCH-005764,2025-10-30T15:35:00,Netherlands,Drama,Laptop,Standard,90,37.1,41.2,5
WATCH-005765,2025-01-21T17:41:00,Sweden,Comedy,Phone,Premium,22,3.6,16.4,1
WATCH-005766,2025-09-28T02:02:00,Spain,Animation,Tablet,Premium,30,21.9,73.0,1
WATCH-005767,2025-09-30T14:25:00,Italy,Science fiction,Phone,Premium,45,25.3,56.2,2
WATCH-005768,2025-08-05T11:23:00,Italy,Documentary,Phone,Basic,60,31.7,52.8,3
WATCH-005769,2025-12-01T05:40:00,Sweden,Science fiction,Tablet,Standard,120,90.3,75.2,3
WATCH-005770,2025-12-31T05:58:00,Italy,Drama,TV,Basic,30,22.0,73.3,2
WATCH-005771,2025-08-26T09:46:00,Netherlands,Documentary,TV,Standard,60,49.0,81.7,2
WATCH-005772,2025-05-06T13:36:00,Netherlands,Thriller,Laptop,Basic,60,27.5,45.8,2
WATCH-005773,2025-09-23T07:50:00,Sweden,Documentary,Laptop,Premium,90,84.5,,4
WATCH-005774,2025-06-15T01:14:00,Italy,Science fiction,Tablet,Basic,90,13.7,15.2,3
WATCH-005775,2025-10-15T06:09:00,Sweden,Animation,Tablet,Premium,22,14.9,67.7,5
WATCH-005776,2025-02-10T14:37:00,France,Comedy,Tablet,Premium,30,18.5,61.7,4
WATCH-005777,2025-04-27T06:10:00,Italy,Drama,TV,Basic,90,73.7,81.9,2
WATCH-005778,2025-04-17T04:38:00,France,Thriller,Phone,Premium,90,32.5,36.1,4
WATCH-005779,2025-03-22T17:02:00,Netherlands,Animation,TV,Standard,60,57.4,95.7,4
WATCH-005780,2025-05-06T23:02:00,Netherlands,Thriller,Phone,Basic,90,50.8,56.4,5
WATCH-005781,2025-02-09T21:53:00,Netherlands,Drama,Tablet,Basic,120,91.3,76.1,1
WATCH-005782,2025-05-24T18:57:00,Sweden,Comedy,Laptop,Basic,22,13.0,59.1,3
WATCH-005783,2025-02-07T13:44:00,Italy,Drama,Phone,Basic,22,20.3,92.3,3
WATCH-005784,2025-12-03T13:14:00,Italy,Science fiction,TV,Standard,22,17.7,80.5,3
WATCH-005785,2025-10-22T11:49:00,Italy,Animation,Tablet,Standard,60,51.9,86.5,1
WATCH-005786,2025-03-11T05:02:00,Sweden,Animation,Tablet,Standard,60,53.2,88.7,5
WATCH-005787,2025-06-20T10:05:00,Netherlands,Thriller,Laptop,Basic,120,67.8,56.5,3
WATCH-005788,2025-12-02T04:33:00,Spain,Drama,TV,Standard,60,41.5,69.2,4
WATCH-005789,2025-01-03T21:09:00,France,Science fiction,Laptop,Premium,45,13.8,30.7,3
WATCH-005790,2025-07-18T01:27:00,Spain,Drama,Laptop,Premium,60,42.4,70.7,1
WATCH-005791,2025-02-13T19:01:00,Germany,Animation,TV,Basic,90,69.3,77.0,1
WATCH-005792,2025-05-09T17:26:00,Netherlands,Science fiction,Tablet,Basic,45,31.4,69.8,5
WATCH-005793,2025-08-14T03:56:00,Sweden,Thriller,Tablet,Premium,30,10.1,33.7,5
WATCH-005794,2025-09-10T10:26:00,Germany,Documentary,Tablet,Standard,30,27.8,92.7,3
WATCH-005795,2025-04-28T09:05:00,Sweden,Comedy,Laptop,Premium,22,18.6,84.5,3
WATCH-005796,2025-07-26T18:00:00,Germany,Drama,TV,Premium,22,3.2,14.5,3
WATCH-005797,2025-11-22T00:05:00,Sweden,Comedy,Tablet,Premium,45,6.0,13.3,2
WATCH-005798,2025-12-18T02:32:00,Netherlands,Drama,Laptop,Standard,60,46.3,77.2,4
WATCH-005799,2025-10-04T21:33:00,Italy,Thriller,Laptop,Standard,45,25.1,55.8,5
WATCH-005800,2025-06-16T17:22:00,France,Animation,Tablet,Basic,45,41.9,93.1,5
WATCH-005801,2025-04-13T17:31:00,Germany,Science fiction,Laptop,Premium,45,12.7,28.2,4
WATCH-005802,2025-05-01T09:50:00,Germany,Comedy,Tablet,Basic,45,11.3,25.1,2
WATCH-005803,2025-02-18T03:04:00,Spain,Animation,Tablet,Premium,60,41.4,69.0,4
WATCH-005804,2025-05-14T10:25:00,Netherlands,Documentary,Laptop,Standard,60,37.8,63.0,1
WATCH-005805,2025-11-29T18:14:00,Netherlands,Science fiction,Tablet,Premium,120,104.6,87.2,3
WATCH-005806,2025-11-01T18:34:00,Netherlands,Science fiction,Phone,Standard,22,12.4,56.4,5
WATCH-005807,2025-02-10T12:04:00,Italy,Thriller,TV,Premium,22,9.1,41.4,4
WATCH-005808,2025-09-10T16:00:00,Spain,Thriller,Laptop,Premium,22,5.6,25.5,1
WATCH-005809,2025-02-28T13:00:00,Spain,Animation,Laptop,Premium,22,16.5,75.0,5
WATCH-005810,2025-02-09T05:36:00,France,Comedy,Tablet,Standard,45,26.7,,2
WATCH-005811,2025-09-01T05:14:00,Netherlands,Thriller,,Premium,22,19.7,89.5,3
WATCH-005812,2025-02-01T16:53:00,Spain,Thriller,Phone,Standard,30,9.1,30.3,2
WATCH-005813,2025-09-26T20:56:00,Germany,Documentary,Tablet,Basic,90,18.5,20.6,2
WATCH-005814,2025-08-26T14:05:00,Germany,Thriller,Phone,Premium,90,62.2,69.1,1
WATCH-005815,2025-02-17T13:17:00,Germany,Documentary,Phone,Standard,22,19.7,89.5,4
WATCH-005816,2025-10-08T10:32:00,France,Comedy,Laptop,Basic,120,33.5,27.9,2
WATCH-005817,2025-07-01T16:03:00,Netherlands,Drama,Laptop,Basic,22,1.4,6.4,4
WATCH-005818,2025-01-24T18:42:00,Netherlands,Documentary,Laptop,Premium,90,35.1,39.0,3
WATCH-005819,2025-03-11T10:22:00,France,Animation,Tablet,Premium,60,4.8,8.0,1
WATCH-005820,2025-06-02T17:42:00,Germany,Animation,Phone,Basic,45,21.0,46.7,5
WATCH-005821,2025-12-16T08:25:00,Netherlands,Science fiction,Laptop,Standard,30,1.6,5.3,1
WATCH-005822,2025-12-04T07:47:00,Italy,Comedy,Phone,Standard,60,44.8,74.7,3
WATCH-005823,2025-09-09T11:30:00,Sweden,Documentary,Laptop,Premium,45,9.5,21.1,5
WATCH-005824,2025-10-07T22:16:00,Spain,Animation,Phone,Premium,45,40.3,89.6,4
WATCH-005825,2025-03-30T09:11:00,Spain,Comedy,Phone,Standard,45,25.6,56.9,5
WATCH-005826,2025-06-28T15:16:00,France,Animation,TV,Standard,120,63.4,52.8,5
WATCH-005827,2025-04-10T05:22:00,Germany,Science fiction,Laptop,Basic,45,10.5,23.3,2
WATCH-005828,2025-09-30T18:57:00,Netherlands,Animation,Phone,Basic,60,36.1,60.2,1
WATCH-005829,2025-04-15T20:35:00,Italy,Thriller,Tablet,Basic,45,11.0,24.4,2
WATCH-005830,2025-08-24T21:51:00,Germany,Comedy,TV,Basic,120,67.5,56.2,1
WATCH-005831,2025-02-21T12:31:00,Germany,Thriller,Phone,Basic,30,29.3,97.7,2
WATCH-005832,2025-10-22T08:07:00,Italy,Animation,TV,Standard,120,73.6,61.3,2
WATCH-005833,2025-11-20T13:49:00,Sweden,Animation,Tablet,Premium,120,32.2,26.8,4
WATCH-005834,2025-06-09T06:52:00,Germany,Animation,Phone,Basic,45,39.6,88.0,1
WATCH-005835,2025-06-17T07:14:00,Netherlands,Animation,TV,Premium,45,36.7,81.6,4
WATCH-005836,2025-07-15T13:41:00,Spain,Documentary,Phone,Premium,60,37.1,61.8,1
WATCH-005837,2025-09-05T10:41:00,France,Thriller,TV,Standard,60,20.5,34.2,2
WATCH-005838,2025-04-14T12:47:00,Sweden,Drama,Laptop,Premium,90,48.6,54.0,3
WATCH-005839,2025-05-02T12:21:00,Germany,Comedy,Laptop,Premium,22,15.8,71.8,5
WATCH-005840,2025-02-09T18:12:00,Spain,Comedy,Tablet,Basic,60,16.1,26.8,2
WATCH-005841,2025-03-10T23:30:00,Sweden,Science fiction,Phone,Premium,45,31.2,69.3,3
WATCH-005842,2025-12-24T06:55:00,France,Documentary,Tablet,Standard,30,24.4,81.3,4
WATCH-005843,2025-01-22T19:52:00,Germany,Drama,Tablet,Standard,90,21.5,23.9,1
WATCH-005844,2025-10-07T15:13:00,Spain,Drama,Laptop,Premium,22,7.6,34.5,5
WATCH-005845,2025-10-02T01:14:00,Italy,Comedy,Tablet,Standard,90,89.6,99.6,3
WATCH-005846,2025-10-23T07:06:00,Sweden,Science fiction,Phone,Premium,22,2.4,10.9,1
WATCH-005847,2025-05-02T11:56:00,Netherlands,Drama,Tablet,Standard,45,26.5,,5
WATCH-005848,2025-01-15T00:36:00,Spain,Comedy,TV,Premium,120,19.3,16.1,3
WATCH-005849,2025-12-24T12:44:00,France,Drama,Laptop,Basic,30,8.1,27.0,5
WATCH-005850,2025-08-18T16:48:00,France,Science fiction,Tablet,Standard,90,51.9,57.7,1
WATCH-005851,2025-06-30T08:27:00,Netherlands,Science fiction,Tablet,Premium,45,37.0,82.2,2
WATCH-005852,2025-01-03T10:24:00,France,Science fiction,Laptop,Premium,60,8.7,14.5,1
WATCH-005853,2025-10-31T21:51:00,Italy,Thriller,TV,Premium,45,25.4,56.4,4
WATCH-005854,2025-04-06T13:53:00,Germany,Animation,TV,Standard,60,55.1,91.8,3
WATCH-005855,2025-08-25T00:17:00,Italy,Thriller,TV,Basic,60,30.0,50.0,1
WATCH-005856,2025-07-07T21:01:00,Germany,Animation,TV,Premium,120,96.8,80.7,1
WATCH-005857,2025-04-28T07:11:00,Spain,Drama,Phone,Standard,90,12.3,13.7,1
WATCH-005858,2025-08-02T15:44:00,Netherlands,Comedy,TV,Basic,45,34.3,76.2,2
WATCH-005859,2025-12-26T02:51:00,Spain,Comedy,TV,Premium,22,1.6,7.3,5
WATCH-005860,2025-04-24T13:01:00,Spain,Comedy,Phone,Premium,45,11.7,26.0,2
WATCH-005861,2025-12-06T00:40:00,Italy,Drama,Tablet,Standard,45,3.8,8.4,5
WATCH-005862,2025-09-21T09:05:00,Spain,Animation,Phone,Premium,90,11.6,12.9,1
WATCH-005863,2025-09-21T00:36:00,Spain,Thriller,Tablet,Premium,60,55.9,93.2,5
WATCH-005864,2025-01-20T03:27:00,France,Science fiction,TV,Standard,60,8.8,14.7,4
WATCH-005865,2025-02-22T17:16:00,France,Drama,Laptop,Basic,45,13.6,30.2,2
WATCH-005866,2025-09-16T13:37:00,Germany,Comedy,Laptop,Premium,22,18.0,81.8,3
WATCH-005867,2025-02-07T11:28:00,Italy,Animation,Phone,Standard,30,10.3,34.3,3
WATCH-005868,2025-04-01T19:36:00,Germany,Documentary,Tablet,Standard,22,4.2,19.1,2
WATCH-005869,2025-07-03T23:07:00,France,Drama,Tablet,Standard,22,18.4,83.6,4
WATCH-005870,2025-06-01T23:55:00,Netherlands,Thriller,Tablet,Basic,60,15.3,25.5,4
WATCH-005871,2025-06-27T22:24:00,Germany,Animation,Laptop,Basic,45,32.7,72.7,3
WATCH-005872,2025-06-01T20:42:00,Spain,Animation,Tablet,Premium,120,15.1,12.6,4
WATCH-005873,2025-09-04T12:11:00,France,Animation,Laptop,Basic,90,76.3,84.8,2
WATCH-005874,2025-10-11T03:51:00,Germany,Thriller,Laptop,Basic,22,20.7,94.1,4
WATCH-005875,2025-11-06T02:12:00,Netherlands,Comedy,Laptop,Standard,60,55.0,91.7,2
WATCH-005876,2025-09-02T20:57:00,Netherlands,Science fiction,Tablet,Premium,120,54.9,45.7,5
WATCH-005877,2025-02-13T03:50:00,France,Documentary,TV,Premium,45,19.4,43.1,3
WATCH-005878,2025-03-17T00:11:00,Spain,Documentary,TV,Basic,22,9.6,43.6,5
WATCH-005879,2025-05-12T17:02:00,Netherlands,Comedy,Phone,Basic,45,45.0,100.0,5
WATCH-005880,2025-01-24T04:21:00,Sweden,Animation,TV,Basic,45,22.3,49.6,4
WATCH-005881,2025-07-16T21:56:00,Italy,Comedy,Phone,Premium,30,3.2,10.7,5
WATCH-005882,2025-03-27T07:34:00,Germany,Documentary,Tablet,Basic,120,59.1,49.2,5
WATCH-005883,2025-05-10T17:54:00,Italy,Comedy,Tablet,Standard,90,85.3,94.8,1
WATCH-005884,2025-09-24T19:47:00,Italy,Thriller,Tablet,Basic,90,7.4,,3
WATCH-005885,2025-07-04T03:00:00,Sweden,Documentary,TV,Premium,22,4.7,21.4,1
WATCH-005886,2025-08-23T10:33:00,Germany,Drama,Phone,Basic,30,6.8,22.7,1
WATCH-005887,2025-01-06T21:36:00,France,Animation,Tablet,Premium,120,31.5,26.2,1
WATCH-005888,2025-09-30T23:32:00,Germany,Drama,Laptop,Premium,60,9.5,15.8,4
WATCH-005889,2025-02-16T23:37:00,Netherlands,Animation,Tablet,Standard,120,55.3,46.1,4
WATCH-005890,2025-02-12T20:33:00,Spain,Comedy,TV,Standard,120,17.3,14.4,2
WATCH-005891,2025-08-21T06:09:00,Spain,Comedy,Phone,Basic,120,90.2,75.2,5
WATCH-005892,2025-03-15T06:54:00,Spain,Animation,TV,Premium,120,105.6,88.0,2
WATCH-005893,2025-04-11T12:59:00,Netherlands,Animation,Phone,Basic,90,29.7,33.0,4
WATCH-005894,2025-10-19T04:54:00,Germany,Drama,,Basic,30,29.0,96.7,5
WATCH-005895,2025-08-10T22:47:00,Sweden,Animation,Tablet,Basic,45,22.6,50.2,4
WATCH-005896,2025-06-21T00:03:00,Italy,Documentary,Phone,Premium,30,19.8,66.0,2
WATCH-005897,2025-04-28T20:30:00,Germany,Animation,TV,Standard,30,22.4,74.7,5
WATCH-005898,2025-03-23T01:27:00,Netherlands,Animation,Laptop,Basic,120,45.0,37.5,3
WATCH-005899,2025-09-17T17:59:00,Netherlands,Comedy,TV,Basic,120,79.1,65.9,1
WATCH-005900,2025-11-29T21:41:00,Italy,Thriller,Phone,Basic,45,29.7,66.0,4
WATCH-005901,2025-03-21T00:43:00,Germany,Science fiction,Phone,Basic,22,10.7,48.6,4
WATCH-005902,2025-11-27T20:25:00,Sweden,Comedy,Phone,Standard,60,48.7,81.2,5
WATCH-005903,2025-03-06T18:53:00,Netherlands,Animation,Tablet,Basic,90,10.6,11.8,1
WATCH-005904,2025-08-16T08:03:00,Spain,Comedy,Phone,Standard,30,13.6,45.3,2
WATCH-005905,2025-07-01T16:38:00,Sweden,Comedy,Tablet,Premium,90,72.1,80.1,3
WATCH-005906,2025-02-11T11:20:00,Sweden,Documentary,Laptop,Premium,22,13.2,60.0,2
WATCH-005907,2025-03-08T05:21:00,Netherlands,Animation,Phone,Standard,60,4.9,8.2,3
WATCH-005908,2025-03-11T10:05:00,France,Documentary,Laptop,Standard,90,42.5,47.2,5
WATCH-005909,2025-06-05T09:23:00,Sweden,Thriller,Phone,Standard,30,18.2,60.7,2
WATCH-005910,2025-08-09T14:05:00,Germany,Documentary,Phone,Standard,45,16.1,35.8,1
WATCH-005911,2025-04-05T12:55:00,Germany,Documentary,Phone,Basic,30,7.3,24.3,4
WATCH-005912,2025-10-31T19:14:00,Italy,Drama,Phone,Premium,45,38.6,85.8,5
WATCH-005913,2025-06-05T04:12:00,Sweden,Science fiction,TV,Premium,22,9.2,41.8,3
WATCH-005914,2025-01-16T04:37:00,France,Animation,Laptop,Basic,90,88.9,98.8,2
WATCH-005915,2025-12-15T22:03:00,France,Science fiction,Phone,Premium,30,24.7,82.3,4
WATCH-005916,2025-09-12T13:30:00,Italy,Thriller,Laptop,Premium,30,5.8,19.3,5
WATCH-005917,2025-05-03T11:07:00,Netherlands,Science fiction,Laptop,Basic,45,42.2,93.8,5
WATCH-005918,2025-05-31T09:22:00,France,Documentary,Phone,Standard,60,44.4,74.0,5
WATCH-005919,2025-12-29T03:00:00,Sweden,Science fiction,Tablet,Basic,120,97.5,81.2,4
WATCH-005920,2025-09-05T17:23:00,Netherlands,Science fiction,Phone,Standard,120,24.7,20.6,3
WATCH-005921,2025-08-11T16:55:00,Spain,Science fiction,TV,Basic,45,32.3,,1
WATCH-005922,2025-09-27T02:33:00,Netherlands,Documentary,Phone,Standard,45,6.9,15.3,2
WATCH-005923,2025-07-22T12:00:00,Sweden,Science fiction,Tablet,Standard,120,32.6,27.2,1
WATCH-005924,2025-02-09T20:46:00,Spain,Drama,Tablet,Premium,22,2.9,13.2,2
WATCH-005925,2025-04-04T00:21:00,Sweden,Comedy,Phone,Basic,30,4.2,14.0,2
WATCH-005926,2025-04-21T18:28:00,Spain,Drama,Laptop,Standard,90,31.1,34.6,4
WATCH-005927,2025-12-08T14:08:00,Germany,Documentary,Laptop,Standard,22,18.2,82.7,3
WATCH-005928,2025-02-22T04:22:00,Germany,Animation,Phone,Premium,30,6.6,22.0,1
WATCH-005929,2025-05-23T21:58:00,Italy,Science fiction,Tablet,Standard,60,56.2,93.7,5
WATCH-005930,2025-06-13T10:30:00,Netherlands,Thriller,Phone,Standard,45,36.1,80.2,3
WATCH-005931,2025-08-07T19:32:00,Sweden,Thriller,Tablet,Standard,60,21.2,35.3,3
WATCH-005932,2025-02-11T00:08:00,Netherlands,Animation,Phone,Standard,60,5.0,8.3,2
WATCH-005933,2025-05-06T14:46:00,Sweden,Science fiction,TV,Premium,30,23.3,77.7,4
WATCH-005934,2025-08-30T20:59:00,Sweden,Documentary,TV,Basic,60,24.4,40.7,3
WATCH-005935,2025-10-13T11:38:00,France,Animation,TV,Basic,60,11.9,19.8,1
WATCH-005936,2025-02-08T01:28:00,Germany,Science fiction,Phone,Basic,30,12.2,40.7,3
WATCH-005937,2025-12-11T06:54:00,Spain,Thriller,Laptop,Standard,60,55.6,92.7,1
WATCH-005938,2025-10-31T19:35:00,Italy,Animation,Tablet,Standard,60,56.2,93.7,2
WATCH-005939,2025-11-24T20:11:00,Netherlands,Science fiction,Laptop,Basic,45,41.8,92.9,3
WATCH-005940,2025-04-01T15:45:00,Spain,Animation,TV,Basic,90,11.6,12.9,5
WATCH-005941,2025-01-05T09:54:00,Netherlands,Animation,TV,Basic,60,24.3,40.5,2
WATCH-005942,2025-07-05T21:15:00,Spain,Documentary,Tablet,Basic,30,25.7,85.7,3
WATCH-005943,2025-12-09T16:57:00,Italy,Science fiction,Tablet,Standard,90,86.5,96.1,2
WATCH-005944,2025-04-12T18:47:00,Netherlands,Drama,TV,Standard,60,28.9,48.2,2
WATCH-005945,2025-06-03T04:20:00,Netherlands,Comedy,Laptop,Standard,60,22.5,37.5,1
WATCH-005946,2025-08-10T16:03:00,Netherlands,Drama,Phone,Standard,120,74.7,62.3,4
WATCH-005947,2025-08-16T09:47:00,Sweden,Documentary,Tablet,Premium,90,62.5,69.4,1
WATCH-005948,2025-09-09T14:04:00,France,Animation,Tablet,Premium,45,18.3,40.7,2
WATCH-005949,2025-11-06T02:45:00,Spain,Documentary,Phone,Premium,30,20.0,66.7,3
WATCH-005950,2025-01-06T06:31:00,Netherlands,Science fiction,Tablet,Premium,30,18.2,60.7,5
WATCH-005951,2025-01-18T22:35:00,Italy,Documentary,Laptop,Premium,60,29.8,49.7,5
WATCH-005952,2025-06-08T02:19:00,Italy,Animation,Laptop,Premium,30,23.7,79.0,2
WATCH-005953,2025-05-24T13:02:00,Netherlands,Documentary,Laptop,Premium,60,34.9,58.2,1
WATCH-005954,2025-05-01T18:43:00,Netherlands,Comedy,Laptop,Standard,120,87.7,73.1,5
WATCH-005955,2025-04-10T10:34:00,Netherlands,Drama,Phone,Basic,60,8.9,14.8,3
WATCH-005956,2025-02-13T01:58:00,Spain,Animation,Tablet,Standard,90,34.8,38.7,1
WATCH-005957,2025-10-05T10:32:00,Italy,Documentary,Phone,Premium,45,18.4,40.9,5
WATCH-005958,2025-08-07T02:32:00,Italy,Documentary,TV,Premium,60,6.4,,5
WATCH-005959,2025-09-06T15:39:00,Germany,Animation,TV,Standard,90,69.8,77.6,4
WATCH-005960,2025-01-12T11:40:00,Sweden,Thriller,Phone,Premium,60,39.9,66.5,3
WATCH-005961,2025-07-31T10:30:00,Netherlands,Documentary,Laptop,Standard,120,21.7,18.1,2
WATCH-005962,2025-05-09T17:41:00,France,Science fiction,Laptop,Standard,45,25.5,56.7,5
WATCH-005963,2025-07-03T20:15:00,Netherlands,Thriller,Tablet,Premium,30,11.2,37.3,5
WATCH-005964,2025-07-22T08:31:00,Sweden,Documentary,Phone,Standard,22,11.3,51.4,3
WATCH-005965,2025-11-24T21:23:00,France,Science fiction,Phone,Basic,45,17.1,38.0,4
WATCH-005966,2025-05-24T13:46:00,Germany,Animation,TV,Premium,60,4.8,8.0,3
WATCH-005967,2025-08-20T20:04:00,Spain,Documentary,Phone,Basic,30,27.9,93.0,5
WATCH-005968,2025-10-19T04:08:00,Spain,Drama,TV,Standard,60,23.1,38.5,2
WATCH-005969,2025-05-07T18:59:00,Germany,Comedy,Tablet,Standard,90,41.1,45.7,1
WATCH-005970,2025-09-04T19:35:00,Spain,Animation,Tablet,Premium,45,4.8,10.7,5
WATCH-005971,2025-05-15T07:46:00,Italy,Comedy,Laptop,Basic,22,16.3,74.1,2
WATCH-005972,2025-05-09T20:41:00,Italy,Documentary,TV,Standard,45,19.8,44.0,4
WATCH-005973,2025-06-13T07:17:00,Italy,Comedy,Laptop,Standard,90,80.8,89.8,4
WATCH-005974,2025-10-19T04:03:00,Germany,Animation,Tablet,Basic,60,30.4,50.7,4
WATCH-005975,2025-09-20T12:10:00,Sweden,Thriller,Laptop,Basic,30,16.6,55.3,1
WATCH-005976,2025-01-20T11:18:00,Italy,Drama,Phone,Standard,120,109.0,90.8,4
WATCH-005977,2025-07-07T13:10:00,Spain,Animation,,Basic,22,6.1,27.7,5
WATCH-005978,2025-07-29T05:06:00,Germany,Drama,Laptop,Standard,45,39.7,88.2,3
WATCH-005979,2025-06-08T00:27:00,Netherlands,Thriller,Laptop,Premium,120,40.5,33.8,2
WATCH-005980,2025-05-28T01:31:00,Italy,Animation,Tablet,Basic,30,17.8,59.3,1
WATCH-005981,2025-03-17T17:35:00,Spain,Animation,Phone,Basic,30,9.4,31.3,4
WATCH-005982,2025-01-17T21:30:00,Spain,Thriller,Laptop,Basic,90,50.5,56.1,5
WATCH-005983,2025-01-24T00:17:00,France,Thriller,Phone,Premium,45,21.6,48.0,3
WATCH-005984,2025-10-12T12:33:00,Sweden,Animation,Laptop,Basic,90,57.2,63.6,4
WATCH-005985,2025-08-11T20:55:00,Germany,Animation,Laptop,Premium,90,63.7,70.8,1
WATCH-005986,2025-06-06T06:42:00,Italy,Animation,TV,Premium,30,5.5,18.3,1
WATCH-005987,2025-06-03T19:29:00,Netherlands,Documentary,Laptop,Basic,60,20.4,34.0,1
WATCH-005988,2025-08-04T16:03:00,France,Comedy,Laptop,Basic,45,40.2,89.3,4
WATCH-005989,2025-04-11T14:09:00,Germany,Drama,Tablet,Basic,22,6.5,29.5,3
WATCH-005990,2025-05-17T19:40:00,Netherlands,Science fiction,TV,Basic,45,12.1,26.9,1
WATCH-005991,2025-06-02T15:09:00,France,Drama,Phone,Standard,120,20.8,17.3,5
WATCH-005992,2025-04-26T09:48:00,France,Comedy,Phone,Standard,90,12.5,13.9,5
WATCH-005993,2025-02-23T11:47:00,Spain,Thriller,Tablet,Premium,30,13.5,45.0,5
WATCH-005994,2025-08-11T11:43:00,France,Thriller,TV,Basic,60,42.7,71.2,4
WATCH-005995,2025-03-19T11:07:00,France,Drama,TV,Standard,22,12.5,,5
WATCH-005996,2025-10-31T06:55:00,Germany,Drama,Tablet,Basic,30,15.6,52.0,5
WATCH-005997,2025-02-05T12:58:00,Italy,Thriller,TV,Basic,120,106.8,89.0,4
WATCH-005998,2025-10-26T16:52:00,Sweden,Comedy,Tablet,Standard,45,11.1,24.7,4
WATCH-005999,2025-10-24T07:51:00,Netherlands,Comedy,Laptop,Premium,22,19.7,89.5,4
WATCH-006000,2025-08-27T07:39:00,Spain,Animation,TV,Basic,45,9.6,21.3,5
WATCH-006001,2025-07-24T10:51:00,Netherlands,Thriller,Tablet,Basic,90,48.8,54.2,4
WATCH-006002,2025-03-01T08:35:00,Italy,Documentary,Phone,Basic,45,24.8,55.1,4
WATCH-006003,2025-08-12T22:32:00,Sweden,Documentary,Tablet,Standard,45,15.4,34.2,1
WATCH-006004,2025-05-04T21:32:00,Germany,Documentary,Phone,Basic,45,30.0,66.7,4
WATCH-006005,2025-08-17T15:07:00,Italy,Science fiction,TV,Basic,22,5.8,26.4,1
WATCH-006006,2025-10-14T11:58:00,Italy,Drama,Tablet,Premium,120,27.2,22.7,1
WATCH-006007,2025-11-04T17:02:00,Sweden,Thriller,Phone,Premium,90,62.9,69.9,3
WATCH-006008,2025-09-27T19:53:00,France,Drama,Phone,Standard,90,70.3,78.1,1
WATCH-006009,2025-04-07T11:55:00,Germany,Animation,Tablet,Standard,120,6.9,5.8,5
WATCH-006010,2025-09-11T22:58:00,Germany,Thriller,Phone,Premium,30,13.6,45.3,4
WATCH-006011,2025-02-20T09:42:00,Sweden,Documentary,Tablet,Basic,45,40.7,90.4,4
WATCH-006012,2025-03-03T20:48:00,Italy,Drama,Phone,Standard,60,5.3,8.8,1
WATCH-006013,2025-01-06T00:27:00,Spain,Drama,Laptop,Basic,30,12.0,40.0,4
WATCH-006014,2025-09-26T19:20:00,Italy,Comedy,TV,Premium,90,37.3,41.4,4
WATCH-006015,2025-05-30T06:45:00,Sweden,Drama,TV,Premium,90,5.4,6.0,1
WATCH-006016,2025-04-04T18:57:00,France,Animation,Laptop,Standard,60,28.0,46.7,3
WATCH-006017,2025-03-06T16:22:00,Spain,Thriller,Tablet,Premium,30,16.2,54.0,5
WATCH-006018,2025-03-31T04:27:00,Spain,Documentary,Phone,Basic,45,41.3,91.8,5
WATCH-006019,2025-12-15T02:59:00,Italy,Drama,Tablet,Basic,120,82.6,68.8,4
WATCH-006020,2025-02-14T21:28:00,Germany,Drama,Laptop,Standard,45,35.2,78.2,2
WATCH-006021,2025-05-11T18:37:00,Netherlands,Thriller,Tablet,Basic,60,57.6,96.0,4
WATCH-006022,2025-03-13T21:49:00,Italy,Drama,Phone,Basic,22,15.7,71.4,3
WATCH-006023,2025-02-25T07:22:00,Germany,Science fiction,TV,Basic,120,64.3,53.6,4
WATCH-006024,2025-08-04T01:59:00,Sweden,Documentary,Phone,Basic,60,37.9,63.2,3
WATCH-006025,2025-03-14T08:57:00,Netherlands,Drama,Laptop,Standard,120,37.7,31.4,2
WATCH-006026,2025-04-29T07:14:00,Netherlands,Science fiction,Phone,Standard,45,6.0,13.3,5
WATCH-006027,2025-10-04T14:12:00,France,Thriller,Tablet,Standard,120,84.0,70.0,3
WATCH-006028,2025-06-09T05:17:00,Italy,Documentary,TV,Standard,60,10.0,16.7,5
WATCH-006029,2025-09-25T12:04:00,Netherlands,Comedy,Phone,Premium,90,39.4,43.8,4
WATCH-006030,2025-02-16T19:21:00,France,Comedy,TV,Premium,22,11.9,54.1,5
WATCH-006031,2025-05-09T01:30:00,Germany,Animation,Tablet,Basic,120,103.4,86.2,1
WATCH-006032,2025-07-26T05:44:00,France,Documentary,Phone,Basic,120,33.0,,2
WATCH-006033,2025-01-03T00:35:00,Sweden,Thriller,TV,Standard,60,13.5,22.5,5
WATCH-006034,2025-10-12T02:31:00,Italy,Thriller,Laptop,Standard,45,19.3,42.9,4
WATCH-006035,2025-06-26T15:45:00,France,Comedy,TV,Premium,30,8.5,28.3,5
WATCH-006036,2025-10-21T14:39:00,France,Animation,TV,Basic,120,11.8,9.8,5
WATCH-006037,2025-10-25T07:10:00,Germany,Science fiction,Laptop,Premium,120,46.7,38.9,2
WATCH-006038,2025-08-27T22:39:00,Germany,Drama,Phone,Basic,45,6.7,14.9,1
WATCH-006039,2025-09-24T22:08:00,Spain,Comedy,Laptop,Basic,30,24.6,82.0,5
WATCH-006040,2025-04-20T04:50:00,France,Thriller,Laptop,Basic,120,63.9,53.2,2
WATCH-006041,2025-06-24T21:33:00,Sweden,Drama,Phone,Premium,30,23.0,76.7,1
WATCH-006042,2025-02-26T15:11:00,Sweden,Comedy,Phone,Basic,120,69.5,57.9,2
WATCH-006043,2025-02-05T07:56:00,Sweden,Documentary,Tablet,Premium,30,25.4,84.7,2
WATCH-006044,2025-04-28T18:21:00,Spain,Animation,Laptop,Premium,30,10.6,35.3,1
WATCH-006045,2025-06-17T20:13:00,Spain,Documentary,Tablet,Basic,120,37.3,31.1,1
WATCH-006046,2025-05-22T07:50:00,Germany,Animation,Laptop,Standard,45,17.8,39.6,5
WATCH-006047,2025-09-10T07:44:00,France,Thriller,Tablet,Basic,60,50.1,83.5,5
WATCH-006048,2025-12-01T01:15:00,France,Comedy,TV,Basic,45,19.5,43.3,1
WATCH-006049,2025-08-06T03:12:00,Italy,Drama,Tablet,Premium,22,10.8,49.1,4
WATCH-006050,2025-10-15T15:19:00,Netherlands,Drama,TV,Premium,30,24.6,82.0,4
WATCH-006051,2025-05-07T16:31:00,Netherlands,Science fiction,Tablet,Standard,60,46.2,77.0,4
WATCH-006052,2025-09-09T13:55:00,Netherlands,Documentary,Laptop,Standard,90,42.6,47.3,3
WATCH-006053,2025-09-12T12:01:00,Germany,Science fiction,Laptop,Standard,60,35.1,58.5,5
WATCH-006054,2025-10-06T04:07:00,France,Science fiction,Laptop,Basic,22,3.1,14.1,5
WATCH-006055,2025-03-27T12:28:00,France,Thriller,Laptop,Premium,22,16.1,73.2,3
WATCH-006056,2025-09-23T13:00:00,Germany,Thriller,Laptop,Standard,22,17.3,78.6,3
WATCH-006057,2025-09-21T17:24:00,Spain,Science fiction,Laptop,Standard,90,87.5,97.2,2
WATCH-006058,2025-10-30T07:55:00,Spain,Thriller,TV,Standard,120,77.7,64.8,5
WATCH-006059,2025-08-15T03:03:00,Germany,Comedy,Tablet,Premium,22,14.3,65.0,2
WATCH-006060,2025-08-23T03:53:00,Sweden,Thriller,,Basic,22,14.3,65.0,2
WATCH-006061,2025-09-08T23:55:00,Italy,Documentary,Phone,Premium,120,53.4,44.5,3
WATCH-006062,2025-03-13T21:21:00,Italy,Comedy,Tablet,Standard,90,79.2,88.0,5
WATCH-006063,2025-02-02T12:41:00,France,Documentary,TV,Standard,60,45.3,75.5,2
WATCH-006064,2025-09-06T08:12:00,Italy,Drama,Tablet,Premium,60,41.9,69.8,1
WATCH-006065,2025-04-15T21:39:00,Sweden,Drama,TV,Standard,120,42.6,35.5,4
WATCH-006066,2025-02-16T10:56:00,Spain,Documentary,Tablet,Premium,90,82.6,91.8,2
WATCH-006067,2025-05-16T21:05:00,France,Science fiction,TV,Standard,60,27.7,46.2,2
WATCH-006068,2025-12-30T05:45:00,France,Drama,Tablet,Standard,45,36.1,80.2,1
WATCH-006069,2025-04-28T04:48:00,Germany,Thriller,TV,Premium,90,87.6,,4
WATCH-006070,2025-08-19T03:01:00,France,Animation,Phone,Standard,90,10.9,12.1,3
WATCH-006071,2025-06-28T19:55:00,Sweden,Drama,TV,Basic,45,22.9,50.9,3
WATCH-006072,2025-02-21T16:02:00,Italy,Drama,Tablet,Premium,60,13.3,22.2,5
WATCH-006073,2025-07-04T21:52:00,Spain,Animation,Tablet,Basic,45,11.6,25.8,2
WATCH-006074,2025-08-02T21:26:00,Italy,Comedy,Laptop,Premium,60,44.3,73.8,3
WATCH-006075,2025-05-13T14:35:00,Italy,Drama,TV,Standard,60,37.0,61.7,1
WATCH-006076,2025-01-07T02:19:00,Netherlands,Comedy,Phone,Premium,90,14.3,15.9,3
WATCH-006077,2025-04-18T21:03:00,Germany,Drama,TV,Premium,120,68.6,57.2,1
WATCH-006078,2025-01-07T14:00:00,France,Thriller,Laptop,Premium,120,75.6,63.0,3
WATCH-006079,2025-02-24T09:26:00,France,Animation,TV,Standard,45,27.2,60.4,4
WATCH-006080,2025-02-02T03:54:00,France,Science fiction,Laptop,Basic,90,82.6,91.8,3
WATCH-006081,2025-11-29T11:50:00,Germany,Thriller,Phone,Premium,45,17.8,39.6,5
WATCH-006082,2025-01-31T17:54:00,Italy,Animation,Laptop,Basic,45,8.5,18.9,5
WATCH-006083,2025-06-18T21:55:00,Netherlands,Animation,Laptop,Basic,120,28.3,23.6,3
WATCH-006084,2025-12-16T06:41:00,Italy,Documentary,Laptop,Standard,120,32.1,26.8,3
WATCH-006085,2025-04-16T09:09:00,Italy,Animation,Laptop,Basic,120,44.1,36.8,5
WATCH-006086,2025-12-23T21:04:00,Spain,Thriller,Phone,Basic,45,30.1,66.9,5
WATCH-006087,2025-01-12T13:30:00,Spain,Thriller,Laptop,Premium,45,32.2,71.6,1
WATCH-006088,2025-05-22T14:52:00,Sweden,Thriller,Laptop,Premium,30,21.3,71.0,3
WATCH-006089,2025-12-23T20:59:00,Sweden,Documentary,Tablet,Basic,22,21.1,95.9,4
WATCH-006090,2025-02-04T23:49:00,Italy,Science fiction,TV,Standard,45,41.9,93.1,1
WATCH-006091,2025-11-28T15:48:00,Germany,Animation,Tablet,Basic,120,39.5,32.9,1
WATCH-006092,2025-03-12T22:24:00,France,Science fiction,Phone,Premium,90,14.6,16.2,1
WATCH-006093,2025-11-11T10:50:00,Italy,Drama,Phone,Premium,90,43.1,47.9,2
WATCH-006094,2025-05-26T06:23:00,Sweden,Documentary,Tablet,Premium,45,2.9,6.4,5
WATCH-006095,2025-09-02T11:13:00,Spain,Documentary,Laptop,Standard,22,18.2,82.7,2
WATCH-006096,2025-05-01T23:58:00,Sweden,Comedy,Phone,Standard,90,33.8,37.6,3
WATCH-006097,2025-01-22T05:22:00,France,Animation,TV,Premium,45,10.0,22.2,3
WATCH-006098,2025-05-27T22:51:00,Italy,Documentary,TV,Standard,30,28.9,96.3,5
WATCH-006099,2025-04-14T23:23:00,Spain,Animation,Phone,Basic,30,6.8,22.7,1
WATCH-006100,2025-11-15T06:17:00,Netherlands,Thriller,Tablet,Standard,30,8.4,28.0,3
WATCH-006101,2025-10-03T16:25:00,France,Documentary,Tablet,Premium,30,6.7,22.3,3
WATCH-006102,2025-02-20T13:10:00,Germany,Comedy,Tablet,Standard,45,16.2,36.0,2
WATCH-006103,2025-04-25T04:32:00,Germany,Comedy,Phone,Premium,22,15.8,71.8,5
WATCH-006104,2025-02-03T04:23:00,Sweden,Animation,TV,Premium,22,9.3,42.3,5
WATCH-006105,2025-08-14T14:11:00,Sweden,Animation,Laptop,Standard,120,6.7,5.6,4
WATCH-006106,2025-01-28T19:01:00,Germany,Documentary,Tablet,Premium,120,109.6,,5
WATCH-006107,2025-09-23T02:08:00,Spain,Animation,Laptop,Standard,22,20.8,94.5,1
WATCH-006108,2025-01-28T02:19:00,Spain,Animation,TV,Basic,45,27.5,61.1,3
WATCH-006109,2025-02-10T00:55:00,Germany,Animation,Laptop,Standard,60,33.3,55.5,5
WATCH-006110,2025-09-14T08:08:00,Spain,Animation,Phone,Standard,120,70.2,58.5,2
WATCH-006111,2025-04-30T12:46:00,Sweden,Science fiction,Laptop,Basic,45,22.9,50.9,2
WATCH-006112,2025-09-26T19:22:00,France,Comedy,TV,Basic,90,4.6,5.1,2
WATCH-006113,2025-03-24T05:51:00,Sweden,Science fiction,Tablet,Basic,90,36.3,40.3,5
WATCH-006114,2025-07-12T20:02:00,Spain,Drama,TV,Standard,90,80.6,89.6,1
WATCH-006115,2025-11-29T03:59:00,France,Science fiction,Tablet,Standard,45,35.1,78.0,4
WATCH-006116,2025-06-04T09:10:00,Sweden,Science fiction,Tablet,Basic,45,2.4,5.3,3
WATCH-006117,2025-05-08T07:04:00,Spain,Comedy,TV,Premium,60,50.6,84.3,4
WATCH-006118,2025-07-31T13:53:00,France,Drama,TV,Basic,22,8.5,38.6,1
WATCH-006119,2025-10-08T10:40:00,Germany,Comedy,Laptop,Premium,90,61.4,68.2,5
WATCH-006120,2025-06-25T15:51:00,Italy,Comedy,TV,Basic,22,8.4,38.2,5
WATCH-006121,2025-02-24T08:22:00,Germany,Thriller,TV,Basic,90,83.3,92.6,2
WATCH-006122,2025-04-15T17:27:00,Sweden,Comedy,Laptop,Standard,30,4.6,15.3,3
WATCH-006123,2025-07-28T18:02:00,France,Science fiction,Phone,Premium,90,90.0,100.0,3
WATCH-006124,2025-09-30T06:51:00,Sweden,Comedy,Tablet,Premium,60,45.9,76.5,1
WATCH-006125,2025-12-19T10:40:00,Germany,Science fiction,TV,Premium,22,14.0,63.6,5
WATCH-006126,2025-12-19T05:12:00,Netherlands,Thriller,Tablet,Premium,45,27.8,61.8,2
WATCH-006127,2025-03-23T04:28:00,Sweden,Science fiction,Tablet,Premium,90,55.0,61.1,5
WATCH-006128,2025-01-28T12:31:00,Germany,Drama,TV,Standard,45,36.0,80.0,4
WATCH-006129,2025-12-27T21:56:00,Netherlands,Science fiction,Phone,Basic,45,4.2,9.3,5
WATCH-006130,2025-05-25T23:48:00,France,Animation,Laptop,Premium,60,14.2,23.7,4
WATCH-006131,2025-11-28T02:56:00,Germany,Animation,Tablet,Basic,45,37.8,84.0,3
WATCH-006132,2025-01-11T00:14:00,Italy,Drama,Tablet,Standard,22,11.0,50.0,5
WATCH-006133,2025-12-06T16:24:00,Germany,Comedy,Phone,Standard,120,24.5,20.4,4
WATCH-006134,2025-04-17T22:39:00,France,Thriller,Phone,Premium,90,9.9,11.0,3
WATCH-006135,2025-06-21T17:26:00,Italy,Science fiction,Phone,Basic,45,30.6,68.0,3
WATCH-006136,2025-10-24T09:21:00,France,Drama,Laptop,Standard,60,48.4,80.7,2
WATCH-006137,2025-09-07T22:40:00,Spain,Comedy,Laptop,Basic,22,14.8,67.3,1
WATCH-006138,2025-08-01T14:13:00,Spain,Comedy,Tablet,Standard,90,8.5,9.4,2
WATCH-006139,2025-02-15T11:32:00,Spain,Drama,TV,Basic,22,10.1,45.9,2
WATCH-006140,2025-09-20T15:25:00,Sweden,Science fiction,TV,Premium,60,53.5,89.2,2
WATCH-006141,2025-06-29T16:54:00,Italy,Comedy,Tablet,Standard,22,7.5,34.1,5
WATCH-006142,2025-04-14T06:58:00,Germany,Thriller,Tablet,Standard,22,18.9,85.9,2
WATCH-006143,2025-04-23T13:47:00,Spain,Science fiction,,Basic,90,55.9,,1
WATCH-006144,2025-04-30T10:10:00,Sweden,Documentary,Laptop,Standard,120,90.2,75.2,5
WATCH-006145,2025-03-14T08:26:00,Spain,Comedy,Laptop,Premium,22,21.4,97.3,2
WATCH-006146,2025-04-14T00:47:00,Spain,Comedy,TV,Basic,120,9.1,7.6,3
WATCH-006147,2025-06-07T14:12:00,France,Science fiction,Laptop,Premium,30,26.4,88.0,1
WATCH-006148,2025-05-18T18:56:00,Germany,Drama,Tablet,Basic,90,64.0,71.1,2
WATCH-006149,2025-07-02T11:39:00,Germany,Animation,Tablet,Standard,90,67.7,75.2,5
WATCH-006150,2025-11-29T09:47:00,Spain,Thriller,TV,Basic,45,20.3,45.1,2
WATCH-006151,2025-08-15T21:42:00,Italy,Comedy,Laptop,Standard,120,49.7,41.4,5
WATCH-006152,2025-06-28T22:24:00,France,Documentary,TV,Basic,22,21.3,96.8,4
WATCH-006153,2025-01-22T10:02:00,France,Science fiction,Laptop,Basic,120,118.7,98.9,4
WATCH-006154,2025-10-24T01:49:00,Sweden,Comedy,Laptop,Standard,45,37.1,82.4,1
WATCH-006155,2025-08-28T21:18:00,Italy,Science fiction,Laptop,Standard,90,18.6,20.7,2
WATCH-006156,2025-08-15T21:13:00,Sweden,Documentary,TV,Premium,60,21.0,35.0,3
WATCH-006157,2025-10-28T18:07:00,France,Comedy,Tablet,Standard,120,118.9,99.1,4
WATCH-006158,2025-07-02T00:46:00,Sweden,Documentary,Tablet,Basic,60,28.7,47.8,2
WATCH-006159,2025-07-28T20:06:00,Netherlands,Documentary,Phone,Standard,30,7.2,24.0,4
WATCH-006160,2025-06-22T12:31:00,France,Thriller,Laptop,Premium,22,19.8,90.0,1
WATCH-006161,2025-09-25T10:40:00,Netherlands,Documentary,Laptop,Standard,45,25.7,57.1,5
WATCH-006162,2025-02-13T10:49:00,Germany,Comedy,TV,Premium,45,3.5,7.8,3
WATCH-006163,2025-05-19T04:38:00,Germany,Drama,Tablet,Standard,120,20.7,17.2,1
WATCH-006164,2025-09-19T17:55:00,Spain,Comedy,TV,Basic,60,4.1,6.8,3
WATCH-006165,2025-07-17T11:03:00,Italy,Comedy,TV,Basic,60,24.4,40.7,4
WATCH-006166,2025-04-10T12:48:00,Spain,Drama,TV,Premium,45,17.6,39.1,4
WATCH-006167,2025-01-19T06:47:00,France,Science fiction,TV,Standard,120,104.9,87.4,4
WATCH-006168,2025-07-29T23:00:00,Germany,Comedy,Tablet,Premium,90,72.2,80.2,4
WATCH-006169,2025-11-28T02:07:00,Netherlands,Drama,TV,Standard,22,17.1,77.7,4
WATCH-006170,2025-10-08T08:57:00,Italy,Drama,Phone,Premium,45,41.8,92.9,2
WATCH-006171,2025-05-22T04:00:00,Sweden,Documentary,Phone,Basic,90,39.0,43.3,3
WATCH-006172,2025-08-06T04:26:00,Sweden,Drama,Laptop,Standard,30,28.9,96.3,2
WATCH-006173,2025-11-25T21:20:00,Netherlands,Comedy,Tablet,Standard,120,58.2,48.5,2
WATCH-006174,2025-09-05T01:22:00,Netherlands,Drama,TV,Basic,60,21.3,35.5,3
WATCH-006175,2025-11-07T04:33:00,Netherlands,Science fiction,Laptop,Premium,120,113.0,94.2,1
WATCH-006176,2025-09-24T22:14:00,Italy,Documentary,TV,Basic,90,11.8,13.1,4
WATCH-006177,2025-12-15T20:40:00,Sweden,Drama,Laptop,Premium,45,31.9,70.9,1
WATCH-006178,2025-06-24T03:51:00,Sweden,Documentary,Laptop,Premium,22,1.6,7.3,2
WATCH-006179,2025-08-06T14:16:00,France,Comedy,Tablet,Basic,90,9.6,10.7,3
WATCH-006180,2025-01-17T23:28:00,Sweden,Animation,Laptop,Basic,22,14.4,,3
WATCH-006181,2025-01-26T01:06:00,Spain,Thriller,Phone,Standard,90,45.6,50.7,5
WATCH-006182,2025-03-23T07:54:00,Spain,Science fiction,TV,Premium,60,55.9,93.2,1
WATCH-006183,2025-05-05T12:06:00,Italy,Comedy,Tablet,Standard,22,8.5,38.6,4
WATCH-006184,2025-02-11T19:27:00,Germany,Documentary,Laptop,Basic,30,6.9,23.0,1
WATCH-006185,2025-10-17T04:34:00,France,Thriller,Tablet,Premium,22,21.7,98.6,5
WATCH-006186,2025-05-07T15:50:00,Italy,Drama,Phone,Basic,90,20.1,22.3,4
WATCH-006187,2025-05-18T03:28:00,Italy,Animation,Tablet,Standard,60,4.8,8.0,1
WATCH-006188,2025-12-20T09:28:00,Spain,Documentary,Phone,Premium,30,24.7,82.3,5
WATCH-006189,2025-08-14T12:36:00,Spain,Documentary,TV,Premium,30,9.2,30.7,2
WATCH-006190,2025-03-12T00:26:00,Germany,Comedy,Phone,Standard,60,43.0,71.7,2
WATCH-006191,2025-04-24T06:25:00,Spain,Documentary,TV,Standard,22,8.1,36.8,1
WATCH-006192,2025-08-12T00:10:00,Netherlands,Thriller,Tablet,Standard,90,19.3,21.4,1
WATCH-006193,2025-04-19T14:57:00,Spain,Animation,Tablet,Premium,90,24.7,27.4,1
WATCH-006194,2025-01-10T16:01:00,Sweden,Comedy,Laptop,Standard,45,11.8,26.2,3
WATCH-006195,2025-08-11T13:27:00,Sweden,Drama,Tablet,Standard,30,17.4,58.0,2
WATCH-006196,2025-06-09T21:29:00,Germany,Drama,TV,Basic,22,13.5,61.4,4
WATCH-006197,2025-08-15T18:18:00,France,Documentary,Phone,Premium,30,3.7,12.3,2
WATCH-006198,2025-10-15T21:13:00,Italy,Animation,Phone,Premium,60,31.3,52.2,3
WATCH-006199,2025-08-18T13:32:00,Italy,Documentary,Laptop,Premium,90,29.3,32.6,3
WATCH-006200,2025-10-14T00:02:00,Italy,Thriller,Tablet,Basic,30,5.0,16.7,4
WATCH-006201,2025-10-05T19:47:00,Italy,Science fiction,Laptop,Standard,90,59.7,66.3,1
WATCH-006202,2025-05-06T06:39:00,Germany,Science fiction,Tablet,Standard,45,11.4,25.3,1
WATCH-006203,2025-06-12T06:04:00,Sweden,Animation,Laptop,Standard,90,69.3,77.0,4
WATCH-006204,2025-11-06T15:31:00,Italy,Thriller,Laptop,Basic,90,59.8,66.4,1
WATCH-006205,2025-07-03T02:16:00,Spain,Comedy,Tablet,Standard,45,32.7,72.7,2
WATCH-006206,2025-10-21T23:37:00,Germany,Documentary,Tablet,Premium,30,11.8,39.3,3
WATCH-006207,2025-11-26T06:07:00,Netherlands,Comedy,Laptop,Basic,60,42.4,70.7,2
WATCH-006208,2025-10-26T04:25:00,Germany,Comedy,Tablet,Premium,90,67.2,74.7,2
WATCH-006209,2025-07-03T23:28:00,France,Science fiction,Laptop,Premium,30,10.0,33.3,3
WATCH-006210,2025-04-19T18:12:00,Italy,Comedy,Phone,Standard,22,8.5,38.6,3
WATCH-006211,2025-10-22T05:32:00,Netherlands,Science fiction,Phone,Standard,120,51.4,42.8,2
WATCH-006212,2025-09-21T04:03:00,Netherlands,Animation,Laptop,Premium,45,11.6,25.8,4
WATCH-006213,2025-09-01T08:03:00,Italy,Science fiction,TV,Standard,22,8.7,39.5,3
WATCH-006214,2025-01-26T03:06:00,Germany,Drama,Laptop,Basic,45,3.2,7.1,4
WATCH-006215,2025-07-03T13:11:00,Sweden,Comedy,Phone,Premium,90,33.7,37.4,1
WATCH-006216,2025-10-13T12:21:00,Germany,Animation,Laptop,Standard,45,22.0,48.9,4
WATCH-006217,2025-08-21T04:41:00,Netherlands,Drama,Phone,Standard,90,29.8,,4
WATCH-006218,2025-08-20T18:30:00,Italy,Drama,TV,Basic,120,33.0,27.5,2
WATCH-006219,2025-11-18T06:30:00,Sweden,Drama,Tablet,Standard,45,15.9,35.3,1
WATCH-006220,2025-11-17T06:12:00,Netherlands,Science fiction,Phone,Standard,30,2.7,9.0,3
WATCH-006221,2025-10-13T03:39:00,France,Comedy,Tablet,Premium,90,7.2,8.0,2
WATCH-006222,2025-07-20T22:10:00,Sweden,Comedy,Laptop,Premium,120,16.2,13.5,2
WATCH-006223,2025-01-17T08:23:00,Italy,Science fiction,Phone,Premium,22,13.9,63.2,1
WATCH-006224,2025-10-24T22:44:00,Sweden,Animation,TV,Standard,90,78.3,87.0,3
WATCH-006225,2025-04-14T20:16:00,Netherlands,Thriller,Tablet,Standard,60,54.1,90.2,2
WATCH-006226,2025-07-23T14:12:00,Sweden,Documentary,,Basic,30,9.7,32.3,2
WATCH-006227,2025-12-15T05:42:00,Italy,Animation,Laptop,Basic,90,32.0,35.6,2
WATCH-006228,2025-09-13T00:14:00,Sweden,Animation,Laptop,Basic,120,111.2,92.7,2
WATCH-006229,2025-05-19T07:34:00,France,Drama,TV,Premium,60,7.7,12.8,5
WATCH-006230,2025-08-10T18:29:00,Italy,Documentary,Laptop,Standard,120,46.8,39.0,4
WATCH-006231,2025-03-15T05:19:00,Sweden,Animation,Phone,Premium,120,108.6,90.5,2
WATCH-006232,2025-04-12T12:14:00,Sweden,Comedy,Tablet,Premium,30,10.6,35.3,4
WATCH-006233,2025-05-02T14:32:00,Germany,Thriller,Tablet,Standard,120,40.2,33.5,5
WATCH-006234,2025-11-05T02:29:00,Italy,Animation,Laptop,Standard,22,15.8,71.8,3
WATCH-006235,2025-08-29T20:31:00,Sweden,Animation,Laptop,Premium,22,4.9,22.3,3
WATCH-006236,2025-07-26T22:29:00,France,Thriller,Phone,Premium,120,6.5,5.4,4
WATCH-006237,2025-03-19T07:28:00,France,Science fiction,Phone,Standard,60,26.9,44.8,4
WATCH-006238,2025-10-05T22:26:00,Germany,Drama,TV,Premium,30,7.6,25.3,1
WATCH-006239,2025-04-29T00:37:00,Netherlands,Animation,Laptop,Basic,90,19.1,21.2,5
WATCH-006240,2025-11-06T00:48:00,France,Science fiction,TV,Premium,45,32.2,71.6,4
WATCH-006241,2025-05-24T05:28:00,Italy,Thriller,Laptop,Standard,30,15.1,50.3,3
WATCH-006242,2025-04-09T11:42:00,Sweden,Thriller,Phone,Standard,60,54.8,91.3,5
WATCH-006243,2025-11-15T09:59:00,Italy,Drama,TV,Basic,120,33.0,27.5,1
WATCH-006244,2025-02-22T09:04:00,Italy,Drama,Laptop,Premium,120,42.4,35.3,2
WATCH-006245,2025-03-15T02:41:00,Sweden,Animation,Phone,Premium,90,12.8,14.2,5
WATCH-006246,2025-05-07T17:54:00,Sweden,Documentary,TV,Standard,45,39.9,88.7,1
WATCH-006247,2025-05-08T12:11:00,Netherlands,Animation,Tablet,Premium,90,45.8,50.9,3
WATCH-006248,2025-11-25T14:32:00,Germany,Science fiction,Laptop,Basic,30,18.3,61.0,4
WATCH-006249,2025-09-18T09:59:00,Netherlands,Animation,Phone,Standard,120,68.3,56.9,5
WATCH-006250,2025-06-14T01:23:00,Italy,Animation,Tablet,Premium,22,15.8,71.8,5
WATCH-006251,2025-07-13T17:53:00,Netherlands,Science fiction,TV,Basic,30,10.1,33.7,3
WATCH-006252,2025-10-09T17:35:00,Sweden,Thriller,Tablet,Standard,22,7.7,35.0,4
WATCH-006253,2025-09-10T07:47:00,France,Science fiction,TV,Premium,22,17.7,80.5,1
WATCH-006254,2025-02-01T16:02:00,France,Thriller,Laptop,Premium,120,26.3,,5
WATCH-006255,2025-09-29T18:44:00,Germany,Drama,Phone,Basic,90,70.4,78.2,2
WATCH-006256,2025-03-16T18:42:00,Germany,Science fiction,TV,Premium,45,11.1,24.7,4
WATCH-006257,2025-02-26T09:09:00,Germany,Thriller,Tablet,Basic,60,23.8,39.7,2
WATCH-006258,2025-11-28T08:35:00,Netherlands,Thriller,TV,Standard,45,11.4,25.3,4
WATCH-006259,2025-04-11T10:33:00,Netherlands,Comedy,Phone,Standard,60,38.4,64.0,5
WATCH-006260,2025-03-14T14:20:00,France,Comedy,Tablet,Standard,60,54.7,91.2,4
WATCH-006261,2025-10-09T09:11:00,France,Thriller,Laptop,Premium,120,98.1,81.8,2
WATCH-006262,2025-11-14T22:50:00,Netherlands,Documentary,Laptop,Basic,30,22.3,74.3,1
WATCH-006263,2025-06-09T02:50:00,France,Thriller,Laptop,Premium,120,65.7,54.8,4
WATCH-006264,2025-05-22T17:21:00,Germany,Documentary,Phone,Premium,120,88.0,73.3,5
WATCH-006265,2025-08-20T06:53:00,Spain,Drama,Laptop,Standard,90,70.0,77.8,2
WATCH-006266,2025-11-14T20:22:00,Germany,Comedy,Phone,Standard,45,22.1,49.1,1
WATCH-006267,2025-09-25T22:49:00,Spain,Animation,Tablet,Standard,60,5.2,8.7,2
WATCH-006268,2025-10-18T20:35:00,Italy,Animation,Tablet,Premium,90,30.9,34.3,4
WATCH-006269,2025-07-28T19:08:00,Sweden,Documentary,TV,Standard,30,2.7,9.0,2
WATCH-006270,2025-01-18T00:36:00,Spain,Science fiction,Phone,Premium,22,8.5,38.6,2
WATCH-006271,2025-06-15T05:30:00,Germany,Thriller,TV,Basic,45,12.4,27.6,2
WATCH-006272,2025-06-26T17:54:00,Netherlands,Comedy,Tablet,Premium,45,44.4,98.7,3
WATCH-006273,2025-04-11T18:17:00,Sweden,Drama,Tablet,Premium,90,13.7,15.2,1
WATCH-006274,2025-05-09T22:09:00,Germany,Documentary,TV,Premium,30,3.4,11.3,5
WATCH-006275,2025-11-11T04:45:00,Spain,Drama,Tablet,Standard,30,13.4,44.7,2
WATCH-006276,2025-04-30T13:55:00,Italy,Drama,Phone,Premium,60,28.5,47.5,1
WATCH-006277,2025-06-13T09:14:00,Germany,Science fiction,TV,Standard,30,9.8,32.7,2
WATCH-006278,2025-03-07T06:30:00,France,Animation,TV,Basic,60,46.6,77.7,1
WATCH-006279,2025-05-06T11:32:00,Germany,Documentary,Laptop,Basic,45,13.2,29.3,1
WATCH-006280,2025-11-21T10:45:00,Sweden,Documentary,TV,Premium,22,3.3,15.0,1
WATCH-006281,2025-03-12T12:29:00,France,Comedy,Laptop,Basic,45,4.9,10.9,3
WATCH-006282,2025-02-15T15:28:00,Sweden,Drama,Laptop,Premium,90,29.8,33.1,2
WATCH-006283,2025-11-16T04:42:00,Netherlands,Drama,Phone,Standard,60,40.8,68.0,2
WATCH-006284,2025-07-25T21:39:00,France,Thriller,TV,Standard,60,42.4,70.7,1
WATCH-006285,2025-01-16T17:08:00,Italy,Animation,Phone,Basic,60,56.6,94.3,3
WATCH-006286,2025-08-26T19:31:00,Spain,Science fiction,TV,Premium,120,21.6,18.0,3
WATCH-006287,2025-07-15T22:07:00,Netherlands,Science fiction,Laptop,Standard,90,61.6,68.4,1
WATCH-006288,2025-02-17T10:36:00,Netherlands,Comedy,Laptop,Basic,60,14.6,24.3,4
WATCH-006289,2025-12-23T13:05:00,Germany,Comedy,TV,Standard,45,4.2,9.3,1
WATCH-006290,2025-02-01T10:20:00,Italy,Drama,Phone,Premium,45,27.8,61.8,2
WATCH-006291,2025-04-20T22:23:00,Germany,Documentary,Tablet,Standard,60,40.6,,4
WATCH-006292,2025-05-29T10:11:00,Italy,Drama,Phone,Premium,60,20.5,34.2,2
WATCH-006293,2025-12-05T10:58:00,Spain,Thriller,Phone,Basic,22,14.2,64.5,4
WATCH-006294,2025-03-01T12:11:00,Spain,Drama,Laptop,Premium,60,30.8,51.3,1
WATCH-006295,2025-01-24T11:50:00,France,Drama,Laptop,Basic,60,51.0,85.0,2
WATCH-006296,2025-07-15T09:19:00,Italy,Comedy,Phone,Basic,120,50.7,42.3,3
WATCH-006297,2025-02-24T15:06:00,Germany,Comedy,TV,Premium,60,26.3,43.8,5
WATCH-006298,2025-07-16T07:16:00,Italy,Science fiction,Phone,Standard,120,51.6,43.0,3
WATCH-006299,2025-05-22T18:18:00,Spain,Documentary,Tablet,Premium,30,1.8,6.0,4
WATCH-006300,2025-05-02T04:18:00,Germany,Drama,Phone,Basic,45,3.0,6.7,1
WATCH-006301,2025-07-12T15:31:00,Italy,Animation,TV,Standard,90,72.6,80.7,3
WATCH-006302,2025-11-07T10:10:00,Spain,Science fiction,Tablet,Standard,22,16.0,72.7,4
WATCH-006303,2025-06-12T05:25:00,Italy,Comedy,Phone,Premium,22,2.7,12.3,2
WATCH-006304,2025-03-22T08:04:00,Sweden,Thriller,Phone,Premium,45,16.4,36.4,4
WATCH-006305,2025-09-06T02:11:00,France,Science fiction,TV,Basic,22,4.8,21.8,3
WATCH-006306,2025-08-01T20:27:00,Netherlands,Science fiction,Phone,Standard,30,18.9,63.0,5
WATCH-006307,2025-10-08T13:08:00,Italy,Animation,Phone,Standard,120,107.6,89.7,5
WATCH-006308,2025-09-13T17:04:00,Spain,Science fiction,Tablet,Standard,90,86.2,95.8,4
WATCH-006309,2025-08-14T18:21:00,France,Thriller,,Basic,45,39.1,86.9,2
WATCH-006310,2025-08-09T10:44:00,Sweden,Comedy,Laptop,Standard,30,17.7,59.0,3
WATCH-006311,2025-12-14T07:03:00,Sweden,Science fiction,Tablet,Premium,22,21.5,97.7,3
WATCH-006312,2025-10-07T18:12:00,Germany,Comedy,Phone,Basic,60,43.2,72.0,1
WATCH-006313,2025-10-30T14:51:00,Italy,Science fiction,Phone,Premium,120,113.5,94.6,2
WATCH-006314,2025-03-26T17:14:00,Sweden,Comedy,TV,Premium,22,21.4,97.3,1
WATCH-006315,2025-05-24T19:26:00,Germany,Thriller,Phone,Basic,90,12.2,13.6,5
WATCH-006316,2025-10-09T13:34:00,Netherlands,Drama,Laptop,Standard,60,51.5,85.8,3
WATCH-006317,2025-02-01T10:45:00,Netherlands,Thriller,Laptop,Basic,60,4.7,7.8,2
WATCH-006318,2025-07-12T00:29:00,Germany,Drama,Tablet,Standard,22,18.6,84.5,1
WATCH-006319,2025-10-03T17:36:00,Spain,Documentary,Phone,Basic,22,17.3,78.6,5
WATCH-006320,2025-05-31T18:20:00,Netherlands,Science fiction,Laptop,Premium,60,45.0,75.0,4
WATCH-006321,2025-08-26T14:32:00,Germany,Drama,Phone,Premium,22,6.8,30.9,1
WATCH-006322,2025-04-26T17:05:00,Spain,Drama,Phone,Standard,90,24.7,27.4,1
WATCH-006323,2025-01-16T08:28:00,Italy,Science fiction,TV,Standard,90,63.3,70.3,4
WATCH-006324,2025-03-29T22:42:00,Sweden,Science fiction,Tablet,Standard,22,8.0,36.4,1
WATCH-006325,2025-07-04T03:05:00,Spain,Thriller,TV,Premium,45,11.3,25.1,2
WATCH-006326,2025-03-10T13:41:00,Sweden,Documentary,TV,Basic,90,60.9,67.7,3
WATCH-006327,2025-12-03T11:42:00,Italy,Animation,Phone,Basic,30,28.2,94.0,2
WATCH-006328,2025-01-07T15:12:00,Netherlands,Animation,Laptop,Basic,22,17.7,,5
WATCH-006329,2025-04-16T11:42:00,Germany,Documentary,TV,Premium,22,4.8,21.8,5
WATCH-006330,2025-08-17T01:16:00,Germany,Comedy,Phone,Standard,45,42.3,94.0,1
WATCH-006331,2025-11-04T11:43:00,France,Drama,Tablet,Basic,45,20.6,45.8,3
WATCH-006332,2025-05-28T15:35:00,Spain,Drama,Phone,Basic,45,16.7,37.1,3
WATCH-006333,2025-11-10T19:01:00,Netherlands,Animation,Laptop,Standard,22,10.3,46.8,1
WATCH-006334,2025-03-21T18:25:00,France,Thriller,Phone,Standard,22,7.2,32.7,3
WATCH-006335,2025-12-25T07:22:00,France,Drama,Phone,Basic,120,75.8,63.2,5
WATCH-006336,2025-08-06T13:36:00,Germany,Comedy,Phone,Premium,22,11.3,51.4,2
WATCH-006337,2025-04-19T04:49:00,Netherlands,Comedy,Tablet,Premium,90,58.4,64.9,5
WATCH-006338,2025-08-25T18:46:00,Germany,Thriller,Tablet,Basic,90,37.7,41.9,4
WATCH-006339,2025-06-14T20:38:00,Italy,Documentary,TV,Premium,90,15.4,17.1,4
WATCH-006340,2025-01-01T06:21:00,Germany,Drama,TV,Basic,90,48.1,53.4,3
WATCH-006341,2025-11-30T11:44:00,Germany,Thriller,Phone,Standard,120,11.9,9.9,5
WATCH-006342,2025-12-07T23:15:00,France,Drama,TV,Basic,60,41.2,68.7,5
WATCH-006343,2025-11-06T15:57:00,France,Animation,Tablet,Basic,90,79.4,88.2,4
WATCH-006344,2025-03-17T17:36:00,Sweden,Thriller,Tablet,Basic,22,16.8,76.4,4
WATCH-006345,2025-10-19T08:54:00,Italy,Thriller,TV,Standard,45,36.3,80.7,1
WATCH-006346,2025-12-22T19:45:00,Germany,Comedy,Phone,Premium,22,21.1,95.9,2
WATCH-006347,2025-06-05T05:59:00,Germany,Documentary,Laptop,Premium,60,6.9,11.5,5
WATCH-006348,2025-11-08T17:25:00,Sweden,Animation,TV,Basic,22,17.8,80.9,5
WATCH-006349,2025-09-21T09:29:00,Spain,Science fiction,TV,Standard,90,45.3,50.3,4
WATCH-006350,2025-05-28T11:05:00,Netherlands,Drama,TV,Standard,30,6.1,20.3,5
WATCH-006351,2025-11-05T04:13:00,Sweden,Animation,Tablet,Standard,30,18.5,61.7,1
WATCH-006352,2025-11-19T06:13:00,France,Comedy,TV,Basic,22,13.0,59.1,3
WATCH-006353,2025-10-29T15:28:00,Sweden,Documentary,Phone,Standard,45,18.7,41.6,5
WATCH-006354,2025-12-13T19:28:00,Netherlands,Documentary,TV,Basic,120,24.3,20.2,2
WATCH-006355,2025-08-20T01:36:00,Spain,Documentary,Laptop,Basic,30,20.9,69.7,2
WATCH-006356,2025-07-01T13:56:00,Italy,Science fiction,TV,Basic,22,5.6,25.5,1
WATCH-006357,2025-07-14T23:06:00,Spain,Thriller,Laptop,Standard,22,10.8,49.1,3
WATCH-006358,2025-01-11T14:47:00,Italy,Drama,Laptop,Premium,45,37.8,84.0,5
WATCH-006359,2025-04-26T09:34:00,Sweden,Drama,Phone,Standard,120,108.2,90.2,2
WATCH-006360,2025-09-07T11:19:00,France,Thriller,Laptop,Standard,22,12.7,57.7,1
WATCH-006361,2025-10-12T16:49:00,Spain,Comedy,Tablet,Standard,22,5.9,26.8,3
WATCH-006362,2025-04-18T03:21:00,Germany,Animation,Tablet,Premium,30,20.2,67.3,2
WATCH-006363,2025-05-13T18:59:00,Netherlands,Animation,Laptop,Premium,120,118.2,98.5,5
WATCH-006364,2025-12-24T07:45:00,Germany,Documentary,Phone,Premium,30,27.9,93.0,4
WATCH-006365,2025-09-18T11:13:00,Netherlands,Animation,Phone,Standard,90,73.8,,4
WATCH-006366,2025-12-02T18:00:00,Sweden,Animation,TV,Premium,45,25.6,56.9,4
WATCH-006367,2025-04-30T16:06:00,Italy,Science fiction,Phone,Standard,45,8.8,19.6,3
WATCH-006368,2025-05-26T07:07:00,Germany,Science fiction,Phone,Basic,60,29.5,49.2,5
WATCH-006369,2025-10-09T08:32:00,France,Comedy,TV,Premium,45,24.5,54.4,4
WATCH-006370,2025-10-12T05:36:00,France,Documentary,Phone,Premium,22,6.5,29.5,3
WATCH-006371,2025-07-24T18:54:00,Germany,Animation,TV,Basic,22,15.8,71.8,2
WATCH-006372,2025-11-03T06:56:00,Germany,Documentary,Laptop,Premium,90,64.3,71.4,5
WATCH-006373,2025-11-10T13:00:00,Sweden,Comedy,Laptop,Premium,60,11.9,19.8,3
WATCH-006374,2025-03-04T17:58:00,Italy,Thriller,TV,Premium,120,50.3,41.9,1
WATCH-006375,2025-05-18T02:14:00,Sweden,Thriller,Laptop,Basic,60,54.7,91.2,1
WATCH-006376,2025-03-06T02:27:00,Sweden,Animation,Phone,Basic,22,1.2,5.5,5
WATCH-006377,2025-08-29T01:47:00,Sweden,Comedy,Laptop,Basic,60,27.1,45.2,4
WATCH-006378,2025-04-11T13:45:00,France,Science fiction,Phone,Standard,90,52.3,58.1,4
WATCH-006379,2025-12-31T07:42:00,Spain,Drama,TV,Standard,60,27.7,46.2,3
WATCH-006380,2025-01-02T06:56:00,Netherlands,Drama,Tablet,Standard,60,33.6,56.0,1
WATCH-006381,2025-09-21T15:12:00,Netherlands,Animation,TV,Basic,120,55.6,46.3,1
WATCH-006382,2025-01-21T13:54:00,Italy,Drama,TV,Standard,22,15.1,68.6,5
WATCH-006383,2025-11-16T20:19:00,Netherlands,Animation,Tablet,Premium,120,71.2,59.3,3
WATCH-006384,2025-01-21T20:58:00,Sweden,Science fiction,Tablet,Standard,90,89.1,99.0,4
WATCH-006385,2025-10-11T20:45:00,France,Animation,TV,Premium,30,24.9,83.0,5
WATCH-006386,2025-02-01T00:33:00,Spain,Comedy,Tablet,Basic,60,4.9,8.2,3
WATCH-006387,2025-09-02T04:26:00,Italy,Science fiction,TV,Premium,90,16.9,18.8,1
WATCH-006388,2025-03-22T02:58:00,France,Animation,Laptop,Basic,22,21.6,98.2,2
WATCH-006389,2025-08-21T17:57:00,France,Animation,TV,Basic,120,84.0,70.0,1
WATCH-006390,2025-09-03T18:26:00,Germany,Documentary,Phone,Standard,22,21.4,97.3,4
WATCH-006391,2025-11-22T08:13:00,Italy,Comedy,Laptop,Basic,45,18.9,42.0,5
WATCH-006392,2025-10-07T11:37:00,France,Animation,,Standard,30,13.7,45.7,2
WATCH-006393,2025-04-25T20:04:00,Sweden,Thriller,Tablet,Premium,90,57.1,63.4,4
WATCH-006394,2025-10-10T06:40:00,Germany,Comedy,TV,Standard,45,36.3,80.7,3
WATCH-006395,2025-10-01T10:06:00,Germany,Science fiction,Laptop,Premium,120,19.2,16.0,2
WATCH-006396,2025-05-01T00:58:00,Italy,Drama,TV,Premium,30,13.7,45.7,4
WATCH-006397,2025-07-14T17:32:00,Netherlands,Animation,Tablet,Premium,60,30.9,51.5,4
WATCH-006398,2025-11-19T18:25:00,Sweden,Comedy,Phone,Premium,60,13.1,21.8,2
WATCH-006399,2025-07-15T17:47:00,Italy,Comedy,TV,Premium,120,32.0,26.7,3
WATCH-006400,2025-04-15T01:07:00,France,Comedy,Laptop,Premium,90,74.2,82.4,3
WATCH-006401,2025-09-11T03:59:00,France,Drama,Phone,Premium,90,4.5,5.0,5
WATCH-006402,2025-12-11T13:30:00,Netherlands,Documentary,Tablet,Standard,45,24.1,,4
WATCH-006403,2025-12-04T11:30:00,Germany,Animation,Laptop,Premium,120,117.1,97.6,5
WATCH-006404,2025-10-28T00:29:00,Spain,Animation,Laptop,Premium,60,24.1,40.2,4
WATCH-006405,2025-03-27T23:51:00,Sweden,Animation,Phone,Premium,120,36.0,30.0,1
WATCH-006406,2025-07-30T21:33:00,Germany,Animation,Phone,Standard,45,9.8,21.8,2
WATCH-006407,2025-09-25T07:23:00,France,Science fiction,TV,Premium,120,36.1,30.1,1
WATCH-006408,2025-01-19T06:58:00,Germany,Documentary,Phone,Standard,60,45.2,75.3,5
WATCH-006409,2025-10-14T09:50:00,Sweden,Animation,Laptop,Premium,22,5.1,23.2,4
WATCH-006410,2025-03-02T16:03:00,Germany,Animation,Laptop,Basic,30,28.8,96.0,4
WATCH-006411,2025-07-14T21:00:00,Netherlands,Animation,Laptop,Premium,30,4.8,16.0,1
WATCH-006412,2025-09-17T12:13:00,Spain,Drama,Phone,Standard,22,16.7,75.9,4
WATCH-006413,2025-08-03T06:35:00,Italy,Science fiction,TV,Premium,45,43.5,96.7,3
WATCH-006414,2025-02-16T20:52:00,France,Comedy,TV,Basic,90,70.9,78.8,1
WATCH-006415,2025-05-18T16:24:00,France,Science fiction,Phone,Premium,22,14.6,66.4,4
WATCH-006416,2025-05-10T08:47:00,Spain,Drama,Tablet,Premium,120,98.3,81.9,5
WATCH-006417,2025-01-29T13:00:00,Sweden,Thriller,Tablet,Standard,120,23.5,19.6,2
WATCH-006418,2025-02-23T11:29:00,France,Animation,Tablet,Basic,90,7.6,8.4,5
WATCH-006419,2025-11-08T02:25:00,Netherlands,Documentary,Laptop,Standard,45,5.2,11.6,2
WATCH-006420,2025-03-25T10:18:00,Netherlands,Science fiction,Tablet,Premium,45,2.8,6.2,5
WATCH-006421,2025-05-15T18:06:00,Sweden,Drama,Phone,Standard,90,50.4,56.0,1
WATCH-006422,2025-11-19T11:33:00,Sweden,Drama,Tablet,Basic,60,12.1,20.2,1
WATCH-006423,2025-07-14T15:13:00,Germany,Thriller,Tablet,Basic,60,9.6,16.0,4
WATCH-006424,2025-04-11T08:43:00,Germany,Animation,Laptop,Premium,22,3.0,13.6,3
WATCH-006425,2025-12-19T08:04:00,Spain,Drama,Tablet,Standard,30,19.4,64.7,5
WATCH-006426,2025-07-10T18:06:00,France,Drama,Laptop,Standard,90,20.2,22.4,4
WATCH-006427,2025-10-24T18:07:00,Italy,Thriller,Tablet,Basic,60,3.9,6.5,3
WATCH-006428,2025-04-12T05:39:00,Spain,Animation,TV,Standard,45,27.9,62.0,5
WATCH-006429,2025-06-21T15:45:00,Italy,Comedy,Tablet,Premium,22,22.0,100.0,1
WATCH-006430,2025-07-29T06:07:00,Spain,Documentary,Phone,Basic,90,60.6,67.3,5
WATCH-006431,2025-01-25T21:04:00,Netherlands,Science fiction,Laptop,Basic,30,17.3,57.7,5
WATCH-006432,2025-10-12T14:59:00,Italy,Animation,Laptop,Premium,22,15.6,70.9,3
WATCH-006433,2025-05-24T14:19:00,Sweden,Science fiction,TV,Premium,22,16.3,74.1,5
WATCH-006434,2025-03-08T00:11:00,France,Comedy,Tablet,Basic,120,101.6,84.7,1
WATCH-006435,2025-06-21T15:56:00,Netherlands,Science fiction,TV,Standard,60,52.8,88.0,4
WATCH-006436,2025-07-26T15:19:00,Netherlands,Animation,Phone,Basic,60,12.1,20.2,4
WATCH-006437,2025-04-14T14:44:00,Spain,Science fiction,TV,Standard,120,88.4,73.7,2
WATCH-006438,2025-01-09T10:44:00,Italy,Documentary,Laptop,Premium,90,72.3,80.3,5
WATCH-006439,2025-06-02T17:28:00,Netherlands,Animation,Phone,Standard,120,48.9,,4
WATCH-006440,2025-01-18T22:14:00,Netherlands,Science fiction,Tablet,Premium,30,3.8,12.7,3
WATCH-006441,2025-09-25T20:03:00,Germany,Drama,TV,Premium,30,12.5,41.7,3
WATCH-006442,2025-10-31T05:28:00,Netherlands,Comedy,Laptop,Premium,22,14.3,65.0,4
WATCH-006443,2025-12-07T14:40:00,Italy,Documentary,Tablet,Standard,45,26.1,58.0,3
WATCH-006444,2025-09-29T22:48:00,Spain,Science fiction,Laptop,Premium,45,31.9,70.9,4
WATCH-006445,2025-11-23T13:49:00,France,Animation,Phone,Premium,120,46.2,38.5,2
WATCH-006446,2025-10-18T02:44:00,Netherlands,Documentary,TV,Basic,60,7.3,12.2,3
WATCH-006447,2025-06-24T07:07:00,Germany,Comedy,Phone,Basic,45,32.3,71.8,1
WATCH-006448,2025-01-22T00:37:00,Germany,Thriller,Laptop,Basic,60,4.8,8.0,1
WATCH-006449,2025-08-23T17:56:00,Italy,Drama,Tablet,Standard,60,14.4,24.0,5
WATCH-006450,2025-11-01T04:21:00,Italy,Animation,Laptop,Standard,22,16.4,74.5,3
WATCH-006451,2025-07-14T12:14:00,Italy,Comedy,Tablet,Standard,22,7.5,34.1,5
WATCH-006452,2025-01-04T08:24:00,Spain,Comedy,Laptop,Basic,45,17.7,39.3,4
WATCH-006453,2025-05-05T16:19:00,Sweden,Animation,Tablet,Premium,45,17.5,38.9,3
WATCH-006454,2025-08-14T18:38:00,Sweden,Documentary,Tablet,Basic,60,43.8,73.0,3
WATCH-006455,2025-11-16T22:58:00,France,Animation,TV,Premium,60,52.5,87.5,5
WATCH-006456,2025-03-02T18:40:00,Germany,Animation,Phone,Standard,90,48.3,53.7,1
WATCH-006457,2025-09-04T16:04:00,Italy,Science fiction,Tablet,Premium,120,45.8,38.2,5
WATCH-006458,2025-12-19T09:08:00,Italy,Thriller,Tablet,Basic,30,17.8,59.3,3
WATCH-006459,2025-11-03T17:57:00,Germany,Thriller,Laptop,Premium,90,21.9,24.3,4
WATCH-006460,2025-08-05T08:13:00,Germany,Animation,Laptop,Premium,90,23.9,26.6,1
WATCH-006461,2025-06-06T02:42:00,Sweden,Comedy,Tablet,Basic,120,116.2,96.8,1
WATCH-006462,2025-08-09T01:49:00,Netherlands,Documentary,Tablet,Premium,45,14.5,32.2,5
WATCH-006463,2025-01-07T18:04:00,Italy,Animation,TV,Standard,120,77.2,64.3,3
WATCH-006464,2025-02-23T03:25:00,Sweden,Comedy,TV,Premium,22,12.1,55.0,4
WATCH-006465,2025-07-28T22:12:00,Germany,Drama,Tablet,Premium,30,10.1,33.7,2
WATCH-006466,2025-05-31T02:41:00,Spain,Comedy,Laptop,Standard,120,66.7,55.6,4
WATCH-006467,2025-10-04T15:30:00,Germany,Drama,Laptop,Premium,60,15.5,25.8,4
WATCH-006468,2025-05-02T05:29:00,Spain,Science fiction,Laptop,Standard,30,22.3,74.3,2
WATCH-006469,2025-02-17T14:13:00,Italy,Documentary,Tablet,Basic,120,98.5,82.1,5
WATCH-006470,2025-06-04T12:09:00,Italy,Comedy,Tablet,Premium,45,18.6,41.3,1
WATCH-006471,2025-12-14T01:28:00,Sweden,Documentary,Tablet,Basic,60,11.0,18.3,3
WATCH-006472,2025-04-27T22:05:00,Netherlands,Thriller,Phone,Standard,30,1.9,6.3,1
WATCH-006473,2025-08-25T14:32:00,Germany,Animation,TV,Standard,90,5.2,5.8,3
WATCH-006474,2025-05-15T04:16:00,France,Animation,Tablet,Standard,60,54.8,91.3,2
WATCH-006475,2025-06-19T08:23:00,France,Thriller,,Standard,90,78.3,87.0,5
WATCH-006476,2025-05-08T10:41:00,Netherlands,Thriller,Tablet,Basic,60,45.3,,1
WATCH-006477,2025-11-20T21:00:00,Germany,Science fiction,Phone,Basic,60,51.1,85.2,2
WATCH-006478,2025-04-11T22:26:00,Netherlands,Documentary,TV,Premium,30,5.2,17.3,5
WATCH-006479,2025-05-27T10:54:00,Germany,Comedy,Tablet,Standard,60,28.0,46.7,4
WATCH-006480,2025-10-22T10:09:00,Sweden,Drama,Phone,Premium,30,4.3,14.3,4
WATCH-006481,2025-03-23T17:52:00,Germany,Thriller,Phone,Premium,45,28.0,62.2,3
WATCH-006482,2025-08-14T02:54:00,France,Animation,Laptop,Basic,22,20.4,92.7,4
WATCH-006483,2025-08-16T00:44:00,Germany,Documentary,TV,Premium,120,8.6,7.2,3
WATCH-006484,2025-12-27T21:52:00,Germany,Thriller,Tablet,Premium,60,56.4,94.0,4
WATCH-006485,2025-09-13T19:10:00,Germany,Science fiction,TV,Premium,120,55.1,45.9,2
WATCH-006486,2025-06-27T09:15:00,Netherlands,Documentary,Laptop,Basic,60,6.0,10.0,3
WATCH-006487,2025-01-04T05:34:00,France,Comedy,Laptop,Basic,90,18.8,20.9,2
WATCH-006488,2025-05-23T01:12:00,Spain,Science fiction,Laptop,Premium,22,17.4,79.1,5
WATCH-006489,2025-11-05T23:30:00,Germany,Animation,Phone,Standard,120,81.1,67.6,1
WATCH-006490,2025-07-26T12:20:00,France,Animation,TV,Premium,120,104.0,86.7,3
WATCH-006491,2025-02-13T16:12:00,Sweden,Comedy,Phone,Standard,22,1.3,5.9,2
WATCH-006492,2025-07-17T02:26:00,Italy,Science fiction,Phone,Standard,45,27.0,60.0,3
WATCH-006493,2025-01-18T20:55:00,Netherlands,Documentary,Tablet,Standard,90,87.2,96.9,5
WATCH-006494,2025-12-23T17:41:00,France,Comedy,TV,Basic,22,21.1,95.9,2
WATCH-006495,2025-11-06T20:49:00,Netherlands,Animation,Phone,Basic,60,45.9,76.5,3
WATCH-006496,2025-03-16T12:30:00,Netherlands,Documentary,Phone,Standard,60,19.3,32.2,3
WATCH-006497,2025-05-28T15:08:00,Spain,Thriller,Phone,Standard,22,18.1,82.3,1
WATCH-006498,2025-04-20T11:21:00,Germany,Comedy,Phone,Standard,90,33.3,37.0,5
WATCH-006499,2025-09-13T13:15:00,Sweden,Animation,TV,Standard,30,20.5,68.3,1
WATCH-006500,2025-09-03T18:55:00,France,Comedy,Phone,Basic,120,107.4,89.5,2
WATCH-006501,2025-11-18T08:58:00,Germany,Comedy,Laptop,Premium,30,26.3,87.7,2
WATCH-006502,2025-07-18T21:28:00,Germany,Animation,Tablet,Premium,120,72.9,60.8,3
WATCH-006503,2025-04-13T22:10:00,Germany,Documentary,Phone,Standard,60,33.5,55.8,3
WATCH-006504,2025-12-01T04:26:00,Spain,Thriller,TV,Standard,120,118.9,99.1,1
WATCH-006505,2025-03-04T18:33:00,Netherlands,Thriller,TV,Premium,60,32.1,53.5,3
WATCH-006506,2025-12-01T15:34:00,France,Thriller,Phone,Standard,90,80.8,89.8,2
WATCH-006507,2025-11-18T18:08:00,Germany,Science fiction,Laptop,Standard,120,6.2,5.2,3
WATCH-006508,2025-02-08T07:08:00,Italy,Thriller,Tablet,Standard,90,6.6,7.3,3
WATCH-006509,2025-05-31T17:10:00,Sweden,Science fiction,TV,Premium,22,3.8,17.3,1
WATCH-006510,2025-01-28T15:48:00,Netherlands,Documentary,Laptop,Standard,22,7.7,35.0,2
WATCH-006511,2025-06-08T20:23:00,France,Animation,Phone,Premium,30,26.4,88.0,4
WATCH-006512,2025-01-25T21:43:00,Italy,Thriller,Phone,Basic,30,16.0,53.3,3
WATCH-006513,2025-09-27T23:43:00,Sweden,Thriller,Laptop,Standard,120,31.9,,4
WATCH-006514,2025-08-16T02:45:00,Netherlands,Comedy,Phone,Premium,120,46.7,38.9,5
WATCH-006515,2025-09-14T21:06:00,France,Drama,Phone,Standard,45,30.6,68.0,1
WATCH-006516,2025-04-19T17:15:00,Netherlands,Comedy,Phone,Basic,120,35.8,29.8,2
WATCH-006517,2025-04-07T09:08:00,France,Thriller,Phone,Basic,60,20.9,34.8,5
WATCH-006518,2025-05-10T00:52:00,Germany,Documentary,Tablet,Premium,60,39.3,65.5,3
WATCH-006519,2025-10-14T05:50:00,Italy,Thriller,Phone,Basic,22,8.3,37.7,4
WATCH-006520,2025-06-04T19:22:00,Germany,Science fiction,TV,Standard,90,40.8,45.3,4
WATCH-006521,2025-02-27T21:09:00,Spain,Comedy,Phone,Basic,90,30.8,34.2,2
WATCH-006522,2025-12-22T01:28:00,Germany,Comedy,Tablet,Basic,60,8.9,14.8,5
WATCH-006523,2025-10-23T08:40:00,Spain,Drama,Phone,Standard,30,19.9,66.3,2
WATCH-006524,2025-06-26T20:57:00,Netherlands,Drama,Laptop,Basic,45,32.0,71.1,3
WATCH-006525,2025-05-14T04:31:00,Sweden,Animation,Laptop,Standard,30,2.6,8.7,3
WATCH-006526,2025-09-08T04:58:00,Germany,Animation,Tablet,Basic,90,67.5,75.0,2
WATCH-006527,2025-07-16T07:17:00,Netherlands,Drama,TV,Basic,45,12.4,27.6,1
WATCH-006528,2025-12-14T22:52:00,Netherlands,Science fiction,Laptop,Premium,90,40.2,44.7,3
WATCH-006529,2025-05-13T18:38:00,Germany,Thriller,Phone,Standard,45,38.7,86.0,2
WATCH-006530,2025-02-26T13:35:00,Netherlands,Comedy,Phone,Basic,45,31.6,70.2,2
WATCH-006531,2025-05-12T02:10:00,Germany,Comedy,Laptop,Premium,30,27.6,92.0,2
WATCH-006532,2025-08-20T12:12:00,France,Thriller,TV,Premium,22,18.1,82.3,3
WATCH-006533,2025-11-03T16:38:00,France,Animation,Tablet,Standard,90,89.4,99.3,4
WATCH-006534,2025-07-31T01:31:00,Italy,Drama,Phone,Premium,22,1.4,6.4,5
WATCH-006535,2025-12-12T08:13:00,Netherlands,Thriller,Phone,Premium,90,75.8,84.2,3
WATCH-006536,2025-01-02T15:03:00,Spain,Documentary,Phone,Premium,120,40.9,34.1,4
WATCH-006537,2025-11-06T02:41:00,Sweden,Documentary,Tablet,Standard,120,22.5,18.8,5
WATCH-006538,2025-05-28T09:58:00,France,Thriller,Laptop,Premium,30,27.4,91.3,4
WATCH-006539,2025-03-05T01:18:00,Germany,Animation,Tablet,Basic,22,5.5,25.0,4
WATCH-006540,2025-04-10T13:27:00,Sweden,Drama,Tablet,Standard,120,42.8,35.7,5
WATCH-006541,2025-11-21T02:46:00,Italy,Animation,Tablet,Standard,120,66.3,55.2,4
WATCH-006542,2025-03-28T11:10:00,France,Animation,Phone,Basic,30,7.8,26.0,3
WATCH-006543,2025-10-25T15:06:00,France,Science fiction,Laptop,Premium,22,19.9,90.5,2
WATCH-006544,2025-04-15T19:39:00,Germany,Thriller,Laptop,Premium,90,44.2,49.1,1
WATCH-006545,2025-04-28T09:58:00,France,Science fiction,TV,Basic,45,28.9,64.2,3
WATCH-006546,2025-12-02T06:28:00,France,Science fiction,Laptop,Premium,60,50.1,83.5,4
WATCH-006547,2025-12-03T13:21:00,Spain,Animation,Laptop,Premium,120,10.6,8.8,5
WATCH-006548,2025-08-01T23:08:00,Italy,Animation,Laptop,Premium,90,41.0,45.6,3
WATCH-006549,2025-12-30T18:58:00,Netherlands,Science fiction,Tablet,Standard,90,25.0,27.8,1
WATCH-006550,2025-02-28T18:37:00,Italy,Animation,Laptop,Premium,45,10.9,,1
WATCH-006551,2025-02-17T00:50:00,France,Documentary,TV,Basic,60,35.9,59.8,2
WATCH-006552,2025-11-28T04:20:00,Italy,Drama,Laptop,Premium,60,34.2,57.0,3
WATCH-006553,2025-10-18T22:31:00,France,Documentary,Phone,Standard,22,5.6,25.5,2
WATCH-006554,2025-09-18T00:09:00,Netherlands,Animation,Phone,Standard,120,82.3,68.6,1
WATCH-006555,2025-04-04T23:50:00,France,Documentary,Tablet,Premium,45,15.1,33.6,2
WATCH-006556,2025-11-25T02:04:00,Netherlands,Thriller,TV,Premium,30,21.9,73.0,4
WATCH-006557,2025-12-11T06:28:00,Italy,Animation,Phone,Standard,90,55.2,61.3,1
WATCH-006558,2025-04-16T13:43:00,Spain,Animation,,Premium,30,29.8,99.3,3
WATCH-006559,2025-01-28T20:13:00,France,Science fiction,Laptop,Standard,45,9.1,20.2,2
WATCH-006560,2025-02-05T12:05:00,Spain,Thriller,Tablet,Standard,120,106.8,89.0,4
WATCH-006561,2025-07-16T00:54:00,Italy,Animation,TV,Basic,120,65.7,54.8,3
WATCH-006562,2025-06-27T13:50:00,France,Thriller,Phone,Premium,30,23.1,77.0,3
WATCH-006563,2025-03-19T16:44:00,France,Science fiction,Laptop,Basic,22,11.0,50.0,2
WATCH-006564,2025-08-08T22:34:00,Italy,Documentary,Tablet,Standard,45,35.4,78.7,1
WATCH-006565,2025-08-16T14:27:00,Netherlands,Documentary,Laptop,Premium,30,25.0,83.3,4
WATCH-006566,2025-04-26T03:04:00,Germany,Drama,Tablet,Premium,22,1.5,6.8,3
WATCH-006567,2025-05-28T20:39:00,France,Science fiction,Tablet,Basic,120,29.5,24.6,4
WATCH-006568,2025-10-08T09:46:00,Spain,Animation,Phone,Basic,30,2.7,9.0,3
WATCH-006569,2025-01-16T13:49:00,Sweden,Documentary,TV,Standard,30,13.2,44.0,5
WATCH-006570,2025-08-21T19:27:00,Italy,Animation,Phone,Basic,120,66.6,55.5,1
WATCH-006571,2025-03-18T09:41:00,France,Comedy,Laptop,Premium,90,61.8,68.7,3
WATCH-006572,2025-12-31T14:53:00,Spain,Drama,TV,Standard,45,3.5,7.8,3
WATCH-006573,2025-12-18T19:55:00,Sweden,Thriller,Laptop,Basic,90,25.4,28.2,1
WATCH-006574,2025-10-12T12:24:00,Italy,Comedy,Tablet,Standard,90,22.9,25.4,3
WATCH-006575,2025-10-15T08:59:00,Netherlands,Thriller,Laptop,Standard,22,12.5,56.8,4
WATCH-006576,2025-05-15T05:52:00,Netherlands,Science fiction,Tablet,Basic,22,5.7,25.9,3
WATCH-006577,2025-02-07T18:37:00,Italy,Science fiction,Laptop,Premium,120,47.3,39.4,3
WATCH-006578,2025-04-09T16:57:00,Italy,Animation,Tablet,Premium,22,18.7,85.0,2
WATCH-006579,2025-11-18T00:13:00,Sweden,Drama,Tablet,Premium,45,37.5,83.3,3
WATCH-006580,2025-06-29T08:25:00,Sweden,Drama,Laptop,Premium,90,10.3,11.4,2
WATCH-006581,2025-05-09T11:17:00,Sweden,Drama,TV,Standard,120,63.2,52.7,3
WATCH-006582,2025-01-13T10:33:00,Netherlands,Drama,Laptop,Basic,30,2.0,6.7,5
WATCH-006583,2025-01-06T23:33:00,France,Thriller,Tablet,Basic,22,21.5,97.7,3
WATCH-006584,2025-02-11T04:26:00,Spain,Drama,Tablet,Basic,60,41.8,69.7,3
WATCH-006585,2025-06-11T22:23:00,Spain,Documentary,Tablet,Basic,30,2.4,8.0,2
WATCH-006586,2025-01-04T22:18:00,Germany,Thriller,Phone,Basic,22,7.4,33.6,5
WATCH-006587,2025-05-17T09:39:00,Italy,Science fiction,TV,Standard,30,4.0,,1
WATCH-006588,2025-10-14T13:20:00,Germany,Animation,Phone,Basic,120,13.8,11.5,4
WATCH-006589,2025-06-13T01:43:00,Netherlands,Animation,Laptop,Basic,120,26.3,21.9,3
WATCH-006590,2025-12-19T09:56:00,Netherlands,Science fiction,Phone,Standard,45,41.0,91.1,4
WATCH-006591,2025-07-23T03:28:00,Germany,Drama,Laptop,Premium,22,2.0,9.1,4
WATCH-006592,2025-12-29T12:14:00,Netherlands,Science fiction,Laptop,Standard,120,9.1,7.6,2
WATCH-006593,2025-09-25T12:49:00,Netherlands,Science fiction,Laptop,Basic,60,19.3,32.2,3
WATCH-006594,2025-09-14T03:13:00,France,Thriller,Tablet,Premium,22,16.3,74.1,2
WATCH-006595,2025-06-24T09:42:00,France,Documentary,Tablet,Standard,22,9.1,41.4,4
WATCH-006596,2025-02-28T10:36:00,Italy,Drama,TV,Basic,60,43.4,72.3,3
WATCH-006597,2025-08-08T17:54:00,Sweden,Drama,Laptop,Basic,45,4.3,9.6,1
WATCH-006598,2025-04-13T23:22:00,Netherlands,Drama,Laptop,Basic,120,51.4,42.8,1
WATCH-006599,2025-04-23T20:15:00,Italy,Documentary,Laptop,Basic,60,6.0,10.0,4
WATCH-006600,2025-08-22T19:15:00,Sweden,Animation,TV,Basic,60,7.3,12.2,4
WATCH-006601,2025-01-31T11:06:00,Spain,Documentary,Phone,Basic,90,43.9,48.8,5
WATCH-006602,2025-01-10T13:19:00,Netherlands,Comedy,Laptop,Standard,60,40.9,68.2,2
WATCH-006603,2025-07-03T01:21:00,Italy,Thriller,Phone,Premium,90,89.0,98.9,1
WATCH-006604,2025-01-24T01:52:00,Sweden,Drama,Phone,Basic,90,67.3,74.8,4
WATCH-006605,2025-11-21T22:50:00,Spain,Thriller,Laptop,Standard,45,41.3,91.8,1
WATCH-006606,2025-10-18T14:27:00,Netherlands,Thriller,TV,Basic,30,9.1,30.3,1
WATCH-006607,2025-09-25T21:32:00,Netherlands,Animation,Phone,Standard,30,7.1,23.7,2
WATCH-006608,2025-01-15T15:09:00,France,Science fiction,Phone,Premium,120,13.2,11.0,1
WATCH-006609,2025-10-05T22:27:00,Germany,Animation,Phone,Basic,120,24.9,20.8,1
WATCH-006610,2025-02-17T23:08:00,Netherlands,Science fiction,TV,Standard,90,88.4,98.2,3
WATCH-006611,2025-08-10T04:03:00,Sweden,Documentary,Laptop,Premium,60,58.4,97.3,4
WATCH-006612,2025-03-26T07:02:00,Spain,Thriller,Phone,Standard,60,8.1,13.5,3
WATCH-006613,2025-11-02T21:40:00,Germany,Comedy,Laptop,Basic,22,6.2,28.2,3
WATCH-006614,2025-06-13T12:11:00,Spain,Animation,TV,Basic,30,29.9,99.7,3
WATCH-006615,2025-05-10T00:05:00,Spain,Documentary,Phone,Basic,90,73.7,81.9,1
WATCH-006616,2025-07-03T15:38:00,Italy,Documentary,Phone,Standard,60,36.6,61.0,5
WATCH-006617,2025-07-12T02:23:00,Netherlands,Drama,Phone,Standard,45,15.3,34.0,4
WATCH-006618,2025-12-03T02:36:00,Spain,Thriller,Laptop,Standard,120,79.4,66.2,5
WATCH-006619,2025-07-19T22:17:00,Netherlands,Documentary,Tablet,Premium,22,20.1,91.4,2
WATCH-006620,2025-01-13T12:35:00,Germany,Drama,Phone,Premium,45,43.8,97.3,1
WATCH-006621,2025-04-08T11:23:00,Netherlands,Thriller,TV,Standard,45,22.7,50.4,4
WATCH-006622,2025-11-27T23:19:00,Sweden,Science fiction,Tablet,Standard,120,25.3,21.1,5
WATCH-006623,2025-09-26T01:42:00,Sweden,Drama,Laptop,Premium,90,60.6,67.3,3
WATCH-006624,2025-10-30T23:27:00,Sweden,Thriller,Laptop,Standard,90,31.0,,1
WATCH-006625,2025-02-12T10:35:00,Netherlands,Comedy,Laptop,Basic,90,10.6,11.8,5
WATCH-006626,2025-08-22T19:59:00,Italy,Drama,Laptop,Basic,45,9.6,21.3,5
WATCH-006627,2025-04-09T20:15:00,Italy,Thriller,Laptop,Standard,22,6.8,30.9,4
WATCH-006628,2025-12-21T23:21:00,Sweden,Thriller,Tablet,Standard,45,12.0,26.7,4
WATCH-006629,2025-07-14T10:11:00,Italy,Animation,Tablet,Basic,45,10.9,24.2,1
WATCH-006630,2025-12-16T18:50:00,Spain,Documentary,TV,Standard,120,65.7,54.8,3
WATCH-006631,2025-03-01T17:21:00,Sweden,Thriller,TV,Basic,22,2.4,10.9,3
WATCH-006632,2025-03-04T16:22:00,Spain,Comedy,Tablet,Basic,30,17.9,59.7,3
WATCH-006633,2025-04-24T12:26:00,Spain,Science fiction,Phone,Standard,120,118.2,98.5,1
WATCH-006634,2025-10-14T07:53:00,Italy,Thriller,Phone,Standard,90,21.9,24.3,3
WATCH-006635,2025-03-22T01:20:00,Spain,Science fiction,Laptop,Standard,90,21.9,24.3,4
WATCH-006636,2025-12-02T13:07:00,Sweden,Documentary,Phone,Premium,30,13.1,43.7,3
WATCH-006637,2025-12-03T00:56:00,Netherlands,Drama,Tablet,Premium,45,10.6,23.6,1
WATCH-006638,2025-03-22T10:10:00,Sweden,Thriller,TV,Standard,30,1.9,6.3,5
WATCH-006639,2025-07-05T12:04:00,Sweden,Animation,Laptop,Premium,45,27.7,61.6,2
WATCH-006640,2025-06-24T13:03:00,France,Science fiction,Phone,Premium,30,26.8,89.3,3
WATCH-006641,2025-11-01T11:14:00,Germany,Documentary,,Basic,22,18.1,82.3,4
WATCH-006642,2025-03-23T04:23:00,Italy,Science fiction,TV,Standard,22,21.9,99.5,4
WATCH-006643,2025-09-04T12:24:00,France,Drama,TV,Premium,30,8.2,27.3,1
WATCH-006644,2025-03-10T15:11:00,Spain,Thriller,Phone,Basic,90,13.5,15.0,5
WATCH-006645,2025-12-13T15:08:00,France,Documentary,Phone,Premium,30,8.2,27.3,1
WATCH-006646,2025-12-14T17:43:00,France,Documentary,Laptop,Basic,60,19.0,31.7,4
WATCH-006647,2025-01-25T09:50:00,Spain,Science fiction,Phone,Premium,60,33.3,55.5,5
WATCH-006648,2025-08-18T03:33:00,Netherlands,Documentary,Phone,Standard,90,61.8,68.7,3
WATCH-006649,2025-11-21T05:02:00,Spain,Animation,Phone,Basic,22,18.1,82.3,5
WATCH-006650,2025-01-14T17:58:00,Netherlands,Comedy,TV,Premium,45,28.8,64.0,5
WATCH-006651,2025-08-25T07:53:00,France,Comedy,Laptop,Basic,45,40.4,89.8,4
WATCH-006652,2025-09-13T13:48:00,Netherlands,Drama,Phone,Basic,45,22.4,49.8,4
WATCH-006653,2025-04-29T02:37:00,Netherlands,Science fiction,TV,Basic,30,11.6,38.7,5
WATCH-006654,2025-04-13T15:14:00,Spain,Documentary,Phone,Standard,60,9.1,15.2,3
WATCH-006655,2025-07-27T11:15:00,Germany,Documentary,TV,Premium,120,77.6,64.7,1
WATCH-006656,2025-10-21T23:49:00,Netherlands,Science fiction,Tablet,Premium,22,8.5,38.6,3
WATCH-006657,2025-06-13T19:32:00,Spain,Comedy,Tablet,Basic,90,43.2,48.0,2
WATCH-006658,2025-05-10T23:02:00,Germany,Documentary,Tablet,Standard,30,20.9,69.7,1
WATCH-006659,2025-05-07T11:16:00,France,Documentary,Tablet,Basic,120,69.5,57.9,4
WATCH-006660,2025-06-17T09:09:00,Netherlands,Documentary,Phone,Standard,60,8.6,14.3,1
WATCH-006661,2025-09-01T19:56:00,Sweden,Animation,TV,Standard,90,23.4,,1
WATCH-006662,2025-04-28T05:12:00,Spain,Comedy,Phone,Premium,90,37.7,41.9,1
WATCH-006663,2025-11-26T01:26:00,Spain,Science fiction,TV,Basic,22,8.4,38.2,3
WATCH-006664,2025-08-01T17:35:00,Netherlands,Thriller,Tablet,Premium,60,26.9,44.8,2
WATCH-006665,2025-11-22T13:38:00,Germany,Science fiction,Tablet,Standard,30,3.4,11.3,3
WATCH-006666,2025-12-15T18:55:00,France,Animation,Phone,Standard,60,41.9,69.8,1
WATCH-006667,2025-12-06T03:24:00,France,Drama,TV,Premium,22,21.9,99.5,5
WATCH-006668,2025-10-20T21:20:00,France,Thriller,TV,Premium,22,6.8,30.9,3
WATCH-006669,2025-12-18T16:36:00,Germany,Animation,Laptop,Standard,120,62.6,52.2,3
WATCH-006670,2025-11-11T20:29:00,Netherlands,Drama,Phone,Standard,120,29.3,24.4,4
WATCH-006671,2025-04-13T02:18:00,Germany,Documentary,Phone,Standard,90,34.0,37.8,2
WATCH-006672,2025-03-13T20:17:00,Netherlands,Animation,Laptop,Standard,45,6.4,14.2,3
WATCH-006673,2025-09-04T13:13:00,Netherlands,Animation,Tablet,Premium,30,5.8,19.3,1
WATCH-006674,2025-03-24T13:16:00,Netherlands,Comedy,TV,Standard,60,27.6,46.0,3
WATCH-006675,2025-02-24T08:44:00,Italy,Animation,Tablet,Premium,30,26.7,89.0,3
WATCH-006676,2025-11-18T14:28:00,Sweden,Thriller,Tablet,Premium,60,31.6,52.7,4
WATCH-006677,2025-05-18T09:05:00,Netherlands,Documentary,Phone,Basic,120,54.4,45.3,1
WATCH-006678,2025-07-11T20:57:00,France,Comedy,TV,Basic,22,7.2,32.7,2
WATCH-006679,2025-05-08T08:15:00,Sweden,Science fiction,TV,Standard,30,17.1,57.0,4
WATCH-006680,2025-06-20T16:54:00,Netherlands,Comedy,Laptop,Premium,120,67.3,56.1,5
WATCH-006681,2025-05-29T19:34:00,Italy,Comedy,Laptop,Basic,22,17.9,81.4,1
WATCH-006682,2025-06-08T20:57:00,France,Drama,TV,Standard,90,45.6,50.7,1
WATCH-006683,2025-10-08T05:50:00,France,Comedy,TV,Basic,120,46.7,38.9,2
WATCH-006684,2025-10-23T18:10:00,Sweden,Documentary,TV,Standard,60,17.4,29.0,2
WATCH-006685,2025-08-29T16:34:00,Spain,Drama,TV,Premium,45,37.6,83.6,5
WATCH-006686,2025-05-07T18:30:00,Sweden,Thriller,TV,Standard,22,6.1,27.7,1
WATCH-006687,2025-09-07T13:46:00,Spain,Drama,Tablet,Standard,30,8.6,28.7,1
WATCH-006688,2025-12-17T13:33:00,Italy,Science fiction,Phone,Premium,90,18.0,20.0,2
WATCH-006689,2025-04-25T16:29:00,Italy,Animation,Phone,Premium,30,23.1,77.0,2
WATCH-006690,2025-12-11T09:34:00,Netherlands,Animation,Phone,Premium,30,10.0,33.3,4
WATCH-006691,2025-07-14T11:35:00,Netherlands,Documentary,Laptop,Premium,45,33.4,74.2,3
WATCH-006692,2025-02-25T03:19:00,Spain,Science fiction,TV,Standard,120,56.1,46.8,1
WATCH-006693,2025-04-24T02:38:00,Italy,Comedy,Phone,Standard,30,7.3,24.3,5
WATCH-006694,2025-08-09T14:33:00,Spain,Drama,TV,Basic,120,56.0,46.7,1
WATCH-006695,2025-06-29T22:26:00,Germany,Drama,Laptop,Standard,60,23.6,39.3,4
WATCH-006696,2025-08-07T01:27:00,Italy,Comedy,Tablet,Standard,45,22.5,50.0,2
WATCH-006697,2025-12-18T15:09:00,France,Science fiction,Laptop,Standard,30,5.3,17.7,1
WATCH-006698,2025-11-24T23:06:00,Netherlands,Thriller,Tablet,Premium,60,12.5,,3
WATCH-006699,2025-04-29T14:05:00,Spain,Science fiction,Phone,Basic,120,40.4,33.7,1
WATCH-006700,2025-04-26T01:07:00,Germany,Documentary,TV,Basic,22,12.9,58.6,4
WATCH-006701,2025-09-13T07:37:00,Sweden,Animation,Laptop,Standard,22,6.8,30.9,4
WATCH-006702,2025-07-29T06:23:00,Netherlands,Animation,Laptop,Standard,60,4.8,8.0,1
WATCH-006703,2025-07-13T08:43:00,Germany,Animation,Laptop,Basic,45,6.6,14.7,2
WATCH-006704,2025-04-08T21:57:00,Spain,Science fiction,Tablet,Standard,45,6.1,13.6,5
WATCH-006705,2025-04-09T18:43:00,Spain,Comedy,Tablet,Premium,30,7.9,26.3,2
WATCH-006706,2025-03-06T02:45:00,Germany,Comedy,Laptop,Premium,120,112.5,93.8,5
WATCH-006707,2025-10-04T10:30:00,France,Documentary,Tablet,Premium,120,70.9,59.1,3
WATCH-006708,2025-10-28T22:48:00,Spain,Thriller,TV,Basic,90,37.7,41.9,4
WATCH-006709,2025-06-08T05:41:00,Sweden,Documentary,Tablet,Standard,45,12.0,26.7,4
WATCH-006710,2025-01-03T13:54:00,Sweden,Documentary,Laptop,Premium,120,94.7,78.9,1
WATCH-006711,2025-08-14T07:50:00,Sweden,Animation,Laptop,Standard,22,7.7,35.0,3
WATCH-006712,2025-05-28T05:25:00,Sweden,Documentary,Phone,Premium,60,3.3,5.5,2
WATCH-006713,2025-04-06T20:21:00,Spain,Thriller,Phone,Basic,120,13.0,10.8,4
WATCH-006714,2025-12-13T07:51:00,Germany,Animation,TV,Standard,45,24.2,53.8,3
WATCH-006715,2025-05-17T16:44:00,Germany,Animation,Laptop,Standard,30,14.3,47.7,5
WATCH-006716,2025-05-02T21:18:00,France,Drama,Phone,Standard,22,15.3,69.5,5
WATCH-006717,2025-11-17T17:17:00,Sweden,Animation,Phone,Basic,60,15.5,25.8,1
WATCH-006718,2025-10-10T14:40:00,Italy,Documentary,Tablet,Basic,90,31.3,34.8,2
WATCH-006719,2025-11-09T20:18:00,Netherlands,Thriller,TV,Basic,90,22.6,25.1,5
WATCH-006720,2025-11-28T07:32:00,Germany,Documentary,Tablet,Premium,30,4.1,13.7,2
WATCH-006721,2025-05-24T05:36:00,Germany,Animation,Phone,Standard,45,19.1,42.4,4
WATCH-006722,2025-02-11T02:17:00,Italy,Drama,Tablet,Basic,22,17.5,79.5,4
WATCH-006723,2025-07-30T08:05:00,Netherlands,Thriller,Laptop,Premium,30,18.2,60.7,1
WATCH-006724,2025-05-01T06:11:00,Spain,Animation,,Premium,90,48.7,54.1,2
WATCH-006725,2025-05-26T04:51:00,Netherlands,Animation,Laptop,Basic,60,48.1,80.2,4
WATCH-006726,2025-10-07T04:09:00,Sweden,Documentary,TV,Basic,22,21.7,98.6,2
WATCH-006727,2025-07-13T03:21:00,France,Animation,Tablet,Premium,22,13.0,59.1,2
WATCH-006728,2025-03-29T22:28:00,Sweden,Comedy,TV,Premium,90,6.6,7.3,1
WATCH-006729,2025-09-18T22:20:00,Netherlands,Documentary,TV,Basic,45,17.6,39.1,2
WATCH-006730,2025-04-06T17:34:00,Spain,Comedy,TV,Standard,90,27.9,31.0,3
WATCH-006731,2025-01-05T06:03:00,Spain,Drama,Tablet,Standard,22,13.2,60.0,2
WATCH-006732,2025-11-08T22:18:00,Italy,Animation,Tablet,Basic,90,48.8,54.2,3
WATCH-006733,2025-03-13T10:40:00,Germany,Drama,Tablet,Basic,90,7.0,7.8,4
WATCH-006734,2025-09-09T13:33:00,Netherlands,Animation,TV,Basic,120,43.9,36.6,2
WATCH-006735,2025-12-08T15:48:00,Sweden,Documentary,Phone,Premium,22,17.9,,2
WATCH-006736,2025-05-06T23:22:00,Sweden,Comedy,Phone,Standard,90,52.7,58.6,3
WATCH-006737,2025-01-17T10:22:00,Netherlands,Animation,Phone,Premium,22,17.0,77.3,1
WATCH-006738,2025-12-04T00:13:00,Netherlands,Documentary,TV,Standard,45,5.4,12.0,3
WATCH-006739,2025-07-11T08:43:00,Italy,Science fiction,TV,Basic,22,19.3,87.7,3
WATCH-006740,2025-05-15T05:25:00,Germany,Drama,Laptop,Standard,90,19.5,21.7,3
WATCH-006741,2025-01-19T15:31:00,Sweden,Drama,Phone,Basic,22,19.6,89.1,3
WATCH-006742,2025-09-17T22:01:00,Spain,Documentary,TV,Standard,22,18.5,84.1,1
WATCH-006743,2025-11-20T09:15:00,Netherlands,Science fiction,Laptop,Premium,30,17.9,59.7,1
WATCH-006744,2025-01-24T13:00:00,Italy,Science fiction,Laptop,Standard,120,28.0,23.3,5
WATCH-006745,2025-10-12T17:32:00,Spain,Comedy,Phone,Basic,90,44.3,49.2,4
WATCH-006746,2025-08-24T08:02:00,Italy,Comedy,Phone,Basic,120,112.4,93.7,2
WATCH-006747,2025-10-18T06:20:00,Italy,Science fiction,TV,Premium,90,80.0,88.9,2
WATCH-006748,2025-01-29T06:31:00,Spain,Documentary,Phone,Premium,22,19.2,87.3,1
WATCH-006749,2025-12-17T16:12:00,Italy,Animation,TV,Standard,30,3.6,12.0,3
WATCH-006750,2025-09-22T15:35:00,Italy,Animation,Tablet,Standard,22,18.0,81.8,1
WATCH-006751,2025-05-31T23:39:00,France,Science fiction,TV,Premium,60,31.0,51.7,4
WATCH-006752,2025-01-02T03:41:00,Germany,Thriller,TV,Premium,30,22.5,75.0,5
WATCH-006753,2025-04-03T15:56:00,Germany,Comedy,Tablet,Basic,120,49.9,41.6,2
WATCH-006754,2025-03-05T04:58:00,Germany,Science fiction,Laptop,Standard,120,77.2,64.3,4
WATCH-006755,2025-06-29T23:08:00,Netherlands,Animation,Tablet,Standard,45,16.9,37.6,2
WATCH-006756,2025-11-12T12:16:00,Germany,Drama,TV,Premium,30,11.8,39.3,4
WATCH-006757,2025-10-10T20:41:00,Sweden,Comedy,TV,Premium,22,7.2,32.7,1
WATCH-006758,2025-10-24T01:33:00,Italy,Drama,Tablet,Premium,45,42.7,94.9,3
WATCH-006759,2025-09-10T09:23:00,Sweden,Comedy,Tablet,Premium,30,18.5,61.7,5
WATCH-006760,2025-08-25T19:22:00,Italy,Animation,Phone,Premium,120,47.9,39.9,2
WATCH-006761,2025-03-13T13:37:00,Netherlands,Science fiction,Laptop,Premium,30,17.0,56.7,3
WATCH-006762,2025-01-02T07:58:00,Netherlands,Science fiction,Laptop,Premium,45,8.6,19.1,3
WATCH-006763,2025-01-13T00:44:00,Italy,Documentary,TV,Basic,45,41.2,91.6,5
WATCH-006764,2025-09-15T20:21:00,Spain,Comedy,Phone,Premium,90,57.1,63.4,2
WATCH-006765,2025-06-18T09:27:00,Netherlands,Documentary,Tablet,Standard,30,8.1,27.0,3
WATCH-006766,2025-10-18T10:18:00,Italy,Thriller,Tablet,Premium,30,14.1,47.0,5
WATCH-006767,2025-06-23T14:22:00,Spain,Thriller,Laptop,Standard,30,4.5,15.0,2
WATCH-006768,2025-06-04T11:51:00,Italy,Thriller,Tablet,Premium,22,5.9,26.8,2
WATCH-006769,2025-10-08T02:37:00,Sweden,Thriller,TV,Premium,45,4.6,10.2,4
WATCH-006770,2025-11-15T19:31:00,Germany,Animation,Phone,Standard,22,9.2,41.8,5
WATCH-006771,2025-09-16T17:18:00,Germany,Science fiction,TV,Standard,45,32.2,71.6,1
WATCH-006772,2025-10-06T07:26:00,Spain,Comedy,Phone,Premium,60,46.0,,1
WATCH-006773,2025-03-05T20:58:00,Italy,Drama,Phone,Basic,120,95.6,79.7,4
WATCH-006774,2025-06-14T16:23:00,Germany,Animation,Tablet,Premium,120,95.2,79.3,1
WATCH-006775,2025-07-02T08:29:00,Netherlands,Documentary,Tablet,Basic,30,14.1,47.0,1
WATCH-006776,2025-08-31T22:25:00,France,Documentary,Phone,Premium,45,22.8,50.7,2
WATCH-006777,2025-01-16T00:37:00,Netherlands,Animation,Tablet,Premium,45,18.4,40.9,2
WATCH-006778,2025-06-01T05:21:00,Sweden,Science fiction,Phone,Premium,60,29.1,48.5,3
WATCH-006779,2025-07-20T01:54:00,Spain,Science fiction,Laptop,Premium,45,37.4,83.1,2
WATCH-006780,2025-09-21T00:30:00,Sweden,Science fiction,Laptop,Premium,60,45.2,75.3,2
WATCH-006781,2025-04-13T19:55:00,Italy,Drama,Phone,Basic,22,11.3,51.4,4
WATCH-006782,2025-05-19T17:01:00,Italy,Documentary,Phone,Basic,22,13.0,59.1,1
WATCH-006783,2025-05-10T17:39:00,Italy,Comedy,Tablet,Standard,120,54.0,45.0,3
WATCH-006784,2025-09-11T02:17:00,Italy,Comedy,Phone,Premium,30,11.7,39.0,2
WATCH-006785,2025-03-05T02:25:00,Spain,Drama,TV,Premium,90,52.7,58.6,5
WATCH-006786,2025-12-26T02:01:00,France,Drama,Tablet,Standard,60,54.2,90.3,4
WATCH-006787,2025-06-13T20:18:00,Netherlands,Animation,Phone,Basic,30,28.9,96.3,3
WATCH-006788,2025-11-05T02:24:00,France,Animation,TV,Basic,60,51.8,86.3,4
WATCH-006789,2025-03-28T10:34:00,France,Thriller,Laptop,Premium,22,2.8,12.7,1
WATCH-006790,2025-07-02T20:21:00,Spain,Thriller,Tablet,Standard,45,17.5,38.9,3
WATCH-006791,2025-05-30T13:50:00,Sweden,Science fiction,Phone,Basic,30,9.3,31.0,3
WATCH-006792,2025-02-14T22:42:00,France,Comedy,Phone,Standard,60,31.4,52.3,3
WATCH-006793,2025-01-26T02:14:00,France,Drama,TV,Basic,60,28.6,47.7,2
WATCH-006794,2025-05-08T19:27:00,Germany,Drama,Phone,Basic,22,14.4,65.5,4
WATCH-006795,2025-04-12T19:25:00,Sweden,Animation,Tablet,Standard,90,52.6,58.4,3
WATCH-006796,2025-02-03T02:19:00,Sweden,Drama,Laptop,Standard,90,78.6,87.3,3
WATCH-006797,2025-06-26T21:12:00,Sweden,Documentary,TV,Premium,120,72.5,60.4,2
WATCH-006798,2025-02-12T10:03:00,Netherlands,Animation,Laptop,Basic,90,71.1,79.0,3
WATCH-006799,2025-02-22T04:06:00,Italy,Drama,Phone,Premium,45,20.3,45.1,2
WATCH-006800,2025-06-07T08:44:00,Sweden,Animation,Laptop,Premium,120,96.2,80.2,3
WATCH-006801,2025-10-03T04:36:00,Netherlands,Animation,Tablet,Premium,30,11.7,39.0,1
WATCH-006802,2025-03-11T22:41:00,France,Science fiction,Phone,Premium,90,60.1,66.8,3
WATCH-006803,2025-06-19T18:48:00,Germany,Animation,TV,Premium,30,23.6,78.7,5
WATCH-006804,2025-07-03T05:26:00,Spain,Comedy,Phone,Basic,22,14.4,65.5,3
WATCH-006805,2025-07-06T14:55:00,Germany,Comedy,TV,Standard,90,18.3,20.3,1
WATCH-006806,2025-03-05T06:17:00,Italy,Animation,Tablet,Premium,45,25.4,56.4,2
WATCH-006807,2025-01-07T16:09:00,Sweden,Animation,,Basic,90,30.3,33.7,4
WATCH-006808,2025-08-19T04:15:00,Sweden,Drama,Tablet,Basic,30,23.6,78.7,5
WATCH-006809,2025-10-06T08:35:00,Spain,Science fiction,Laptop,Premium,22,9.5,,1
WATCH-006810,2025-05-11T18:56:00,Italy,Animation,Tablet,Basic,22,3.3,15.0,2
WATCH-006811,2025-11-03T18:49:00,Spain,Documentary,Tablet,Premium,30,4.1,13.7,5
WATCH-006812,2025-10-06T08:33:00,Netherlands,Comedy,Phone,Premium,90,78.6,87.3,2
WATCH-006813,2025-08-15T02:03:00,Sweden,Comedy,Phone,Premium,120,90.1,75.1,3
WATCH-006814,2025-03-26T03:17:00,Sweden,Animation,Laptop,Standard,22,21.7,98.6,4
WATCH-006815,2025-01-01T20:01:00,Italy,Drama,TV,Standard,90,11.7,13.0,3
WATCH-006816,2025-12-21T06:00:00,Sweden,Drama,TV,Premium,22,4.6,20.9,5
WATCH-006817,2025-06-24T00:59:00,Netherlands,Comedy,TV,Standard,22,1.9,8.6,5
WATCH-006818,2025-09-21T20:05:00,Germany,Animation,Laptop,Basic,120,86.8,72.3,1
WATCH-006819,2025-01-31T03:16:00,Sweden,Thriller,Laptop,Premium,90,79.1,87.9,3
WATCH-006820,2025-08-10T03:23:00,Italy,Animation,Phone,Standard,120,39.0,32.5,2
WATCH-006821,2025-01-10T19:51:00,Spain,Documentary,Phone,Premium,30,28.7,95.7,2
WATCH-006822,2025-06-07T04:35:00,Spain,Animation,TV,Basic,90,55.1,61.2,2
WATCH-006823,2025-03-31T04:26:00,Netherlands,Thriller,Tablet,Premium,22,5.7,25.9,3
WATCH-006824,2025-04-15T04:15:00,Netherlands,Drama,Phone,Premium,22,17.5,79.5,4
WATCH-006825,2025-08-11T15:35:00,Netherlands,Comedy,TV,Basic,60,4.5,7.5,4
WATCH-006826,2025-08-13T10:25:00,Italy,Science fiction,TV,Premium,60,53.0,88.3,1
WATCH-006827,2025-01-02T10:05:00,Italy,Documentary,Phone,Basic,45,19.6,43.6,2
WATCH-006828,2025-05-28T11:33:00,Spain,Animation,TV,Premium,45,15.6,34.7,1
WATCH-006829,2025-03-07T11:51:00,Italy,Science fiction,Tablet,Premium,22,19.7,89.5,2
WATCH-006830,2025-01-19T12:18:00,Sweden,Thriller,TV,Standard,120,96.3,80.2,3
WATCH-006831,2025-05-01T21:02:00,Germany,Documentary,Phone,Standard,30,22.0,73.3,2
WATCH-006832,2025-02-26T10:19:00,Sweden,Thriller,Phone,Premium,45,14.4,32.0,3
WATCH-006833,2025-04-02T04:57:00,Spain,Documentary,Phone,Standard,120,105.0,87.5,4
WATCH-006834,2025-07-31T09:10:00,Italy,Drama,Laptop,Premium,90,31.1,34.6,4
WATCH-006835,2025-10-31T01:35:00,Netherlands,Drama,Tablet,Basic,90,24.7,27.4,2
WATCH-006836,2025-01-24T19:28:00,Germany,Thriller,Tablet,Basic,60,9.2,15.3,3
WATCH-006837,2025-10-27T14:42:00,Sweden,Animation,Laptop,Premium,45,36.8,81.8,3
WATCH-006838,2025-10-08T10:27:00,Spain,Science fiction,Tablet,Premium,60,20.7,34.5,3
WATCH-006839,2025-12-12T05:58:00,Germany,Comedy,TV,Premium,45,15.4,34.2,1
WATCH-006840,2025-10-22T20:30:00,Italy,Animation,Tablet,Premium,30,5.2,17.3,2
WATCH-006841,2025-11-17T23:02:00,Netherlands,Documentary,Tablet,Basic,45,41.5,92.2,2
WATCH-006842,2025-09-04T00:42:00,Sweden,Comedy,Phone,Premium,90,47.5,52.8,3
WATCH-006843,2025-06-22T06:26:00,Germany,Science fiction,Tablet,Standard,30,1.8,6.0,4
WATCH-006844,2025-10-13T22:59:00,Italy,Drama,Phone,Basic,30,22.6,75.3,4
WATCH-006845,2025-06-14T13:42:00,Netherlands,Science fiction,Tablet,Standard,90,37.1,41.2,2
WATCH-006846,2025-09-04T15:39:00,Germany,Comedy,Tablet,Basic,22,17.9,,3
WATCH-006847,2025-02-22T06:06:00,Spain,Thriller,Phone,Premium,90,56.5,62.8,1
WATCH-006848,2025-11-13T22:42:00,Netherlands,Drama,TV,Premium,60,7.2,12.0,4
WATCH-006849,2025-11-22T23:02:00,Sweden,Science fiction,TV,Basic,22,2.8,12.7,3
WATCH-006850,2025-09-29T05:52:00,Sweden,Documentary,Phone,Basic,45,42.6,94.7,1
WATCH-006851,2025-02-07T00:51:00,France,Science fiction,Phone,Basic,30,9.3,31.0,3
WATCH-006852,2025-09-30T02:16:00,Netherlands,Drama,Laptop,Basic,45,38.7,86.0,5
WATCH-006853,2025-07-19T07:06:00,France,Animation,Phone,Basic,30,27.6,92.0,4
WATCH-006854,2025-11-22T09:11:00,Italy,Documentary,Phone,Standard,45,2.8,6.2,1
WATCH-006855,2025-09-28T13:14:00,Italy,Comedy,Phone,Basic,120,36.9,30.8,3
WATCH-006856,2025-10-20T15:31:00,Sweden,Documentary,Phone,Standard,60,21.5,35.8,2
WATCH-006857,2025-01-15T21:38:00,Germany,Documentary,Laptop,Premium,45,34.2,76.0,5
WATCH-006858,2025-03-22T11:34:00,Netherlands,Animation,Tablet,Standard,60,49.8,83.0,5
WATCH-006859,2025-01-23T20:22:00,Sweden,Documentary,Laptop,Premium,45,18.1,40.2,5
WATCH-006860,2025-02-14T13:07:00,Germany,Animation,Phone,Premium,120,43.0,35.8,2
WATCH-006861,2025-12-24T17:05:00,Germany,Documentary,Laptop,Standard,60,33.8,56.3,1
WATCH-006862,2025-05-13T10:35:00,France,Documentary,Phone,Standard,120,115.6,96.3,4
WATCH-006863,2025-11-30T00:45:00,Italy,Documentary,Phone,Basic,45,13.0,28.9,4
WATCH-006864,2025-01-24T05:11:00,Sweden,Thriller,Laptop,Standard,30,10.8,36.0,3
WATCH-006865,2025-02-03T03:28:00,Netherlands,Thriller,Laptop,Standard,120,107.1,89.2,2
WATCH-006866,2025-04-30T01:13:00,Spain,Thriller,TV,Standard,30,21.6,72.0,3
WATCH-006867,2025-03-30T20:31:00,Netherlands,Science fiction,Tablet,Premium,45,18.2,40.4,5
WATCH-006868,2025-08-14T11:42:00,Sweden,Drama,Laptop,Basic,45,28.8,64.0,3
WATCH-006869,2025-04-14T19:49:00,Italy,Comedy,Tablet,Premium,45,4.7,10.4,5
WATCH-006870,2025-04-28T09:13:00,Sweden,Drama,Tablet,Standard,30,4.1,13.7,3
WATCH-006871,2025-03-12T11:42:00,France,Science fiction,Tablet,Basic,30,22.5,75.0,3
WATCH-006872,2025-02-02T18:13:00,Italy,Comedy,TV,Premium,22,6.1,27.7,4
WATCH-006873,2025-02-28T01:47:00,Italy,Documentary,Phone,Premium,30,11.3,37.7,3
WATCH-006874,2025-05-09T17:13:00,Italy,Science fiction,Phone,Basic,90,60.3,67.0,2
WATCH-006875,2025-06-12T23:22:00,Italy,Science fiction,Tablet,Premium,30,17.3,57.7,3
WATCH-006876,2025-02-28T16:37:00,Sweden,Comedy,Tablet,Basic,22,17.2,78.2,3
WATCH-006877,2025-04-09T14:39:00,France,Comedy,Phone,Premium,60,40.6,67.7,2
WATCH-006878,2025-09-03T03:34:00,France,Animation,Laptop,Basic,60,52.8,88.0,5
WATCH-006879,2025-10-19T06:15:00,Sweden,Documentary,Phone,Standard,90,76.5,85.0,5
WATCH-006880,2025-03-05T20:23:00,Germany,Thriller,Tablet,Standard,22,12.4,56.4,2
WATCH-006881,2025-11-14T02:14:00,Spain,Documentary,Laptop,Basic,22,13.2,60.0,2
WATCH-006882,2025-09-02T07:01:00,Spain,Science fiction,TV,Basic,22,8.2,37.3,5
WATCH-006883,2025-09-04T14:10:00,Germany,Comedy,TV,Basic,120,70.0,,1
WATCH-006884,2025-05-13T23:24:00,Italy,Comedy,TV,Standard,60,10.1,16.8,5
WATCH-006885,2025-07-31T04:41:00,France,Documentary,Phone,Basic,90,77.8,86.4,5
WATCH-006886,2025-12-26T05:50:00,Germany,Drama,Phone,Premium,60,53.5,89.2,3
WATCH-006887,2025-02-24T20:46:00,Italy,Documentary,Laptop,Basic,120,65.6,54.7,2
WATCH-006888,2025-01-31T21:04:00,Italy,Drama,TV,Standard,30,18.8,62.7,2
WATCH-006889,2025-07-04T03:06:00,Sweden,Documentary,TV,Standard,90,39.0,43.3,2
WATCH-006890,2025-05-06T23:01:00,France,Thriller,,Basic,60,49.2,82.0,2
WATCH-006891,2025-03-20T21:19:00,Italy,Thriller,Tablet,Standard,45,26.6,59.1,5
WATCH-006892,2025-11-21T18:18:00,Sweden,Animation,Laptop,Premium,90,62.5,69.4,5
WATCH-006893,2025-12-23T05:56:00,Sweden,Documentary,Laptop,Standard,45,37.1,82.4,2
WATCH-006894,2025-10-31T19:35:00,Netherlands,Comedy,Laptop,Premium,45,13.1,29.1,3
WATCH-006895,2025-06-13T19:48:00,Netherlands,Thriller,Laptop,Premium,45,18.1,40.2,3
WATCH-006896,2025-04-11T00:14:00,Spain,Documentary,TV,Premium,45,30.6,68.0,5
WATCH-006897,2025-10-12T07:09:00,Germany,Drama,Phone,Standard,90,86.7,96.3,2
WATCH-006898,2025-03-09T16:51:00,Germany,Comedy,Tablet,Basic,60,34.9,58.2,3
WATCH-006899,2025-09-16T06:51:00,Sweden,Thriller,TV,Basic,30,9.1,30.3,5
WATCH-006900,2025-03-22T13:08:00,Spain,Animation,Phone,Basic,90,70.2,78.0,2
WATCH-006901,2025-04-16T20:09:00,Italy,Science fiction,Phone,Standard,45,10.9,24.2,5
WATCH-006902,2025-12-30T04:33:00,Spain,Science fiction,TV,Basic,22,7.5,34.1,5
WATCH-006903,2025-09-10T11:37:00,Sweden,Documentary,Laptop,Premium,90,17.2,19.1,2
WATCH-006904,2025-08-29T00:28:00,Spain,Drama,Tablet,Premium,30,28.1,93.7,3
WATCH-006905,2025-09-30T07:22:00,Germany,Documentary,Tablet,Basic,30,3.0,10.0,3
WATCH-006906,2025-02-19T03:44:00,Spain,Thriller,Laptop,Premium,45,38.5,85.6,4
WATCH-006907,2025-10-12T07:44:00,Spain,Thriller,Phone,Basic,45,30.4,67.6,2
WATCH-006908,2025-02-13T07:26:00,France,Thriller,Tablet,Standard,45,19.2,42.7,5
WATCH-006909,2025-04-21T00:11:00,Germany,Comedy,Tablet,Basic,45,43.7,97.1,2
WATCH-006910,2025-04-10T01:03:00,France,Animation,Tablet,Standard,120,21.6,18.0,4
WATCH-006911,2025-10-16T20:50:00,Italy,Comedy,TV,Standard,30,4.2,14.0,5
WATCH-006912,2025-08-12T02:56:00,France,Comedy,TV,Basic,22,12.9,58.6,4
WATCH-006913,2025-08-02T16:46:00,Germany,Science fiction,Tablet,Basic,120,50.2,41.8,1
WATCH-006914,2025-05-16T19:36:00,Netherlands,Documentary,TV,Basic,22,12.3,55.9,5
WATCH-006915,2025-11-24T08:22:00,Sweden,Documentary,TV,Basic,60,42.2,70.3,1
WATCH-006916,2025-12-26T16:33:00,Spain,Animation,Phone,Basic,90,14.5,16.1,2
WATCH-006917,2025-05-10T07:33:00,Germany,Documentary,Tablet,Premium,45,32.3,71.8,4
WATCH-006918,2025-08-13T16:22:00,Italy,Animation,Laptop,Standard,45,36.0,80.0,1
WATCH-006919,2025-10-28T13:48:00,Italy,Comedy,Phone,Standard,22,14.7,66.8,5
WATCH-006920,2025-11-27T19:52:00,France,Drama,Laptop,Standard,30,7.3,,4
WATCH-006921,2025-04-16T15:45:00,Sweden,Thriller,Phone,Standard,60,10.6,17.7,4
WATCH-006922,2025-08-25T07:10:00,Sweden,Documentary,Phone,Standard,60,32.9,54.8,1
WATCH-006923,2025-11-02T02:33:00,Netherlands,Documentary,Laptop,Premium,22,20.6,93.6,1
WATCH-006924,2025-01-30T18:35:00,Sweden,Animation,Laptop,Standard,90,84.0,93.3,5
WATCH-006925,2025-09-26T02:05:00,Netherlands,Thriller,TV,Basic,30,5.5,18.3,4
WATCH-006926,2025-09-25T15:00:00,Italy,Thriller,Tablet,Premium,30,8.0,26.7,4
WATCH-006927,2025-02-25T01:55:00,Germany,Comedy,Tablet,Premium,90,73.8,82.0,4
WATCH-006928,2025-12-22T09:43:00,Netherlands,Drama,Phone,Basic,120,18.3,15.2,3
WATCH-006929,2025-07-14T15:01:00,Germany,Thriller,TV,Premium,22,9.9,45.0,3
WATCH-006930,2025-01-30T23:38:00,Germany,Documentary,Tablet,Basic,30,18.6,62.0,5
WATCH-006931,2025-09-27T12:04:00,Sweden,Animation,Laptop,Standard,45,32.1,71.3,4
WATCH-006932,2025-05-12T14:40:00,Germany,Animation,Phone,Standard,90,13.9,15.4,4
WATCH-006933,2025-12-13T23:22:00,Italy,Thriller,Phone,Premium,60,47.3,78.8,2
WATCH-006934,2025-07-23T15:07:00,Italy,Animation,TV,Basic,120,43.1,35.9,1
WATCH-006935,2025-03-27T13:50:00,Italy,Thriller,Laptop,Basic,30,17.7,59.0,5
WATCH-006936,2025-02-20T14:39:00,France,Documentary,TV,Standard,120,68.9,57.4,5
WATCH-006937,2025-10-15T23:46:00,Germany,Thriller,Tablet,Premium,45,18.2,40.4,2
WATCH-006938,2025-05-13T14:57:00,Germany,Science fiction,Phone,Basic,30,11.1,37.0,4
WATCH-006939,2025-09-09T07:39:00,Sweden,Drama,Laptop,Basic,60,25.6,42.7,3
WATCH-006940,2025-02-22T10:16:00,France,Comedy,TV,Standard,60,51.5,85.8,5
WATCH-006941,2025-01-11T18:08:00,Germany,Documentary,Tablet,Premium,30,18.1,60.3,2
WATCH-006942,2025-07-23T13:03:00,France,Drama,Tablet,Premium,120,91.3,76.1,1
WATCH-006943,2025-01-30T20:52:00,Italy,Science fiction,Tablet,Premium,90,84.7,94.1,2
WATCH-006944,2025-04-20T22:18:00,Netherlands,Science fiction,TV,Basic,22,9.7,44.1,1
WATCH-006945,2025-04-20T10:41:00,Italy,Drama,Tablet,Basic,120,23.6,19.7,5
WATCH-006946,2025-09-16T09:47:00,Germany,Science fiction,Tablet,Standard,30,16.4,54.7,4
WATCH-006947,2025-01-04T19:00:00,Spain,Science fiction,Laptop,Standard,60,37.9,63.2,1
WATCH-006948,2025-08-14T01:24:00,Sweden,Thriller,TV,Standard,90,49.8,55.3,2
WATCH-006949,2025-01-12T20:48:00,Netherlands,Science fiction,Phone,Standard,60,56.8,94.7,3
WATCH-006950,2025-07-10T15:03:00,France,Comedy,Tablet,Basic,90,29.7,33.0,4
WATCH-006951,2025-02-18T05:40:00,Italy,Science fiction,TV,Standard,22,14.8,67.3,1
WATCH-006952,2025-09-23T23:39:00,Netherlands,Comedy,TV,Basic,60,26.2,43.7,5
WATCH-006953,2025-12-23T17:35:00,France,Comedy,Phone,Basic,45,20.4,45.3,1
WATCH-006954,2025-04-12T08:45:00,Sweden,Science fiction,Tablet,Premium,60,42.3,70.5,5
WATCH-006955,2025-04-30T08:28:00,Spain,Comedy,Laptop,Basic,45,26.1,58.0,5
WATCH-006956,2025-07-20T04:48:00,Spain,Animation,TV,Standard,120,11.4,9.5,3
WATCH-006957,2025-02-18T04:42:00,Italy,Animation,Phone,Standard,120,65.5,,2
WATCH-006958,2025-06-29T03:12:00,France,Comedy,TV,Basic,45,7.4,16.4,2
WATCH-006959,2025-09-14T03:16:00,Germany,Comedy,TV,Premium,22,20.3,92.3,1
WATCH-006960,2025-05-29T10:07:00,Germany,Documentary,Phone,Basic,60,38.3,63.8,2
WATCH-006961,2025-12-23T18:55:00,Spain,Animation,Tablet,Standard,120,11.3,9.4,5
WATCH-006962,2025-09-01T06:51:00,Spain,Animation,Tablet,Premium,45,33.3,74.0,5
WATCH-006963,2025-10-19T01:12:00,Netherlands,Drama,Laptop,Standard,45,28.5,63.3,3
WATCH-006964,2025-10-08T14:47:00,Sweden,Drama,Tablet,Basic,30,23.8,79.3,2
WATCH-006965,2025-05-08T05:15:00,France,Thriller,Laptop,Premium,120,82.6,68.8,2
WATCH-006966,2025-09-06T13:49:00,Sweden,Drama,Tablet,Standard,90,38.9,43.2,2
WATCH-006967,2025-03-27T10:30:00,France,Thriller,Tablet,Basic,120,58.2,48.5,2
WATCH-006968,2025-01-05T14:19:00,Italy,Comedy,Phone,Basic,22,18.1,82.3,3
WATCH-006969,2025-12-01T23:13:00,Netherlands,Drama,Laptop,Standard,22,8.6,39.1,2
WATCH-006970,2025-08-27T09:28:00,Netherlands,Comedy,Laptop,Standard,30,26.7,89.0,1
WATCH-006971,2025-09-18T17:20:00,Italy,Documentary,TV,Basic,60,7.0,11.7,3
WATCH-006972,2025-11-30T03:12:00,France,Thriller,Phone,Premium,45,16.2,36.0,2
WATCH-006973,2025-02-22T01:26:00,Netherlands,Documentary,,Basic,60,8.0,13.3,5
WATCH-006974,2025-03-17T03:42:00,Netherlands,Drama,Tablet,Standard,90,9.7,10.8,4
WATCH-006975,2025-11-01T20:37:00,Sweden,Documentary,Laptop,Standard,90,30.4,33.8,5
WATCH-006976,2025-03-27T05:07:00,Italy,Thriller,TV,Standard,60,51.9,86.5,3
WATCH-006977,2025-09-20T14:36:00,Sweden,Comedy,Phone,Standard,90,54.5,60.6,2
WATCH-006978,2025-12-01T14:07:00,Spain,Science fiction,Phone,Standard,60,13.7,22.8,4
WATCH-006979,2025-10-05T16:43:00,France,Comedy,Laptop,Basic,60,27.8,46.3,4
WATCH-006980,2025-01-28T19:23:00,Sweden,Comedy,Phone,Premium,90,51.0,56.7,4
WATCH-006981,2025-02-07T07:22:00,Netherlands,Science fiction,TV,Standard,90,45.9,51.0,5
WATCH-006982,2025-07-02T19:28:00,Germany,Drama,Phone,Standard,90,38.6,42.9,4
WATCH-006983,2025-03-01T15:25:00,Germany,Thriller,Phone,Basic,22,4.3,19.5,2
WATCH-006984,2025-04-26T11:50:00,France,Science fiction,TV,Basic,120,37.3,31.1,5
WATCH-006985,2025-07-24T18:06:00,Netherlands,Drama,Phone,Premium,60,59.7,99.5,4
WATCH-006986,2025-05-23T12:55:00,Netherlands,Thriller,Phone,Standard,120,9.0,7.5,3
WATCH-006987,2025-01-29T03:14:00,Germany,Drama,Phone,Standard,60,12.9,21.5,2
WATCH-006988,2025-03-05T04:23:00,France,Thriller,TV,Basic,30,11.9,39.7,5
WATCH-006989,2025-07-27T02:33:00,Spain,Drama,Laptop,Basic,90,68.7,76.3,2
WATCH-006990,2025-05-13T07:26:00,Germany,Drama,Phone,Standard,90,49.4,54.9,1
WATCH-006991,2025-11-19T00:04:00,Germany,Science fiction,TV,Premium,22,12.9,58.6,3
WATCH-006992,2025-03-03T14:50:00,Spain,Drama,Tablet,Premium,90,44.4,49.3,3
WATCH-006993,2025-03-25T17:29:00,Netherlands,Thriller,Tablet,Standard,60,47.8,79.7,1
WATCH-006994,2025-10-13T20:09:00,Italy,Drama,TV,Premium,90,17.5,,1
WATCH-006995,2025-12-23T15:01:00,Netherlands,Documentary,Tablet,Premium,120,10.1,8.4,2
WATCH-006996,2025-06-04T13:50:00,Spain,Drama,Tablet,Premium,22,5.6,25.5,4
WATCH-006997,2025-11-11T10:36:00,France,Animation,Laptop,Basic,90,51.4,57.1,4
WATCH-006998,2025-02-18T19:19:00,Spain,Science fiction,Tablet,Basic,30,25.8,86.0,5
WATCH-006999,2025-01-01T22:12:00,Netherlands,Comedy,Phone,Premium,120,61.0,50.8,1
WATCH-007000,2025-12-13T09:40:00,France,Science fiction,Laptop,Basic,30,20.4,68.0,3
WATCH-007001,2025-01-18T06:17:00,Germany,Comedy,Tablet,Premium,120,97.4,81.2,4
WATCH-007002,2025-07-24T11:48:00,Sweden,Science fiction,Laptop,Basic,120,104.7,87.2,4
WATCH-007003,2025-02-20T21:24:00,Spain,Science fiction,Phone,Basic,120,49.7,41.4,1
WATCH-007004,2025-01-01T08:11:00,Sweden,Comedy,TV,Basic,60,15.0,25.0,1
WATCH-007005,2025-03-21T10:54:00,France,Drama,Tablet,Standard,45,17.4,38.7,3
WATCH-007006,2025-04-08T08:36:00,Netherlands,Comedy,Laptop,Basic,45,29.6,65.8,5
WATCH-007007,2025-02-03T19:58:00,Spain,Comedy,Phone,Premium,120,55.9,46.6,4
WATCH-007008,2025-09-27T22:18:00,France,Thriller,Tablet,Basic,30,23.2,77.3,5
WATCH-007009,2025-07-07T20:01:00,Sweden,Science fiction,TV,Standard,120,86.6,72.2,4
WATCH-007010,2025-10-31T12:02:00,Sweden,Comedy,TV,Premium,90,50.5,56.1,2
WATCH-007011,2025-03-26T01:22:00,Netherlands,Animation,Tablet,Basic,22,16.3,74.1,1
WATCH-007012,2025-07-28T05:26:00,Germany,Thriller,Phone,Premium,60,57.1,95.2,5
WATCH-007013,2025-06-12T22:40:00,Netherlands,Animation,Tablet,Standard,120,50.4,42.0,5
WATCH-007014,2025-10-19T07:31:00,Sweden,Drama,Phone,Basic,90,19.7,21.9,2
WATCH-007015,2025-01-08T02:51:00,Germany,Drama,TV,Basic,45,32.5,72.2,2
WATCH-007016,2025-02-27T08:30:00,Germany,Comedy,TV,Basic,60,33.6,56.0,5
WATCH-007017,2025-03-30T01:14:00,Sweden,Science fiction,TV,Standard,45,13.7,30.4,1
WATCH-007018,2025-01-27T20:39:00,Netherlands,Animation,Phone,Premium,60,35.1,58.5,3
WATCH-007019,2025-09-14T22:25:00,Germany,Thriller,Phone,Standard,60,40.0,66.7,3
WATCH-007020,2025-03-09T03:58:00,France,Thriller,Laptop,Standard,60,52.6,87.7,5
WATCH-007021,2025-09-09T01:23:00,Netherlands,Comedy,Phone,Standard,60,44.3,73.8,1
WATCH-007022,2025-07-17T11:40:00,Germany,Science fiction,Laptop,Premium,30,20.2,67.3,3
WATCH-007023,2025-05-31T05:32:00,France,Thriller,Tablet,Basic,45,29.7,66.0,3
WATCH-007024,2025-10-03T18:48:00,France,Drama,Phone,Standard,22,3.1,14.1,3
WATCH-007025,2025-12-17T19:24:00,Netherlands,Thriller,Laptop,Basic,120,12.2,10.2,5
WATCH-007026,2025-05-21T01:27:00,France,Drama,Tablet,Premium,60,38.4,64.0,3
WATCH-007027,2025-08-16T03:19:00,France,Drama,Tablet,Premium,45,5.4,12.0,2
WATCH-007028,2025-06-25T21:07:00,Sweden,Animation,Tablet,Premium,45,36.7,81.6,5
WATCH-007029,2025-08-25T16:02:00,France,Drama,Tablet,Premium,60,52.2,87.0,4
WATCH-007030,2025-03-10T13:33:00,Sweden,Documentary,Laptop,Standard,45,34.2,76.0,2
WATCH-007031,2025-06-15T02:18:00,Spain,Drama,TV,Premium,30,6.6,,1
WATCH-007032,2025-03-27T16:39:00,Netherlands,Drama,Laptop,Basic,30,18.8,62.7,4
WATCH-007033,2025-09-09T06:09:00,Sweden,Drama,Phone,Premium,30,14.7,49.0,4
WATCH-007034,2025-05-12T04:31:00,France,Thriller,Tablet,Premium,30,22.6,75.3,2
WATCH-007035,2025-03-12T10:43:00,Italy,Thriller,Laptop,Standard,22,3.8,17.3,3
WATCH-007036,2025-10-29T06:36:00,Sweden,Animation,Tablet,Premium,60,8.3,13.8,5
WATCH-007037,2025-09-09T20:59:00,France,Comedy,TV,Standard,30,17.6,58.7,1
WATCH-007038,2025-02-17T02:19:00,Spain,Animation,TV,Basic,30,4.8,16.0,5
WATCH-007039,2025-02-08T08:40:00,Netherlands,Documentary,Laptop,Premium,22,20.1,91.4,3
WATCH-007040,2025-04-22T18:02:00,Germany,Documentary,Phone,Premium,90,40.2,44.7,1
WATCH-007041,2025-02-07T18:15:00,Italy,Thriller,TV,Premium,22,5.6,25.5,5
WATCH-007042,2025-10-06T09:43:00,Italy,Science fiction,Laptop,Standard,90,25.4,28.2,5
WATCH-007043,2025-09-13T15:48:00,Germany,Thriller,Laptop,Premium,60,20.0,33.3,4
WATCH-007044,2025-12-24T13:46:00,Spain,Science fiction,Laptop,Premium,30,28.9,96.3,4
WATCH-007045,2025-07-09T18:09:00,Sweden,Thriller,Tablet,Basic,30,14.6,48.7,2
WATCH-007046,2025-01-22T13:01:00,France,Animation,Laptop,Basic,45,28.4,63.1,2
WATCH-007047,2025-03-21T16:21:00,Germany,Comedy,TV,Standard,30,8.9,29.7,4
WATCH-007048,2025-10-16T09:53:00,Italy,Documentary,TV,Basic,120,112.2,93.5,1
WATCH-007049,2025-08-22T03:45:00,Germany,Thriller,TV,Basic,90,29.1,32.3,1
WATCH-007050,2025-10-30T03:42:00,Sweden,Comedy,Tablet,Premium,30,21.1,70.3,3
WATCH-007051,2025-10-31T20:00:00,Spain,Science fiction,Laptop,Premium,120,97.6,81.3,5
WATCH-007052,2025-01-24T13:29:00,Sweden,Science fiction,Phone,Premium,120,81.3,67.8,5
WATCH-007053,2025-09-14T01:52:00,Spain,Drama,Tablet,Basic,22,2.5,11.4,1
WATCH-007054,2025-03-07T17:34:00,Spain,Documentary,Laptop,Standard,60,39.5,65.8,1
WATCH-007055,2025-04-11T06:32:00,Spain,Drama,TV,Standard,90,8.6,9.6,5
WATCH-007056,2025-06-04T22:10:00,Sweden,Documentary,,Premium,90,37.5,41.7,5
WATCH-007057,2025-12-06T07:12:00,France,Thriller,TV,Basic,45,17.7,39.3,4
WATCH-007058,2025-08-14T06:12:00,Spain,Comedy,Laptop,Standard,120,13.8,11.5,5
WATCH-007059,2025-08-26T15:10:00,Netherlands,Science fiction,Tablet,Basic,60,27.7,46.2,3
WATCH-007060,2025-10-06T03:20:00,Netherlands,Animation,Tablet,Premium,45,2.6,5.8,4
WATCH-007061,2025-09-11T10:43:00,Italy,Science fiction,Laptop,Premium,30,10.9,36.3,5
WATCH-007062,2025-01-23T01:31:00,France,Drama,Tablet,Premium,120,20.1,16.8,4
WATCH-007063,2025-09-14T16:05:00,Germany,Animation,TV,Basic,120,22.9,19.1,3
WATCH-007064,2025-05-03T21:19:00,Germany,Thriller,TV,Basic,60,50.6,84.3,2
WATCH-007065,2025-12-10T15:00:00,Spain,Drama,TV,Basic,45,22.6,50.2,5
WATCH-007066,2025-06-01T02:16:00,France,Drama,TV,Standard,60,5.4,9.0,3
WATCH-007067,2025-10-22T22:05:00,Spain,Thriller,Phone,Premium,90,21.2,23.6,3
WATCH-007068,2025-05-22T09:18:00,Netherlands,Animation,Phone,Premium,45,2.9,,5
WATCH-007069,2025-06-25T18:31:00,Netherlands,Documentary,Laptop,Basic,45,16.2,36.0,1
WATCH-007070,2025-07-19T06:29:00,Germany,Comedy,Tablet,Premium,120,16.8,14.0,5
WATCH-007071,2025-12-07T22:54:00,Netherlands,Comedy,Laptop,Premium,30,4.7,15.7,1
WATCH-007072,2025-12-11T17:01:00,France,Animation,TV,Premium,60,51.0,85.0,5
WATCH-007073,2025-10-11T10:30:00,France,Animation,Laptop,Premium,60,11.2,18.7,1
WATCH-007074,2025-11-06T17:37:00,Germany,Thriller,Phone,Basic,45,3.8,8.4,3
WATCH-007075,2025-07-17T04:44:00,Germany,Thriller,Phone,Standard,120,100.1,83.4,5
WATCH-007076,2025-12-21T03:39:00,France,Science fiction,Phone,Standard,90,12.5,13.9,2
WATCH-007077,2025-05-20T14:50:00,Germany,Documentary,Laptop,Basic,90,39.2,43.6,4
WATCH-007078,2025-02-24T07:26:00,Spain,Documentary,TV,Standard,22,21.5,97.7,2
WATCH-007079,2025-05-11T00:00:00,Spain,Documentary,Phone,Standard,60,8.4,14.0,2
WATCH-007080,2025-01-11T14:06:00,Netherlands,Comedy,Tablet,Premium,90,73.2,81.3,1
WATCH-007081,2025-02-02T07:52:00,Sweden,Documentary,Phone,Standard,60,24.1,40.2,5
WATCH-007082,2025-06-25T12:45:00,Spain,Thriller,Laptop,Standard,22,12.1,55.0,1
WATCH-007083,2025-10-14T09:26:00,Spain,Drama,TV,Standard,30,11.2,37.3,2
WATCH-007084,2025-02-11T20:09:00,Netherlands,Comedy,Phone,Premium,22,3.0,13.6,4
WATCH-007085,2025-04-25T01:20:00,Sweden,Science fiction,Tablet,Standard,90,43.3,48.1,2
WATCH-007086,2025-02-21T22:13:00,Germany,Comedy,TV,Standard,120,25.3,21.1,2
WATCH-007087,2025-02-09T05:20:00,Sweden,Thriller,Tablet,Premium,22,16.5,75.0,2
WATCH-007088,2025-10-10T01:22:00,Netherlands,Science fiction,Phone,Standard,90,73.6,81.8,2
WATCH-007089,2025-04-20T13:27:00,Spain,Documentary,Laptop,Standard,45,5.1,11.3,4
WATCH-007090,2025-11-26T22:24:00,Spain,Documentary,Laptop,Standard,22,6.3,28.6,4
WATCH-007091,2025-06-05T18:27:00,France,Drama,Tablet,Standard,120,15.3,12.8,3
WATCH-007092,2025-07-23T12:01:00,France,Animation,Phone,Standard,90,36.4,40.4,1
WATCH-007093,2025-05-09T07:54:00,Spain,Comedy,Phone,Standard,22,9.1,41.4,5
WATCH-007094,2025-05-13T08:34:00,Germany,Documentary,TV,Premium,22,5.9,26.8,2
WATCH-007095,2025-09-07T02:50:00,France,Animation,Laptop,Basic,30,18.1,60.3,4
WATCH-007096,2025-05-27T14:32:00,Germany,Comedy,TV,Standard,90,6.3,7.0,2
WATCH-007097,2025-06-20T11:31:00,Spain,Documentary,Tablet,Standard,120,7.0,5.8,5
WATCH-007098,2025-05-31T17:31:00,Germany,Thriller,TV,Standard,120,53.7,44.8,1
WATCH-007099,2025-08-01T14:25:00,Netherlands,Science fiction,TV,Standard,60,6.4,10.7,2
WATCH-007100,2025-05-03T08:13:00,Sweden,Documentary,Phone,Basic,22,16.4,74.5,2
WATCH-007101,2025-10-29T12:00:00,France,Documentary,Laptop,Standard,30,28.4,94.7,2
WATCH-007102,2025-07-26T21:34:00,Netherlands,Drama,Phone,Basic,60,39.2,65.3,4
WATCH-007103,2025-09-08T20:57:00,Germany,Animation,Laptop,Basic,90,16.0,17.8,1
WATCH-007104,2025-07-12T23:31:00,Germany,Documentary,Laptop,Premium,30,28.6,95.3,1
WATCH-007105,2025-04-06T08:16:00,Germany,Documentary,Tablet,Standard,30,1.8,,4
WATCH-007106,2025-09-07T12:14:00,Sweden,Animation,Phone,Premium,120,100.2,83.5,2
WATCH-007107,2025-12-11T05:23:00,Spain,Science fiction,Laptop,Standard,90,63.7,70.8,4
WATCH-007108,2025-07-07T09:57:00,France,Thriller,TV,Basic,22,5.5,25.0,4
WATCH-007109,2025-08-20T00:50:00,Germany,Drama,Laptop,Premium,90,53.5,59.4,1
WATCH-007110,2025-04-09T16:52:00,Sweden,Documentary,TV,Basic,30,23.4,78.0,1
WATCH-007111,2025-05-13T23:29:00,Netherlands,Science fiction,TV,Basic,45,5.4,12.0,5
WATCH-007112,2025-03-08T23:32:00,Netherlands,Comedy,Laptop,Standard,120,118.9,99.1,1
WATCH-007113,2025-10-30T00:41:00,Spain,Thriller,TV,Premium,120,68.7,57.2,2
WATCH-007114,2025-06-05T05:04:00,Spain,Comedy,TV,Basic,22,7.4,33.6,1
WATCH-007115,2025-07-20T05:43:00,Italy,Thriller,Phone,Basic,60,26.4,44.0,5
WATCH-007116,2025-06-12T06:35:00,Spain,Drama,Phone,Premium,45,17.0,37.8,5
WATCH-007117,2025-04-24T08:42:00,Germany,Science fiction,Phone,Basic,60,5.1,8.5,2
WATCH-007118,2025-07-08T04:32:00,Germany,Comedy,Tablet,Basic,30,7.7,25.7,2
WATCH-007119,2025-05-28T15:42:00,Spain,Drama,Laptop,Standard,45,31.1,69.1,5
WATCH-007120,2025-05-20T11:52:00,Netherlands,Animation,Tablet,Basic,120,67.7,56.4,4
WATCH-007121,2025-04-10T07:23:00,Spain,Animation,Phone,Premium,30,20.8,69.3,2
WATCH-007122,2025-10-27T17:41:00,Sweden,Comedy,TV,Premium,45,18.3,40.7,3
WATCH-007123,2025-04-14T04:31:00,France,Comedy,Phone,Standard,22,4.0,18.2,1
WATCH-007124,2025-02-24T05:57:00,France,Thriller,Tablet,Basic,30,26.3,87.7,3
WATCH-007125,2025-11-02T11:08:00,France,Science fiction,Phone,Premium,30,19.1,63.7,2
WATCH-007126,2025-07-16T13:17:00,Germany,Thriller,Laptop,Basic,90,70.0,77.8,4
WATCH-007127,2025-06-14T21:51:00,Sweden,Animation,Laptop,Premium,60,37.7,62.8,4
WATCH-007128,2025-04-10T18:29:00,France,Science fiction,Phone,Standard,45,19.3,42.9,5
WATCH-007129,2025-08-13T02:39:00,Spain,Thriller,TV,Basic,90,6.7,7.4,1
WATCH-007130,2025-02-25T07:29:00,Netherlands,Drama,Phone,Premium,60,59.4,99.0,5
WATCH-007131,2025-07-21T20:12:00,Germany,Drama,TV,Standard,60,38.0,63.3,1
WATCH-007132,2025-12-23T13:57:00,Sweden,Drama,Laptop,Standard,120,45.5,37.9,5
WATCH-007133,2025-01-05T12:25:00,Italy,Science fiction,Phone,Standard,90,19.4,21.6,5
WATCH-007134,2025-05-25T13:53:00,Spain,Documentary,Phone,Premium,30,19.3,64.3,5
WATCH-007135,2025-11-24T22:12:00,Spain,Science fiction,Phone,Basic,60,27.8,46.3,3
WATCH-007136,2025-07-19T14:40:00,France,Documentary,Phone,Premium,60,19.6,32.7,1
WATCH-007137,2025-01-21T05:27:00,Germany,Drama,TV,Standard,60,50.9,84.8,5
WATCH-007138,2025-05-24T15:22:00,Sweden,Comedy,TV,Premium,120,112.2,93.5,4
WATCH-007139,2025-10-28T03:37:00,Italy,Comedy,,Basic,45,23.4,52.0,4
WATCH-007140,2025-09-18T01:01:00,Netherlands,Science fiction,Tablet,Standard,120,66.7,55.6,4
WATCH-007141,2025-07-11T03:22:00,Italy,Documentary,TV,Standard,22,2.3,10.5,2
WATCH-007142,2025-05-01T12:08:00,Sweden,Thriller,TV,Premium,22,10.8,,5
WATCH-007143,2025-02-12T07:54:00,Netherlands,Comedy,Laptop,Premium,60,9.6,16.0,1
WATCH-007144,2025-03-11T07:59:00,Italy,Documentary,TV,Premium,120,102.2,85.2,2
WATCH-007145,2025-01-19T00:45:00,France,Drama,Laptop,Standard,22,15.8,71.8,5
WATCH-007146,2025-07-10T09:11:00,Italy,Documentary,TV,Basic,22,10.8,49.1,2
WATCH-007147,2025-01-27T17:13:00,Spain,Thriller,Phone,Standard,45,38.5,85.6,1
WATCH-007148,2025-04-23T15:42:00,Sweden,Thriller,Phone,Basic,45,42.6,94.7,2
WATCH-007149,2025-06-12T01:14:00,Spain,Science fiction,Phone,Standard,60,20.1,33.5,4
WATCH-007150,2025-01-25T05:59:00,France,Animation,Phone,Basic,22,18.4,83.6,3
WATCH-007151,2025-12-08T00:58:00,France,Documentary,TV,Premium,90,35.3,39.2,4
WATCH-007152,2025-01-20T10:00:00,Germany,Documentary,Laptop,Basic,90,18.9,21.0,3
WATCH-007153,2025-11-24T14:59:00,Germany,Thriller,Phone,Premium,90,48.3,53.7,1
WATCH-007154,2025-07-17T05:52:00,Germany,Science fiction,TV,Basic,60,4.1,6.8,3
WATCH-007155,2025-01-25T18:40:00,France,Documentary,Phone,Premium,60,25.7,42.8,3
WATCH-007156,2025-10-04T12:02:00,Netherlands,Drama,Laptop,Standard,45,18.1,40.2,3
WATCH-007157,2025-05-09T03:34:00,Spain,Drama,Laptop,Standard,30,1.8,6.0,4
WATCH-007158,2025-06-06T17:58:00,Spain,Science fiction,Phone,Basic,120,32.6,27.2,3
WATCH-007159,2025-12-11T00:50:00,France,Drama,Phone,Premium,45,8.2,18.2,4
WATCH-007160,2025-10-10T08:55:00,Italy,Comedy,Phone,Premium,22,20.3,92.3,1
WATCH-007161,2025-06-19T20:47:00,Netherlands,Thriller,TV,Standard,30,7.1,23.7,3
WATCH-007162,2025-08-20T15:39:00,Netherlands,Thriller,Tablet,Standard,120,54.6,45.5,3
WATCH-007163,2025-11-02T21:43:00,Sweden,Science fiction,Laptop,Standard,90,45.1,50.1,4
WATCH-007164,2025-08-17T00:22:00,France,Thriller,Laptop,Standard,90,79.9,88.8,3
WATCH-007165,2025-07-13T01:51:00,Spain,Drama,Tablet,Standard,45,29.0,64.4,3
WATCH-007166,2025-05-04T03:47:00,Sweden,Thriller,Tablet,Premium,90,16.0,17.8,2
WATCH-007167,2025-06-30T16:02:00,France,Documentary,Laptop,Premium,120,97.7,81.4,1
WATCH-007168,2025-01-27T04:32:00,Germany,Drama,Tablet,Basic,90,68.6,76.2,1
WATCH-007169,2025-07-28T03:59:00,Netherlands,Thriller,Tablet,Basic,45,37.2,82.7,2
WATCH-007170,2025-11-07T19:11:00,Italy,Science fiction,Phone,Premium,90,72.7,80.8,3
WATCH-007171,2025-10-04T10:12:00,Spain,Thriller,Laptop,Standard,22,13.6,61.8,3
WATCH-007172,2025-06-20T10:08:00,Italy,Drama,TV,Standard,45,42.9,95.3,4
WATCH-007173,2025-11-18T20:22:00,Germany,Comedy,TV,Premium,22,13.3,60.5,5
WATCH-007174,2025-05-04T03:58:00,Spain,Documentary,Phone,Premium,60,10.8,18.0,1
WATCH-007175,2025-05-09T08:15:00,Italy,Comedy,Phone,Basic,120,18.2,15.2,1
WATCH-007176,2025-07-20T04:07:00,Germany,Documentary,Phone,Premium,30,8.7,29.0,2
WATCH-007177,2025-11-04T05:23:00,Sweden,Thriller,Laptop,Standard,60,45.1,75.2,3
WATCH-007178,2025-12-05T18:59:00,Germany,Animation,Tablet,Basic,30,24.5,81.7,4
WATCH-007179,2025-10-18T10:34:00,Netherlands,Comedy,TV,Standard,22,3.7,,5
WATCH-007180,2025-05-19T03:45:00,Germany,Animation,Phone,Basic,45,36.5,81.1,2
WATCH-007181,2025-07-31T21:33:00,Italy,Drama,Laptop,Premium,30,7.3,24.3,4
WATCH-007182,2025-06-29T18:50:00,Italy,Comedy,Tablet,Basic,30,15.6,52.0,3
WATCH-007183,2025-04-11T06:53:00,Sweden,Thriller,Laptop,Premium,45,22.4,49.8,2
WATCH-007184,2025-11-11T21:04:00,Sweden,Animation,Tablet,Basic,120,113.3,94.4,1
WATCH-007185,2025-08-09T09:14:00,Sweden,Comedy,Laptop,Standard,30,3.0,10.0,1
WATCH-007186,2025-07-11T10:24:00,France,Comedy,Laptop,Standard,90,76.4,84.9,2
WATCH-007187,2025-09-24T13:22:00,France,Thriller,Phone,Standard,90,76.0,84.4,3
WATCH-007188,2025-06-05T02:31:00,France,Thriller,Laptop,Standard,120,9.6,8.0,2
WATCH-007189,2025-06-03T03:44:00,Spain,Comedy,Phone,Basic,45,29.2,64.9,4
WATCH-007190,2025-01-06T01:52:00,Spain,Comedy,TV,Standard,45,7.1,15.8,1
WATCH-007191,2025-08-05T13:28:00,France,Comedy,Phone,Basic,90,17.0,18.9,3
WATCH-007192,2025-09-09T09:13:00,Italy,Science fiction,TV,Basic,120,118.3,98.6,3
WATCH-007193,2025-09-25T06:19:00,France,Drama,Phone,Premium,45,43.4,96.4,4
WATCH-007194,2025-07-17T23:18:00,Netherlands,Drama,Tablet,Premium,22,9.9,45.0,1
WATCH-007195,2025-08-01T02:08:00,Italy,Documentary,TV,Basic,45,37.7,83.8,2
WATCH-007196,2025-11-01T01:25:00,Italy,Animation,Phone,Premium,120,18.3,15.2,1
WATCH-007197,2025-02-04T13:22:00,France,Drama,Laptop,Standard,60,41.6,69.3,2
WATCH-007198,2025-10-06T05:24:00,Germany,Documentary,Laptop,Standard,120,50.6,42.2,5
WATCH-007199,2025-06-24T19:59:00,Sweden,Animation,Phone,Premium,120,108.5,90.4,3
WATCH-007200,2025-11-20T12:30:00,Germany,Animation,Phone,Basic,120,8.9,7.4,5
WATCH-007201,2025-11-12T04:28:00,Italy,Drama,Phone,Standard,30,16.0,53.3,5
WATCH-007202,2025-04-25T06:34:00,Sweden,Comedy,Phone,Standard,45,41.3,91.8,2
WATCH-007203,2025-04-26T23:19:00,Netherlands,Drama,Phone,Basic,90,19.9,22.1,2
WATCH-007204,2025-07-20T17:28:00,Italy,Science fiction,Laptop,Standard,22,14.7,66.8,1
WATCH-007205,2025-02-25T07:23:00,Netherlands,Comedy,TV,Basic,45,37.5,83.3,3
WATCH-007206,2025-04-30T05:20:00,Germany,Science fiction,Phone,Premium,22,1.4,6.4,5
WATCH-007207,2025-03-08T10:25:00,Sweden,Drama,TV,Standard,30,25.3,84.3,3
WATCH-007208,2025-11-20T02:19:00,Spain,Thriller,Laptop,Standard,30,24.6,82.0,4
WATCH-007209,2025-12-20T17:35:00,Netherlands,Animation,Tablet,Premium,30,12.9,43.0,4
WATCH-007210,2025-03-23T04:37:00,Spain,Documentary,TV,Standard,120,77.2,64.3,2
WATCH-007211,2025-01-05T01:02:00,France,Science fiction,Tablet,Basic,45,39.8,88.4,3
WATCH-007212,2025-03-04T09:38:00,Italy,Animation,Laptop,Standard,45,43.1,95.8,2
WATCH-007213,2025-01-29T20:24:00,Germany,Science fiction,TV,Basic,120,112.0,93.3,4
WATCH-007214,2025-09-23T10:12:00,Sweden,Thriller,Phone,Basic,120,47.5,39.6,5
WATCH-007215,2025-07-30T18:41:00,Spain,Animation,TV,Premium,120,99.9,83.2,5
WATCH-007216,2025-01-22T17:46:00,Spain,Animation,TV,Standard,60,27.1,,3
WATCH-007217,2025-03-20T20:11:00,Sweden,Documentary,Phone,Standard,45,16.4,36.4,2
WATCH-007218,2025-02-23T01:29:00,France,Comedy,Laptop,Standard,30,25.2,84.0,1
WATCH-007219,2025-12-29T10:42:00,Sweden,Animation,TV,Standard,90,80.4,89.3,4
WATCH-007220,2025-12-10T11:08:00,France,Drama,Phone,Standard,45,23.1,51.3,5
WATCH-007221,2025-10-22T16:12:00,Sweden,Thriller,Phone,Basic,45,34.8,77.3,4
WATCH-007222,2025-12-22T17:48:00,France,Science fiction,,Standard,120,111.8,93.2,1
WATCH-007223,2025-01-06T03:12:00,Netherlands,Science fiction,TV,Basic,30,4.3,14.3,4
WATCH-007224,2025-01-19T08:18:00,Germany,Thriller,TV,Premium,90,19.8,22.0,4
WATCH-007225,2025-07-18T16:20:00,Sweden,Thriller,TV,Standard,30,28.1,93.7,5
WATCH-007226,2025-07-21T23:44:00,Germany,Documentary,Laptop,Standard,60,28.7,47.8,2
WATCH-007227,2025-11-27T17:19:00,Spain,Thriller,Tablet,Premium,45,24.8,55.1,4
WATCH-007228,2025-09-05T17:24:00,Germany,Drama,Tablet,Standard,30,2.7,9.0,3
WATCH-007229,2025-05-03T19:58:00,Spain,Drama,Phone,Basic,22,20.6,93.6,5
WATCH-007230,2025-08-20T18:36:00,Italy,Science fiction,Phone,Premium,45,14.8,32.9,1
WATCH-007231,2025-10-10T05:56:00,Italy,Documentary,Laptop,Standard,120,110.6,92.2,3
WATCH-007232,2025-08-10T08:57:00,Germany,Thriller,TV,Premium,30,26.0,86.7,3
WATCH-007233,2025-04-18T14:34:00,Netherlands,Science fiction,Tablet,Standard,45,33.4,74.2,3
WATCH-007234,2025-03-15T10:54:00,Germany,Science fiction,Laptop,Standard,45,25.0,55.6,4
WATCH-007235,2025-02-03T09:27:00,Sweden,Science fiction,Phone,Standard,45,22.6,50.2,2
WATCH-007236,2025-04-16T03:28:00,Spain,Comedy,Laptop,Basic,30,15.3,51.0,3
WATCH-007237,2025-05-18T00:08:00,Netherlands,Comedy,TV,Premium,90,9.4,10.4,3
WATCH-007238,2025-03-21T08:14:00,France,Animation,Phone,Standard,30,28.0,93.3,1
WATCH-007239,2025-07-16T17:15:00,Italy,Animation,Tablet,Standard,22,18.0,81.8,5
WATCH-007240,2025-11-14T08:54:00,Sweden,Documentary,Phone,Basic,90,15.8,17.6,3
WATCH-007241,2025-12-28T12:09:00,Sweden,Documentary,TV,Standard,120,114.7,95.6,3
WATCH-007242,2025-09-07T11:14:00,Germany,Animation,Phone,Premium,120,117.1,97.6,5
WATCH-007243,2025-08-07T06:32:00,Sweden,Drama,Tablet,Standard,90,57.5,63.9,5
WATCH-007244,2025-05-13T07:11:00,Italy,Drama,TV,Basic,45,13.6,30.2,3
WATCH-007245,2025-02-01T13:44:00,Germany,Comedy,Phone,Standard,45,6.2,13.8,4
WATCH-007246,2025-11-18T18:59:00,Italy,Drama,Tablet,Standard,45,35.7,79.3,4
WATCH-007247,2025-02-06T13:02:00,Netherlands,Documentary,TV,Standard,45,13.0,28.9,4
WATCH-007248,2025-06-14T07:06:00,France,Animation,Phone,Basic,60,59.8,99.7,1
WATCH-007249,2025-06-06T09:32:00,France,Animation,Tablet,Basic,22,19.6,89.1,5
WATCH-007250,2025-03-27T19:03:00,Sweden,Thriller,Tablet,Premium,60,51.7,86.2,4
WATCH-007251,2025-01-10T23:42:00,Netherlands,Documentary,Laptop,Premium,60,19.9,33.2,3
WATCH-007252,2025-11-06T15:12:00,Spain,Thriller,Tablet,Premium,45,14.8,32.9,3
WATCH-007253,2025-03-10T15:45:00,France,Science fiction,Phone,Premium,90,19.3,,1
WATCH-007254,2025-06-24T15:25:00,Italy,Documentary,TV,Premium,90,88.5,98.3,1
WATCH-007255,2025-02-22T23:41:00,Italy,Drama,Tablet,Standard,30,16.6,55.3,5
WATCH-007256,2025-09-21T06:04:00,Sweden,Science fiction,Laptop,Premium,60,18.7,31.2,5
WATCH-007257,2025-01-05T04:38:00,Germany,Documentary,Tablet,Premium,30,16.3,54.3,4
WATCH-007258,2025-10-31T23:10:00,Netherlands,Thriller,TV,Basic,30,19.1,63.7,3
WATCH-007259,2025-01-03T13:24:00,France,Thriller,Phone,Standard,45,31.1,69.1,3
WATCH-007260,2025-06-24T17:46:00,Spain,Drama,Laptop,Standard,22,3.3,15.0,2
WATCH-007261,2025-12-21T00:51:00,Netherlands,Science fiction,TV,Standard,60,4.7,7.8,3
WATCH-007262,2025-10-16T23:47:00,Sweden,Comedy,Laptop,Standard,30,19.6,65.3,1
WATCH-007263,2025-11-27T09:18:00,Spain,Science fiction,Laptop,Premium,90,81.0,90.0,3
WATCH-007264,2025-02-09T17:16:00,Sweden,Documentary,Laptop,Standard,90,45.6,50.7,2
WATCH-007265,2025-01-02T12:38:00,Netherlands,Animation,Laptop,Premium,45,36.7,81.6,5
WATCH-007266,2025-05-11T03:07:00,Spain,Documentary,Phone,Basic,22,12.5,56.8,2
WATCH-007267,2025-03-07T15:09:00,Sweden,Science fiction,Laptop,Basic,30,15.6,52.0,4
WATCH-007268,2025-07-09T11:41:00,France,Documentary,TV,Standard,60,41.2,68.7,3
WATCH-007269,2025-08-08T22:42:00,Netherlands,Animation,Laptop,Basic,60,16.4,27.3,5
WATCH-007270,2025-12-21T00:17:00,Sweden,Science fiction,Phone,Standard,120,45.3,37.8,2
WATCH-007271,2025-05-10T03:34:00,Germany,Documentary,Tablet,Premium,120,66.6,55.5,2
WATCH-007272,2025-04-30T00:36:00,Spain,Animation,TV,Standard,60,24.5,40.8,4
WATCH-007273,2025-04-03T15:00:00,France,Drama,Tablet,Premium,60,5.3,8.8,1
WATCH-007274,2025-02-27T20:01:00,Netherlands,Thriller,Laptop,Standard,60,55.5,92.5,1
WATCH-007275,2025-05-04T00:37:00,Italy,Animation,Phone,Standard,120,51.9,43.2,1
WATCH-007276,2025-07-27T12:59:00,Italy,Comedy,Tablet,Premium,22,11.7,53.2,3
WATCH-007277,2025-04-20T14:01:00,Italy,Science fiction,Tablet,Premium,30,18.6,62.0,3
WATCH-007278,2025-12-28T08:49:00,Italy,Drama,Tablet,Premium,45,39.3,87.3,3
WATCH-007279,2025-02-10T11:02:00,Spain,Thriller,Tablet,Basic,120,58.0,48.3,4
WATCH-007280,2025-04-10T15:33:00,Spain,Animation,Laptop,Standard,30,25.8,86.0,1
WATCH-007281,2025-04-21T09:09:00,France,Science fiction,TV,Basic,22,5.5,25.0,1
WATCH-007282,2025-10-26T07:30:00,Sweden,Drama,Laptop,Premium,45,5.8,12.9,4
WATCH-007283,2025-11-07T21:40:00,Italy,Documentary,Phone,Basic,90,45.3,50.3,4
WATCH-007284,2025-05-28T11:25:00,France,Science fiction,Laptop,Standard,30,28.4,94.7,3
WATCH-007285,2025-09-30T16:12:00,Italy,Documentary,TV,Basic,120,69.3,57.8,1
WATCH-007286,2025-08-15T15:37:00,Italy,Thriller,Laptop,Basic,22,1.9,8.6,3
WATCH-007287,2025-10-30T13:12:00,Italy,Comedy,TV,Standard,60,33.6,56.0,2
WATCH-007288,2025-06-10T23:53:00,Sweden,Animation,Tablet,Basic,120,14.3,11.9,5
WATCH-007289,2025-02-26T11:47:00,Italy,Science fiction,Tablet,Standard,120,19.0,15.8,2
WATCH-007290,2025-01-16T12:05:00,Spain,Comedy,Tablet,Standard,30,24.9,,1
WATCH-007291,2025-11-03T23:41:00,France,Comedy,Tablet,Premium,120,24.8,20.7,2
WATCH-007292,2025-07-24T15:13:00,Netherlands,Animation,TV,Standard,30,16.6,55.3,5
WATCH-007293,2025-12-20T11:13:00,Italy,Animation,Tablet,Standard,22,13.0,59.1,4
WATCH-007294,2025-02-11T09:35:00,France,Science fiction,TV,Basic,45,31.4,69.8,5
WATCH-007295,2025-12-18T05:19:00,Germany,Animation,TV,Basic,22,10.3,46.8,1
WATCH-007296,2025-07-15T06:59:00,Sweden,Science fiction,Tablet,Standard,45,3.3,7.3,4
WATCH-007297,2025-04-16T21:04:00,Italy,Animation,TV,Basic,22,16.2,73.6,1
WATCH-007298,2025-05-23T17:03:00,Sweden,Drama,Laptop,Basic,90,21.0,23.3,1
WATCH-007299,2025-12-18T10:22:00,Spain,Thriller,Phone,Premium,45,34.3,76.2,2
WATCH-007300,2025-05-31T02:31:00,Netherlands,Science fiction,TV,Basic,120,114.1,95.1,5
WATCH-007301,2025-05-02T21:24:00,Germany,Thriller,TV,Basic,120,19.9,16.6,2
WATCH-007302,2025-10-26T22:38:00,Germany,Comedy,Tablet,Premium,120,79.4,66.2,1
WATCH-007303,2025-12-06T03:59:00,Germany,Comedy,TV,Premium,22,21.2,96.4,5
WATCH-007304,2025-02-02T14:17:00,Netherlands,Animation,Tablet,Standard,22,20.0,90.9,5
WATCH-007305,2025-01-07T19:46:00,Germany,Animation,,Standard,30,11.4,38.0,4
WATCH-007306,2025-06-04T16:19:00,Netherlands,Comedy,Phone,Premium,90,16.9,18.8,3
WATCH-007307,2025-08-10T02:38:00,Italy,Drama,Laptop,Basic,90,74.2,82.4,5
WATCH-007308,2025-05-11T14:01:00,Sweden,Science fiction,Phone,Premium,22,3.5,15.9,1
WATCH-007309,2025-08-04T13:43:00,Germany,Animation,Phone,Standard,120,28.4,23.7,1
WATCH-007310,2025-06-26T21:00:00,Germany,Drama,TV,Standard,45,36.7,81.6,1
WATCH-007311,2025-09-21T13:43:00,France,Thriller,Phone,Standard,90,40.5,45.0,2
WATCH-007312,2025-01-29T14:17:00,Sweden,Science fiction,Phone,Standard,22,18.8,85.5,1
WATCH-007313,2025-01-10T13:01:00,Sweden,Comedy,Phone,Basic,90,34.4,38.2,3
WATCH-007314,2025-09-13T10:37:00,Sweden,Comedy,Phone,Premium,22,7.1,32.3,1
WATCH-007315,2025-07-10T14:33:00,Spain,Documentary,TV,Premium,45,25.1,55.8,2
WATCH-007316,2025-09-12T04:18:00,France,Thriller,Laptop,Standard,22,15.3,69.5,4
WATCH-007317,2025-03-08T14:42:00,France,Thriller,Phone,Standard,60,49.8,83.0,5
WATCH-007318,2025-03-05T02:50:00,Netherlands,Thriller,Phone,Standard,30,3.7,12.3,3
WATCH-007319,2025-12-25T08:24:00,Germany,Documentary,Tablet,Standard,120,66.2,55.2,1
WATCH-007320,2025-12-28T05:21:00,Germany,Animation,Phone,Standard,22,5.2,23.6,5
WATCH-007321,2025-09-06T17:33:00,Italy,Drama,Phone,Basic,120,97.3,81.1,3
WATCH-007322,2025-06-14T10:45:00,Germany,Documentary,Tablet,Premium,90,36.3,40.3,5
WATCH-007323,2025-07-25T05:10:00,France,Comedy,Laptop,Premium,22,8.9,40.5,2
WATCH-007324,2025-04-16T16:55:00,Spain,Comedy,Tablet,Premium,30,6.0,20.0,2
WATCH-007325,2025-12-06T21:47:00,Netherlands,Drama,Phone,Basic,60,3.4,5.7,2
WATCH-007326,2025-03-27T23:42:00,Italy,Animation,TV,Basic,30,18.1,60.3,3
WATCH-007327,2025-05-29T23:42:00,Italy,Drama,Phone,Standard,60,43.8,,3
WATCH-007328,2025-09-15T01:31:00,Netherlands,Comedy,Tablet,Basic,120,30.7,25.6,1
WATCH-007329,2025-05-31T03:41:00,Italy,Science fiction,Tablet,Premium,90,33.4,37.1,3
WATCH-007330,2025-05-13T12:41:00,Netherlands,Thriller,TV,Standard,60,50.4,84.0,3
WATCH-007331,2025-10-09T01:20:00,Netherlands,Thriller,Laptop,Standard,120,27.5,22.9,5
WATCH-007332,2025-12-31T07:08:00,France,Documentary,Laptop,Premium,30,22.4,74.7,2
WATCH-007333,2025-11-07T22:59:00,Italy,Animation,Tablet,Basic,60,43.8,73.0,2
WATCH-007334,2025-05-12T14:53:00,Italy,Animation,TV,Standard,120,31.0,25.8,5
WATCH-007335,2025-07-02T22:33:00,Italy,Drama,Tablet,Premium,30,30.0,100.0,1
WATCH-007336,2025-02-04T01:13:00,Netherlands,Comedy,Phone,Basic,90,20.6,22.9,1
WATCH-007337,2025-05-14T02:36:00,France,Documentary,Laptop,Standard,90,72.9,81.0,5
WATCH-007338,2025-08-03T11:37:00,Italy,Drama,TV,Premium,60,5.7,9.5,1
WATCH-007339,2025-10-15T07:12:00,Germany,Science fiction,Tablet,Premium,120,109.6,91.3,4
WATCH-007340,2025-05-15T09:38:00,Spain,Documentary,TV,Standard,90,25.7,28.6,2
WATCH-007341,2025-12-31T08:54:00,France,Thriller,Tablet,Standard,60,47.8,79.7,1
WATCH-007342,2025-08-27T05:38:00,Italy,Animation,Phone,Basic,30,25.3,84.3,3
WATCH-007343,2025-05-30T03:31:00,France,Animation,Tablet,Basic,22,7.3,33.2,2
WATCH-007344,2025-02-01T03:26:00,Netherlands,Drama,TV,Standard,120,10.0,8.3,4
WATCH-007345,2025-03-27T19:38:00,Sweden,Animation,Laptop,Standard,45,15.9,35.3,3
WATCH-007346,2025-07-16T03:27:00,Italy,Animation,Laptop,Standard,90,38.6,42.9,1
WATCH-007347,2025-02-19T10:56:00,Spain,Science fiction,Laptop,Basic,30,23.1,77.0,4
WATCH-007348,2025-05-15T12:32:00,Germany,Documentary,TV,Standard,120,61.1,50.9,3
WATCH-007349,2025-02-23T16:34:00,Netherlands,Thriller,Tablet,Basic,30,7.6,25.3,5
WATCH-007350,2025-11-19T14:15:00,Germany,Documentary,Phone,Premium,30,7.9,26.3,3
WATCH-007351,2025-10-05T15:32:00,Italy,Thriller,Tablet,Premium,90,37.0,41.1,2
WATCH-007352,2025-08-31T20:36:00,Sweden,Science fiction,Phone,Basic,45,43.1,95.8,2
WATCH-007353,2025-10-09T07:38:00,Sweden,Documentary,Phone,Premium,30,20.0,66.7,5
WATCH-007354,2025-01-24T00:46:00,France,Drama,Phone,Basic,22,12.4,56.4,2
WATCH-007355,2025-04-01T06:55:00,Sweden,Thriller,TV,Basic,30,8.4,28.0,4
WATCH-007356,2025-06-14T19:57:00,France,Thriller,Laptop,Premium,22,17.0,77.3,1
WATCH-007357,2025-01-12T11:06:00,France,Comedy,Tablet,Standard,45,10.9,24.2,3
WATCH-007358,2025-05-06T03:31:00,Germany,Science fiction,Laptop,Premium,30,2.5,8.3,2
WATCH-007359,2025-12-03T11:04:00,Netherlands,Thriller,Laptop,Standard,90,27.6,30.7,3
WATCH-007360,2025-07-12T07:10:00,Germany,Drama,Tablet,Standard,90,70.3,78.1,2
WATCH-007361,2025-03-20T00:42:00,Germany,Documentary,Laptop,Basic,90,71.6,79.6,1
WATCH-007362,2025-11-25T19:39:00,Spain,Animation,Phone,Premium,60,42.5,70.8,4
WATCH-007363,2025-09-14T02:07:00,Sweden,Documentary,Phone,Premium,90,87.2,96.9,3
WATCH-007364,2025-08-18T04:53:00,Sweden,Animation,TV,Standard,22,4.8,,3
WATCH-007365,2025-03-19T03:30:00,Sweden,Thriller,Tablet,Basic,90,79.1,87.9,5
WATCH-007366,2025-08-06T07:13:00,Italy,Animation,TV,Premium,60,21.7,36.2,1
WATCH-007367,2025-11-22T04:29:00,Italy,Animation,Phone,Standard,120,105.8,88.2,2
WATCH-007368,2025-11-20T03:18:00,Netherlands,Thriller,Laptop,Standard,120,41.2,34.3,1
WATCH-007369,2025-07-03T08:20:00,France,Animation,TV,Premium,90,81.3,90.3,3
WATCH-007370,2025-08-13T15:50:00,Germany,Documentary,Tablet,Standard,22,7.2,32.7,4
WATCH-007371,2025-07-18T04:11:00,France,Animation,TV,Premium,30,16.5,55.0,1
WATCH-007372,2025-09-01T20:48:00,Sweden,Drama,TV,Standard,120,22.8,19.0,3
WATCH-007373,2025-11-04T12:11:00,Italy,Animation,Laptop,Premium,90,50.6,56.2,3
WATCH-007374,2025-05-19T02:15:00,France,Thriller,TV,Standard,22,21.8,99.1,3
WATCH-007375,2025-05-04T21:40:00,Italy,Comedy,Tablet,Standard,120,97.8,81.5,5
WATCH-007376,2025-01-31T15:02:00,France,Thriller,TV,Standard,60,47.4,79.0,3
WATCH-007377,2025-08-17T03:39:00,Italy,Drama,Tablet,Standard,60,12.5,20.8,5
WATCH-007378,2025-07-20T16:11:00,France,Thriller,TV,Standard,30,26.4,88.0,4
WATCH-007379,2025-03-17T06:46:00,Sweden,Science fiction,TV,Premium,60,29.3,48.8,1
WATCH-007380,2025-03-29T04:47:00,France,Animation,Laptop,Premium,90,76.5,85.0,5
WATCH-007381,2025-01-11T06:04:00,Germany,Drama,TV,Premium,120,17.7,14.8,5
WATCH-007382,2025-03-10T18:31:00,Sweden,Animation,Laptop,Premium,60,38.8,64.7,1
WATCH-007383,2025-05-15T21:18:00,Germany,Documentary,Laptop,Basic,120,35.6,29.7,1
WATCH-007384,2025-06-19T11:10:00,France,Drama,Tablet,Basic,30,27.9,93.0,2
WATCH-007385,2025-11-01T09:34:00,Germany,Animation,TV,Basic,30,12.6,42.0,2
WATCH-007386,2025-07-25T04:27:00,Italy,Drama,TV,Premium,120,42.0,35.0,2
WATCH-007387,2025-08-04T06:29:00,Spain,Drama,TV,Standard,60,53.4,89.0,1
WATCH-007388,2025-11-03T05:57:00,Netherlands,Drama,,Standard,90,13.0,14.4,3
WATCH-007389,2025-02-14T06:02:00,Italy,Documentary,TV,Premium,45,24.6,54.7,5
WATCH-007390,2025-09-15T22:53:00,Spain,Thriller,Phone,Basic,60,10.5,17.5,3
WATCH-007391,2025-05-11T04:40:00,Netherlands,Documentary,TV,Premium,45,44.5,98.9,5
WATCH-007392,2025-12-03T05:51:00,Italy,Documentary,Tablet,Basic,30,21.1,70.3,1
WATCH-007393,2025-04-24T08:07:00,Germany,Documentary,TV,Premium,30,27.5,91.7,1
WATCH-007394,2025-08-30T11:04:00,France,Animation,Laptop,Premium,45,35.0,77.8,5
WATCH-007395,2025-02-01T05:04:00,Italy,Science fiction,Tablet,Basic,30,1.9,6.3,2
WATCH-007396,2025-02-05T23:49:00,Netherlands,Animation,Phone,Basic,30,22.7,75.7,1
WATCH-007397,2025-07-18T03:26:00,Spain,Thriller,TV,Premium,22,7.9,35.9,4
WATCH-007398,2025-04-23T12:44:00,Netherlands,Documentary,Laptop,Premium,90,15.1,16.8,4
WATCH-007399,2025-07-16T07:31:00,Netherlands,Animation,Phone,Premium,60,9.5,15.8,1
WATCH-007400,2025-07-31T14:52:00,Italy,Documentary,Laptop,Standard,120,34.4,28.7,1
WATCH-007401,2025-10-02T18:43:00,Netherlands,Comedy,Phone,Standard,45,27.8,,5
WATCH-007402,2025-10-08T16:26:00,Sweden,Science fiction,TV,Premium,45,19.6,43.6,5
WATCH-007403,2025-07-29T19:33:00,Italy,Drama,Tablet,Basic,22,6.1,27.7,5
WATCH-007404,2025-07-09T09:16:00,Italy,Thriller,Laptop,Premium,22,10.6,48.2,1
WATCH-007405,2025-08-15T16:13:00,Italy,Science fiction,TV,Basic,45,29.5,65.6,1
WATCH-007406,2025-09-13T13:36:00,France,Science fiction,Tablet,Standard,120,110.5,92.1,4
WATCH-007407,2025-12-29T23:28:00,Spain,Science fiction,Phone,Premium,120,89.3,74.4,5
WATCH-007408,2025-04-05T09:59:00,Germany,Drama,Phone,Basic,30,2.5,8.3,5
WATCH-007409,2025-12-19T20:29:00,France,Science fiction,Tablet,Premium,90,44.7,49.7,4
WATCH-007410,2025-10-19T19:14:00,Italy,Documentary,TV,Standard,22,13.3,60.5,4
WATCH-007411,2025-05-23T04:31:00,Germany,Thriller,Phone,Standard,22,5.5,25.0,3
WATCH-007412,2025-10-14T15:12:00,Spain,Thriller,Tablet,Standard,45,36.3,80.7,4
WATCH-007413,2025-12-11T18:51:00,Spain,Thriller,Phone,Premium,22,4.2,19.1,5
WATCH-007414,2025-03-16T10:25:00,Italy,Science fiction,Phone,Basic,45,5.6,12.4,4
WATCH-007415,2025-02-25T20:22:00,Sweden,Documentary,Tablet,Premium,22,16.2,73.6,3
WATCH-007416,2025-10-26T05:28:00,France,Thriller,Tablet,Basic,22,1.4,6.4,2
WATCH-007417,2025-05-09T22:33:00,Spain,Animation,Laptop,Basic,60,4.7,7.8,1
WATCH-007418,2025-09-17T17:03:00,Sweden,Comedy,TV,Premium,60,54.8,91.3,3
WATCH-007419,2025-10-12T00:20:00,Netherlands,Drama,TV,Basic,22,3.7,16.8,3
WATCH-007420,2025-12-06T08:14:00,Spain,Drama,Tablet,Standard,120,106.2,88.5,1
WATCH-007421,2025-06-04T08:09:00,Spain,Science fiction,Phone,Premium,120,37.6,31.3,5
WATCH-007422,2025-06-14T16:01:00,Germany,Comedy,Tablet,Premium,22,14.4,65.5,2
WATCH-007423,2025-03-23T18:12:00,Italy,Documentary,TV,Standard,60,16.9,28.2,5
WATCH-007424,2025-09-23T15:54:00,Sweden,Documentary,Laptop,Basic,60,40.1,66.8,5
WATCH-007425,2025-01-12T22:50:00,Sweden,Thriller,Tablet,Premium,120,55.9,46.6,2
WATCH-007426,2025-11-20T02:34:00,Italy,Thriller,Laptop,Basic,120,11.5,9.6,1
WATCH-007427,2025-10-01T05:43:00,Italy,Drama,TV,Standard,60,38.2,63.7,1
WATCH-007428,2025-05-20T20:42:00,Germany,Documentary,Laptop,Basic,120,52.4,43.7,1
WATCH-007429,2025-07-06T20:13:00,Spain,Science fiction,Laptop,Basic,120,90.7,75.6,2
WATCH-007430,2025-07-19T23:45:00,Germany,Science fiction,Phone,Premium,120,113.2,94.3,4
WATCH-007431,2025-07-15T17:20:00,Italy,Documentary,Laptop,Basic,90,27.0,30.0,2
WATCH-007432,2025-09-14T21:47:00,Sweden,Animation,Phone,Basic,30,4.4,14.7,3
WATCH-007433,2025-06-04T06:28:00,France,Thriller,TV,Premium,120,29.0,24.2,5
WATCH-007434,2025-11-02T02:43:00,Germany,Documentary,Laptop,Standard,120,68.1,56.8,4
WATCH-007435,2025-06-03T19:33:00,Netherlands,Thriller,Laptop,Basic,22,12.5,56.8,1
WATCH-007436,2025-06-29T04:34:00,France,Animation,Laptop,Premium,60,50.7,84.5,3
WATCH-007437,2025-06-28T20:49:00,Netherlands,Documentary,Phone,Standard,30,10.6,35.3,3
WATCH-007438,2025-04-15T04:41:00,Germany,Animation,TV,Basic,120,12.5,,5
WATCH-007439,2025-06-08T16:12:00,Netherlands,Drama,TV,Basic,22,13.2,60.0,1
WATCH-007440,2025-06-18T11:52:00,Spain,Animation,Laptop,Premium,45,41.6,92.4,5
WATCH-007441,2025-10-28T15:06:00,France,Science fiction,TV,Standard,90,17.2,19.1,5
WATCH-007442,2025-11-24T08:03:00,Spain,Thriller,Laptop,Basic,120,104.9,87.4,5
WATCH-007443,2025-04-07T11:08:00,Sweden,Documentary,Laptop,Premium,45,26.4,58.7,4
WATCH-007444,2025-08-17T08:48:00,Sweden,Thriller,Phone,Basic,60,13.7,22.8,5
WATCH-007445,2025-02-06T02:17:00,France,Science fiction,TV,Basic,30,17.4,58.0,2
WATCH-007446,2025-10-08T21:45:00,Sweden,Documentary,TV,Premium,30,18.8,62.7,1
WATCH-007447,2025-12-05T18:40:00,France,Documentary,Laptop,Premium,45,35.6,79.1,2
WATCH-007448,2025-07-01T00:29:00,Sweden,Comedy,Phone,Basic,22,5.3,24.1,5
WATCH-007449,2025-01-10T23:53:00,Spain,Science fiction,Laptop,Premium,120,78.7,65.6,2
WATCH-007450,2025-11-25T12:24:00,Sweden,Documentary,Laptop,Premium,90,23.4,26.0,5
WATCH-007451,2025-09-05T06:55:00,Sweden,Drama,Tablet,Basic,22,13.1,59.5,4
WATCH-007452,2025-12-14T03:49:00,Netherlands,Thriller,Laptop,Basic,22,9.3,42.3,2
WATCH-007453,2025-04-22T06:08:00,Sweden,Documentary,TV,Basic,30,24.8,82.7,3
WATCH-007454,2025-10-21T08:48:00,Netherlands,Animation,Laptop,Premium,120,47.2,39.3,3
WATCH-007455,2025-07-19T08:34:00,Sweden,Thriller,Tablet,Standard,60,4.1,6.8,2
WATCH-007456,2025-05-02T19:37:00,France,Thriller,Phone,Standard,22,13.4,60.9,2
WATCH-007457,2025-05-22T03:31:00,Netherlands,Science fiction,Laptop,Premium,60,47.9,79.8,3
WATCH-007458,2025-06-08T03:26:00,Netherlands,Documentary,TV,Premium,120,70.1,58.4,5
WATCH-007459,2025-01-02T21:03:00,Netherlands,Thriller,TV,Basic,90,7.2,8.0,4
WATCH-007460,2025-11-29T23:51:00,Sweden,Animation,TV,Premium,22,4.5,20.5,4
WATCH-007461,2025-02-04T16:34:00,Sweden,Documentary,TV,Basic,60,25.4,42.3,1
WATCH-007462,2025-09-06T11:02:00,Sweden,Documentary,Tablet,Premium,22,18.1,82.3,5
WATCH-007463,2025-11-16T16:12:00,Sweden,Documentary,Laptop,Standard,90,30.5,33.9,2
WATCH-007464,2025-11-02T06:27:00,Netherlands,Comedy,Phone,Premium,90,58.2,64.7,4
WATCH-007465,2025-12-22T02:16:00,Sweden,Comedy,TV,Standard,45,24.0,53.3,3
WATCH-007466,2025-12-06T06:49:00,Sweden,Drama,Phone,Basic,45,18.5,41.1,2
WATCH-007467,2025-07-06T08:30:00,Germany,Comedy,Tablet,Basic,60,26.6,44.3,3
WATCH-007468,2025-09-30T23:54:00,Spain,Comedy,TV,Standard,22,10.1,45.9,2
WATCH-007469,2025-04-27T17:59:00,Spain,Comedy,Phone,Basic,90,16.3,18.1,3
WATCH-007470,2025-04-08T11:46:00,Spain,Science fiction,TV,Basic,60,59.3,98.8,4
WATCH-007471,2025-01-29T07:50:00,Spain,Documentary,,Premium,22,11.1,50.5,5
WATCH-007472,2025-06-09T17:40:00,Italy,Drama,TV,Premium,45,15.8,35.1,3
WATCH-007473,2025-10-13T11:30:00,Italy,Thriller,Phone,Premium,60,38.5,64.2,3
WATCH-007474,2025-03-03T00:04:00,Italy,Drama,Laptop,Standard,60,12.1,20.2,5
WATCH-007475,2025-10-27T21:16:00,Germany,Science fiction,Tablet,Basic,60,52.0,,1
WATCH-007476,2025-11-15T21:46:00,Netherlands,Drama,Phone,Premium,45,23.8,52.9,5
WATCH-007477,2025-03-26T21:15:00,Spain,Thriller,Phone,Standard,45,31.6,70.2,2
WATCH-007478,2025-04-21T14:38:00,Netherlands,Drama,Tablet,Standard,30,20.4,68.0,1
WATCH-007479,2025-01-05T05:58:00,Spain,Thriller,Tablet,Standard,60,36.1,60.2,4
WATCH-007480,2025-09-03T10:23:00,Spain,Science fiction,TV,Premium,60,45.9,76.5,1
WATCH-007481,2025-01-27T21:09:00,Netherlands,Science fiction,Laptop,Premium,120,63.1,52.6,4
WATCH-007482,2025-09-19T12:49:00,Italy,Science fiction,Tablet,Standard,30,18.3,61.0,3
WATCH-007483,2025-01-25T09:54:00,Netherlands,Animation,Tablet,Premium,45,42.3,94.0,2
WATCH-007484,2025-05-18T20:44:00,Germany,Comedy,Phone,Premium,120,15.5,12.9,1
WATCH-007485,2025-05-08T10:56:00,Italy,Comedy,Laptop,Basic,90,46.4,51.6,4
WATCH-007486,2025-05-28T21:10:00,France,Documentary,TV,Standard,22,5.5,25.0,2
WATCH-007487,2025-10-17T17:56:00,Germany,Drama,TV,Premium,30,16.5,55.0,1
WATCH-007488,2025-04-04T19:56:00,Sweden,Science fiction,Tablet,Standard,45,17.8,39.6,2
WATCH-007489,2025-05-12T03:03:00,France,Thriller,Phone,Basic,22,1.4,6.4,4
WATCH-007490,2025-08-26T13:23:00,Sweden,Comedy,TV,Premium,90,5.6,6.2,3
WATCH-007491,2025-10-05T13:53:00,Italy,Science fiction,Phone,Premium,60,13.9,23.2,1
WATCH-007492,2025-05-22T22:58:00,Germany,Comedy,Phone,Basic,120,38.8,32.3,3
WATCH-007493,2025-06-22T09:22:00,Spain,Science fiction,Tablet,Basic,22,10.8,49.1,2
WATCH-007494,2025-07-13T15:46:00,Sweden,Thriller,Laptop,Premium,45,35.7,79.3,1
WATCH-007495,2025-11-14T22:49:00,Spain,Drama,TV,Basic,60,12.8,21.3,5
WATCH-007496,2025-08-26T17:43:00,Italy,Drama,Tablet,Basic,60,18.9,31.5,4
WATCH-007497,2025-07-11T11:40:00,Netherlands,Thriller,Tablet,Basic,60,23.0,38.3,3
WATCH-007498,2025-03-08T16:48:00,Sweden,Animation,Tablet,Premium,30,28.5,95.0,3
WATCH-007499,2025-03-29T00:09:00,Spain,Drama,Tablet,Premium,45,26.8,59.6,1
WATCH-007500,2025-03-23T00:33:00,Sweden,Science fiction,TV,Basic,60,25.6,42.7,1
WATCH-007501,2025-12-07T11:13:00,Germany,Thriller,Phone,Premium,45,38.1,84.7,3
WATCH-007502,2025-09-08T06:27:00,Spain,Animation,Phone,Standard,90,73.7,81.9,3
WATCH-007503,2025-02-11T16:57:00,Italy,Science fiction,Phone,Standard,90,5.7,6.3,3
WATCH-007504,2025-06-18T21:50:00,Italy,Drama,Phone,Basic,22,19.2,87.3,5
WATCH-007505,2025-02-03T15:32:00,Italy,Thriller,TV,Standard,30,17.9,59.7,1
WATCH-007506,2025-12-19T09:47:00,Germany,Comedy,Phone,Standard,60,27.1,45.2,4
WATCH-007507,2025-01-08T21:43:00,Spain,Animation,Laptop,Standard,30,28.5,95.0,1
WATCH-007508,2025-03-03T13:57:00,Germany,Thriller,Tablet,Standard,60,17.9,29.8,2
WATCH-007509,2025-03-30T01:05:00,Netherlands,Comedy,Tablet,Premium,90,44.5,49.4,4
WATCH-007510,2025-06-21T06:04:00,France,Drama,Phone,Premium,60,27.7,46.2,3
WATCH-007511,2025-07-29T19:59:00,Italy,Thriller,Phone,Basic,90,19.2,21.3,5
WATCH-007512,2025-04-23T16:34:00,France,Thriller,Laptop,Standard,45,14.3,,4
WATCH-007513,2025-03-27T18:50:00,Italy,Documentary,Tablet,Premium,120,82.6,68.8,3
WATCH-007514,2025-08-06T05:43:00,Netherlands,Documentary,Phone,Premium,45,15.2,33.8,2
WATCH-007515,2025-07-24T16:24:00,France,Thriller,Tablet,Basic,30,5.3,17.7,4
WATCH-007516,2025-04-12T13:21:00,Netherlands,Animation,Tablet,Basic,120,61.3,51.1,4
WATCH-007517,2025-05-01T20:18:00,Netherlands,Thriller,Phone,Basic,90,43.2,48.0,4
WATCH-007518,2025-04-29T17:26:00,France,Comedy,TV,Basic,45,39.3,87.3,3
WATCH-007519,2025-07-16T16:40:00,France,Thriller,Tablet,Basic,45,11.6,25.8,3
WATCH-007520,2025-02-03T11:34:00,Italy,Comedy,Phone,Basic,60,25.9,43.2,4
WATCH-007521,2025-06-19T10:37:00,Netherlands,Comedy,Tablet,Standard,60,32.1,53.5,4
WATCH-007522,2025-02-22T12:05:00,France,Comedy,TV,Standard,120,64.6,53.8,3
WATCH-007523,2025-08-18T02:15:00,Spain,Animation,Tablet,Standard,30,8.0,26.7,4
WATCH-007524,2025-05-08T06:47:00,Netherlands,Drama,TV,Basic,45,9.4,20.9,4
WATCH-007525,2025-02-20T23:54:00,Netherlands,Science fiction,TV,Premium,60,14.4,24.0,5
WATCH-007526,2025-08-21T19:30:00,Germany,Documentary,Tablet,Basic,60,58.1,96.8,5
WATCH-007527,2025-10-04T14:01:00,Germany,Animation,Tablet,Premium,120,116.6,97.2,2
WATCH-007528,2025-02-09T05:46:00,Sweden,Documentary,Laptop,Basic,90,15.5,17.2,1
WATCH-007529,2025-06-19T05:39:00,Sweden,Science fiction,Tablet,Basic,90,8.3,9.2,2
WATCH-007530,2025-01-17T21:15:00,France,Science fiction,Phone,Standard,45,38.3,85.1,5
WATCH-007531,2025-08-18T00:09:00,Sweden,Comedy,Phone,Premium,22,6.8,30.9,5
WATCH-007532,2025-08-06T00:33:00,Sweden,Science fiction,Tablet,Premium,60,42.1,70.2,2
WATCH-007533,2025-05-30T02:34:00,Spain,Animation,TV,Basic,90,56.3,62.6,4
WATCH-007534,2025-04-17T16:42:00,Spain,Documentary,Tablet,Standard,90,31.9,35.4,3
WATCH-007535,2025-11-05T23:57:00,Netherlands,Animation,Phone,Premium,120,24.7,20.6,4
WATCH-007536,2025-07-24T00:41:00,Sweden,Science fiction,Phone,Standard,45,27.0,60.0,2
WATCH-007537,2025-03-02T07:38:00,Netherlands,Science fiction,Laptop,Basic,30,28.0,93.3,3
WATCH-007538,2025-06-06T00:57:00,Netherlands,Thriller,Phone,Standard,22,14.2,64.5,2
WATCH-007539,2025-03-30T22:49:00,Netherlands,Science fiction,Laptop,Premium,90,82.7,91.9,3
WATCH-007540,2025-08-28T06:33:00,Germany,Drama,Laptop,Basic,30,29.6,98.7,4
WATCH-007541,2025-03-28T19:51:00,Sweden,Documentary,TV,Premium,60,16.6,27.7,3
WATCH-007542,2025-03-20T17:33:00,Sweden,Comedy,Tablet,Standard,60,7.6,12.7,2
WATCH-007543,2025-12-30T20:38:00,Germany,Comedy,Laptop,Standard,45,25.1,55.8,3
WATCH-007544,2025-11-07T07:22:00,Germany,Drama,Phone,Basic,22,2.4,10.9,5
WATCH-007545,2025-09-18T18:28:00,Spain,Documentary,TV,Basic,22,18.8,85.5,1
WATCH-007546,2025-07-20T06:15:00,Sweden,Thriller,Laptop,Premium,22,1.2,5.5,4
WATCH-007547,2025-10-13T09:01:00,Netherlands,Comedy,Phone,Premium,90,66.0,73.3,3
WATCH-007548,2025-01-10T09:22:00,Sweden,Comedy,Laptop,Basic,120,72.6,60.5,2
WATCH-007549,2025-05-07T02:15:00,Italy,Animation,TV,Basic,60,10.8,,5
WATCH-007550,2025-10-24T01:32:00,Sweden,Animation,Laptop,Premium,45,33.8,75.1,1
WATCH-007551,2025-05-11T12:02:00,Germany,Science fiction,Phone,Premium,60,19.4,32.3,4
WATCH-007552,2025-04-07T19:49:00,Germany,Thriller,Laptop,Basic,120,110.9,92.4,2
WATCH-007553,2025-06-09T02:46:00,Netherlands,Thriller,Laptop,Premium,120,46.4,38.7,1
WATCH-007554,2025-06-14T11:06:00,Germany,Comedy,,Standard,90,26.0,28.9,1
WATCH-007555,2025-06-05T04:30:00,France,Science fiction,Laptop,Basic,30,19.2,64.0,1
WATCH-007556,2025-06-12T15:31:00,Italy,Drama,TV,Basic,90,34.9,38.8,1
WATCH-007557,2025-04-28T10:13:00,Sweden,Drama,Laptop,Standard,30,7.7,25.7,4
WATCH-007558,2025-07-11T03:54:00,Germany,Comedy,Laptop,Premium,90,84.5,93.9,3
WATCH-007559,2025-08-05T03:39:00,France,Thriller,TV,Standard,22,13.2,60.0,1
WATCH-007560,2025-02-21T18:48:00,Spain,Thriller,Laptop,Premium,30,28.3,94.3,1
WATCH-007561,2025-06-06T15:50:00,Sweden,Drama,Laptop,Basic,60,27.2,45.3,4
WATCH-007562,2025-01-12T04:30:00,Spain,Science fiction,Laptop,Basic,45,11.9,26.4,3
WATCH-007563,2025-04-27T07:38:00,Sweden,Documentary,Phone,Basic,30,6.3,21.0,3
WATCH-007564,2025-03-12T07:34:00,Germany,Documentary,Phone,Basic,22,7.4,33.6,3
WATCH-007565,2025-01-16T12:56:00,Sweden,Science fiction,Phone,Basic,30,25.3,84.3,3
WATCH-007566,2025-07-28T06:25:00,Italy,Thriller,Phone,Standard,22,18.3,83.2,3
WATCH-007567,2025-12-05T17:37:00,Italy,Comedy,Tablet,Standard,22,2.4,10.9,3
WATCH-007568,2025-02-08T05:18:00,Germany,Drama,TV,Basic,120,32.8,27.3,4
WATCH-007569,2025-05-14T01:11:00,France,Thriller,Tablet,Standard,30,23.2,77.3,2
WATCH-007570,2025-09-29T17:34:00,France,Comedy,TV,Premium,60,22.3,37.2,2
WATCH-007571,2025-09-17T06:03:00,Sweden,Thriller,Laptop,Basic,45,30.4,67.6,3
WATCH-007572,2025-02-08T05:05:00,Germany,Animation,TV,Basic,90,31.9,35.4,5
WATCH-007573,2025-05-07T06:35:00,Italy,Animation,Tablet,Standard,30,15.8,52.7,5
WATCH-007574,2025-10-25T04:22:00,Spain,Documentary,Laptop,Standard,60,23.5,39.2,5
WATCH-007575,2025-02-25T06:52:00,Spain,Comedy,Tablet,Standard,90,30.5,33.9,3
WATCH-007576,2025-05-03T11:52:00,France,Drama,Phone,Premium,45,44.5,98.9,5
WATCH-007577,2025-09-03T23:05:00,Spain,Science fiction,Phone,Basic,45,22.3,49.6,5
WATCH-007578,2025-04-12T09:02:00,Germany,Thriller,Tablet,Premium,45,39.7,88.2,5
WATCH-007579,2025-10-05T14:03:00,France,Animation,Tablet,Standard,22,14.4,65.5,4
WATCH-007580,2025-03-25T07:22:00,Netherlands,Comedy,Laptop,Basic,22,1.2,5.5,2
WATCH-007581,2025-04-03T03:38:00,Netherlands,Science fiction,Phone,Standard,45,14.9,33.1,2
WATCH-007582,2025-02-14T15:49:00,Spain,Comedy,Phone,Basic,120,114.8,95.7,1
WATCH-007583,2025-02-03T21:05:00,Sweden,Science fiction,Phone,Standard,45,40.2,89.3,2
WATCH-007584,2025-08-02T03:42:00,Italy,Animation,Laptop,Basic,30,22.6,75.3,1
WATCH-007585,2025-11-10T02:00:00,Germany,Documentary,Laptop,Premium,22,7.9,35.9,2
WATCH-007586,2025-07-20T09:35:00,Netherlands,Drama,Tablet,Standard,45,26.5,,4
WATCH-007587,2025-11-14T07:04:00,Germany,Comedy,Tablet,Standard,22,16.7,75.9,4
WATCH-007588,2025-12-26T09:18:00,Italy,Animation,Laptop,Basic,45,13.2,29.3,2
WATCH-007589,2025-02-26T19:46:00,Spain,Drama,Phone,Basic,45,19.7,43.8,5
WATCH-007590,2025-10-26T20:39:00,France,Comedy,Laptop,Premium,30,22.8,76.0,1
WATCH-007591,2025-03-29T03:54:00,Germany,Comedy,Phone,Premium,22,19.5,88.6,1
WATCH-007592,2025-03-02T08:47:00,Sweden,Documentary,Laptop,Standard,60,6.7,11.2,1
WATCH-007593,2025-07-08T08:09:00,Germany,Documentary,Laptop,Premium,22,12.0,54.5,4
WATCH-007594,2025-02-25T23:55:00,Spain,Documentary,Phone,Standard,30,10.4,34.7,5
WATCH-007595,2025-01-17T22:02:00,Spain,Animation,Tablet,Basic,45,5.1,11.3,5
WATCH-007596,2025-01-16T13:15:00,Netherlands,Comedy,Tablet,Standard,120,69.0,57.5,3
WATCH-007597,2025-12-17T10:35:00,Netherlands,Animation,Phone,Standard,60,36.0,60.0,2
WATCH-007598,2025-10-19T21:21:00,Netherlands,Animation,Phone,Basic,45,5.8,12.9,2
WATCH-007599,2025-10-23T01:29:00,France,Documentary,Laptop,Basic,60,32.0,53.3,4
WATCH-007600,2025-07-01T20:47:00,Sweden,Science fiction,TV,Standard,120,80.5,67.1,1
WATCH-007601,2025-04-25T01:45:00,Sweden,Thriller,Laptop,Premium,45,7.3,16.2,3
WATCH-007602,2025-09-17T06:06:00,Netherlands,Documentary,Laptop,Premium,90,54.7,60.8,3
WATCH-007603,2025-07-23T12:10:00,Italy,Comedy,TV,Basic,30,2.0,6.7,3
WATCH-007604,2025-10-07T08:53:00,Sweden,Thriller,Laptop,Premium,30,9.1,30.3,2
WATCH-007605,2025-10-12T15:41:00,Spain,Animation,Tablet,Basic,90,15.5,17.2,3
WATCH-007606,2025-10-18T08:37:00,Germany,Documentary,Phone,Basic,120,114.2,95.2,2
WATCH-007607,2025-10-24T16:17:00,Italy,Documentary,Tablet,Premium,45,12.4,27.6,1
WATCH-007608,2025-10-11T14:44:00,France,Science fiction,Phone,Basic,30,12.5,41.7,1
WATCH-007609,2025-02-22T08:00:00,Sweden,Documentary,TV,Standard,30,23.3,77.7,4
WATCH-007610,2025-07-27T11:44:00,France,Science fiction,Laptop,Standard,60,9.6,16.0,1
WATCH-007611,2025-09-22T17:34:00,Sweden,Thriller,TV,Standard,60,18.8,31.3,2
WATCH-007612,2025-02-17T02:03:00,Italy,Documentary,Phone,Premium,60,50.4,84.0,2
WATCH-007613,2025-08-10T23:07:00,France,Thriller,TV,Basic,60,16.7,27.8,1
WATCH-007614,2025-07-28T22:14:00,Netherlands,Comedy,Phone,Premium,90,40.1,44.6,2
WATCH-007615,2025-05-17T12:44:00,Spain,Documentary,Laptop,Standard,120,18.8,15.7,2
WATCH-007616,2025-10-06T23:01:00,France,Drama,TV,Premium,22,15.6,70.9,3
WATCH-007617,2025-02-05T20:19:00,Netherlands,Documentary,Laptop,Standard,30,14.8,49.3,1
WATCH-007618,2025-11-12T10:34:00,Italy,Thriller,Phone,Basic,120,14.2,11.8,5
WATCH-007619,2025-07-04T08:23:00,Netherlands,Drama,Tablet,Basic,120,61.8,51.5,3
WATCH-007620,2025-08-20T23:44:00,Italy,Animation,Laptop,Premium,22,10.7,48.6,4
WATCH-007621,2025-01-21T10:24:00,Netherlands,Comedy,TV,Standard,90,69.8,77.6,4
WATCH-007622,2025-02-20T06:20:00,Sweden,Comedy,Tablet,Standard,30,26.3,87.7,5
WATCH-007623,2025-10-25T10:23:00,Germany,Documentary,TV,Premium,45,20.6,,2
WATCH-007624,2025-10-19T05:08:00,Spain,Thriller,Tablet,Basic,90,28.7,31.9,2
WATCH-007625,2025-09-09T07:59:00,France,Comedy,Tablet,Basic,90,23.5,26.1,1
WATCH-007626,2025-12-16T17:25:00,Germany,Science fiction,TV,Basic,60,53.1,88.5,4
WATCH-007627,2025-02-25T13:50:00,France,Animation,TV,Basic,60,34.4,57.3,5
WATCH-007628,2025-05-17T06:23:00,Germany,Thriller,Laptop,Standard,60,29.7,49.5,2
WATCH-007629,2025-03-22T15:40:00,Germany,Science fiction,TV,Standard,60,23.4,39.0,4
WATCH-007630,2025-10-12T15:30:00,Spain,Animation,Laptop,Standard,22,7.2,32.7,4
WATCH-007631,2025-05-03T16:14:00,France,Documentary,Phone,Basic,22,17.8,80.9,3
WATCH-007632,2025-01-06T12:58:00,Italy,Comedy,Laptop,Premium,60,5.7,9.5,1
WATCH-007633,2025-06-26T13:22:00,France,Animation,Tablet,Premium,120,8.9,7.4,5
WATCH-007634,2025-07-17T05:07:00,Spain,Science fiction,Phone,Basic,60,40.4,67.3,1
WATCH-007635,2025-04-27T22:07:00,Netherlands,Drama,Laptop,Basic,22,19.7,89.5,1
WATCH-007636,2025-01-26T05:25:00,Italy,Comedy,Phone,Premium,90,28.4,31.6,2
WATCH-007637,2025-05-12T11:52:00,Spain,Documentary,,Basic,30,9.8,32.7,4
WATCH-007638,2025-07-26T08:31:00,Sweden,Science fiction,TV,Premium,45,7.1,15.8,2
WATCH-007639,2025-07-02T10:50:00,Sweden,Comedy,Laptop,Standard,30,29.7,99.0,4
WATCH-007640,2025-05-04T04:18:00,Sweden,Comedy,Tablet,Standard,30,22.0,73.3,3
WATCH-007641,2025-05-10T07:40:00,Spain,Drama,TV,Basic,90,40.3,44.8,2
WATCH-007642,2025-04-16T04:19:00,Germany,Thriller,TV,Basic,120,106.1,88.4,1
WATCH-007643,2025-05-08T04:47:00,France,Animation,TV,Basic,60,19.9,33.2,3
WATCH-007644,2025-12-25T10:02:00,Italy,Animation,Tablet,Standard,120,75.3,62.7,2
WATCH-007645,2025-01-21T01:52:00,France,Thriller,Phone,Premium,120,86.5,72.1,5
WATCH-007646,2025-10-11T07:08:00,Netherlands,Animation,TV,Basic,120,87.0,72.5,2
WATCH-007647,2025-06-20T23:36:00,Spain,Science fiction,Phone,Basic,60,48.0,80.0,2
WATCH-007648,2025-03-19T18:01:00,Netherlands,Thriller,Tablet,Standard,30,29.8,99.3,2
WATCH-007649,2025-06-22T11:03:00,Sweden,Comedy,Tablet,Standard,30,24.2,80.7,3
WATCH-007650,2025-06-15T09:16:00,Sweden,Thriller,Phone,Basic,90,38.2,42.4,4
WATCH-007651,2025-08-08T09:54:00,Italy,Science fiction,Tablet,Basic,22,7.3,33.2,2
WATCH-007652,2025-10-31T04:39:00,Italy,Drama,TV,Standard,90,23.5,26.1,2
WATCH-007653,2025-07-13T14:52:00,Spain,Comedy,Laptop,Premium,30,26.3,87.7,3
WATCH-007654,2025-12-04T16:19:00,Netherlands,Drama,Phone,Basic,30,16.4,54.7,4
WATCH-007655,2025-01-06T19:13:00,Sweden,Drama,Tablet,Basic,22,16.6,75.5,5
WATCH-007656,2025-03-31T19:59:00,France,Documentary,Laptop,Premium,22,16.7,75.9,3
WATCH-007657,2025-09-03T00:31:00,Sweden,Animation,TV,Standard,45,42.8,95.1,3
WATCH-007658,2025-07-21T19:42:00,Sweden,Thriller,Tablet,Basic,120,20.1,16.8,4
WATCH-007659,2025-04-05T12:13:00,Spain,Documentary,TV,Basic,90,79.4,88.2,3
WATCH-007660,2025-10-08T18:03:00,Spain,Science fiction,Laptop,Premium,90,45.5,,4
WATCH-007661,2025-05-19T04:06:00,Italy,Science fiction,Tablet,Premium,120,8.4,7.0,3
WATCH-007662,2025-08-22T12:14:00,Netherlands,Drama,TV,Premium,120,47.5,39.6,1
WATCH-007663,2025-09-25T21:48:00,Spain,Drama,Laptop,Basic,22,12.7,57.7,4
WATCH-007664,2025-02-15T18:43:00,Sweden,Documentary,Phone,Basic,22,5.1,23.2,4
WATCH-007665,2025-05-26T09:04:00,Netherlands,Science fiction,Phone,Standard,45,9.5,21.1,1
WATCH-007666,2025-07-05T00:22:00,Italy,Animation,Phone,Standard,120,115.6,96.3,3
WATCH-007667,2025-06-23T17:58:00,Germany,Animation,Tablet,Basic,60,33.4,55.7,5
WATCH-007668,2025-05-16T01:57:00,Italy,Animation,TV,Standard,120,59.9,49.9,1
WATCH-007669,2025-06-23T14:21:00,Germany,Science fiction,Laptop,Premium,22,5.1,23.2,4
WATCH-007670,2025-05-23T07:18:00,Germany,Animation,Phone,Standard,90,49.3,54.8,4
WATCH-007671,2025-12-22T04:00:00,France,Comedy,Laptop,Standard,90,65.7,73.0,3
WATCH-007672,2025-09-15T13:46:00,France,Science fiction,Tablet,Basic,30,29.3,97.7,1
WATCH-007673,2025-01-08T10:34:00,France,Animation,Phone,Standard,60,40.3,67.2,2
WATCH-007674,2025-01-03T21:59:00,Spain,Comedy,Laptop,Standard,30,21.4,71.3,2
WATCH-007675,2025-08-30T05:40:00,France,Science fiction,Phone,Basic,22,1.6,7.3,2
WATCH-007676,2025-03-05T00:08:00,Germany,Science fiction,Laptop,Premium,30,2.2,7.3,4
WATCH-007677,2025-10-27T04:53:00,Sweden,Drama,Laptop,Premium,30,26.7,89.0,5
WATCH-007678,2025-09-28T17:42:00,Spain,Animation,TV,Standard,30,12.1,40.3,4
WATCH-007679,2025-03-11T13:23:00,France,Documentary,Laptop,Standard,22,17.1,77.7,5
WATCH-007680,2025-04-16T14:55:00,Germany,Thriller,TV,Basic,30,25.6,85.3,1
WATCH-007681,2025-02-24T00:53:00,France,Thriller,TV,Premium,22,9.0,40.9,5
WATCH-007682,2025-06-11T11:50:00,Spain,Animation,TV,Standard,120,16.2,13.5,2
WATCH-007683,2025-05-27T01:37:00,Germany,Thriller,TV,Premium,30,12.5,41.7,2
WATCH-007684,2025-03-02T16:23:00,Germany,Animation,Tablet,Basic,22,21.0,95.5,5
WATCH-007685,2025-12-18T16:48:00,Italy,Drama,Laptop,Premium,90,19.7,21.9,4
WATCH-007686,2025-04-18T02:44:00,Italy,Drama,Phone,Basic,90,41.9,46.6,1
WATCH-007687,2025-01-19T19:55:00,Netherlands,Drama,Laptop,Premium,30,14.3,47.7,5
WATCH-007688,2025-03-15T18:16:00,France,Comedy,TV,Basic,22,17.6,80.0,3
WATCH-007689,2025-07-02T17:44:00,Sweden,Animation,Phone,Standard,45,38.3,85.1,1
WATCH-007690,2025-01-19T05:05:00,Spain,Comedy,Laptop,Premium,90,73.9,82.1,2
WATCH-007691,2025-10-16T05:21:00,Netherlands,Animation,Laptop,Basic,30,4.5,15.0,5
WATCH-007692,2025-07-15T06:33:00,Spain,Comedy,Tablet,Premium,30,27.7,92.3,3
WATCH-007693,2025-10-12T23:38:00,Spain,Thriller,Tablet,Standard,22,9.4,42.7,4
WATCH-007694,2025-01-19T07:11:00,Spain,Thriller,Phone,Basic,30,11.0,36.7,5
WATCH-007695,2025-02-09T11:24:00,Germany,Thriller,Laptop,Basic,90,88.3,98.1,4
WATCH-007696,2025-10-19T23:41:00,Spain,Science fiction,TV,Premium,120,87.8,73.2,1
WATCH-007697,2025-10-29T08:40:00,Netherlands,Drama,Phone,Basic,30,20.1,,1
WATCH-007698,2025-01-12T11:21:00,France,Comedy,TV,Basic,45,16.0,35.6,2
WATCH-007699,2025-04-15T15:15:00,Germany,Thriller,Tablet,Standard,30,2.3,7.7,4
WATCH-007700,2025-04-15T12:41:00,Netherlands,Comedy,Laptop,Standard,90,27.5,30.6,4
WATCH-007701,2025-06-03T18:03:00,Italy,Drama,Laptop,Basic,22,4.3,19.5,3
WATCH-007702,2025-11-12T03:27:00,Sweden,Drama,Phone,Premium,60,18.4,30.7,2
WATCH-007703,2025-06-12T01:22:00,Spain,Science fiction,Laptop,Basic,45,13.9,30.9,2
WATCH-007704,2025-05-17T19:07:00,Germany,Thriller,Phone,Standard,120,73.9,61.6,1
WATCH-007705,2025-09-21T03:35:00,Germany,Thriller,TV,Premium,60,7.8,13.0,4
WATCH-007706,2025-09-09T01:12:00,Germany,Comedy,Tablet,Premium,120,94.0,78.3,3
WATCH-007707,2025-12-16T08:19:00,Netherlands,Comedy,Tablet,Premium,45,23.1,51.3,2
WATCH-007708,2025-09-02T13:46:00,France,Thriller,Tablet,Standard,45,20.3,45.1,5
WATCH-007709,2025-03-09T09:46:00,Spain,Drama,Laptop,Premium,90,53.0,58.9,2
WATCH-007710,2025-02-17T20:32:00,Spain,Drama,Phone,Basic,30,13.1,43.7,1
WATCH-007711,2025-03-20T17:45:00,Italy,Comedy,Tablet,Premium,60,8.4,14.0,3
WATCH-007712,2025-04-30T20:19:00,Italy,Documentary,Laptop,Basic,45,26.5,58.9,2
WATCH-007713,2025-07-09T02:29:00,Sweden,Thriller,TV,Standard,120,110.4,92.0,2
WATCH-007714,2025-03-04T00:24:00,Germany,Documentary,Tablet,Premium,22,20.3,92.3,1
WATCH-007715,2025-07-04T03:43:00,Italy,Drama,Laptop,Premium,60,23.5,39.2,3
WATCH-007716,2025-06-28T15:17:00,Italy,Documentary,Tablet,Premium,22,8.9,40.5,5
WATCH-007717,2025-11-27T11:58:00,Netherlands,Science fiction,Phone,Basic,45,4.9,10.9,3
WATCH-007718,2025-04-22T07:05:00,Germany,Comedy,Phone,Standard,22,15.1,68.6,5
WATCH-007719,2025-01-20T00:58:00,France,Animation,TV,Basic,30,4.1,13.7,2
WATCH-007720,2025-11-21T16:48:00,Spain,Animation,,Standard,22,4.2,19.1,4
WATCH-007721,2025-01-27T21:09:00,Spain,Thriller,Phone,Premium,30,27.2,90.7,5
WATCH-007722,2025-10-10T01:14:00,Spain,Comedy,Tablet,Standard,22,8.4,38.2,4
WATCH-007723,2025-07-15T05:18:00,Sweden,Thriller,TV,Premium,120,78.2,65.2,1
WATCH-007724,2025-02-08T06:43:00,Germany,Science fiction,Phone,Premium,120,110.8,92.3,1
WATCH-007725,2025-06-22T20:52:00,Spain,Thriller,Phone,Premium,45,17.0,37.8,5
WATCH-007726,2025-06-22T16:04:00,Spain,Science fiction,Laptop,Standard,60,56.7,94.5,4
WATCH-007727,2025-09-27T09:19:00,Italy,Thriller,Tablet,Premium,30,27.7,92.3,2
WATCH-007728,2025-12-20T01:09:00,France,Documentary,Tablet,Premium,22,2.0,9.1,3
WATCH-007729,2025-02-05T13:00:00,Germany,Animation,Tablet,Standard,90,74.5,82.8,3
WATCH-007730,2025-01-15T23:53:00,Spain,Comedy,Phone,Standard,45,27.7,61.6,5
WATCH-007731,2025-07-20T00:20:00,Spain,Science fiction,Phone,Standard,60,12.3,20.5,5
WATCH-007732,2025-02-18T01:08:00,Netherlands,Thriller,Phone,Premium,60,33.8,56.3,3
WATCH-007733,2025-08-27T09:18:00,Italy,Science fiction,TV,Standard,30,24.9,83.0,1
WATCH-007734,2025-11-25T01:05:00,France,Science fiction,TV,Premium,45,10.0,,1
WATCH-007735,2025-10-26T06:00:00,Germany,Thriller,Tablet,Premium,90,29.0,32.2,3
WATCH-007736,2025-05-07T17:13:00,Germany,Science fiction,Laptop,Standard,60,42.6,71.0,1
WATCH-007737,2025-10-25T06:58:00,Netherlands,Science fiction,Phone,Standard,90,17.5,19.4,4
WATCH-007738,2025-03-13T20:45:00,Germany,Animation,Laptop,Standard,30,16.2,54.0,3
WATCH-007739,2025-06-13T17:16:00,Spain,Comedy,Tablet,Premium,30,12.6,42.0,3
WATCH-007740,2025-09-28T07:09:00,Sweden,Documentary,Phone,Standard,45,24.3,54.0,5
WATCH-007741,2025-11-17T23:59:00,Germany,Animation,Tablet,Basic,60,44.6,74.3,3
WATCH-007742,2025-03-12T09:54:00,France,Thriller,Tablet,Standard,120,107.2,89.3,1
WATCH-007743,2025-04-27T02:39:00,Germany,Animation,Laptop,Standard,90,55.6,61.8,5
WATCH-007744,2025-02-12T14:27:00,France,Science fiction,Phone,Basic,45,23.6,52.4,3
WATCH-007745,2025-02-06T12:37:00,Spain,Drama,TV,Premium,60,16.7,27.8,1
WATCH-007746,2025-12-03T01:56:00,Italy,Drama,Phone,Premium,45,28.8,64.0,3
WATCH-007747,2025-10-17T07:07:00,France,Documentary,TV,Standard,60,53.8,89.7,2
WATCH-007748,2025-03-12T07:44:00,Germany,Science fiction,Tablet,Basic,45,28.0,62.2,2
WATCH-007749,2025-01-25T07:22:00,France,Thriller,Laptop,Basic,90,32.6,36.2,4
WATCH-007750,2025-06-25T10:21:00,Sweden,Animation,Tablet,Standard,45,7.4,16.4,5
WATCH-007751,2025-03-09T06:32:00,Italy,Animation,Laptop,Premium,45,36.4,80.9,1
WATCH-007752,2025-02-10T12:51:00,Sweden,Animation,Phone,Premium,45,19.8,44.0,3
WATCH-007753,2025-11-06T21:06:00,Sweden,Thriller,TV,Basic,60,40.3,67.2,4
WATCH-007754,2025-07-12T17:22:00,Spain,Drama,Phone,Basic,60,10.8,18.0,3
WATCH-007755,2025-01-06T19:06:00,Germany,Thriller,Phone,Standard,45,24.4,54.2,5
WATCH-007756,2025-05-08T15:17:00,Sweden,Comedy,TV,Basic,60,50.3,83.8,4
WATCH-007757,2025-04-09T09:30:00,Netherlands,Drama,Phone,Premium,22,10.5,47.7,2
WATCH-007758,2025-10-11T23:50:00,Netherlands,Animation,Tablet,Premium,45,20.0,44.4,1
WATCH-007759,2025-09-07T00:24:00,Italy,Drama,TV,Basic,120,18.6,15.5,2
WATCH-007760,2025-04-12T12:48:00,Germany,Animation,Laptop,Basic,45,14.9,33.1,4
WATCH-007761,2025-07-21T22:38:00,Italy,Thriller,Laptop,Basic,60,26.9,44.8,1
WATCH-007762,2025-10-06T09:42:00,Spain,Documentary,Tablet,Premium,60,15.9,26.5,1
WATCH-007763,2025-04-26T04:10:00,Germany,Comedy,Phone,Standard,30,15.0,50.0,5
WATCH-007764,2025-03-26T20:37:00,Germany,Drama,TV,Standard,60,32.5,54.2,4
WATCH-007765,2025-03-16T17:33:00,France,Animation,TV,Basic,22,22.0,100.0,5
WATCH-007766,2025-02-08T18:53:00,France,Thriller,Phone,Basic,90,60.0,66.7,4
WATCH-007767,2025-10-08T00:21:00,Sweden,Thriller,Phone,Standard,30,7.8,26.0,1
WATCH-007768,2025-01-04T16:54:00,Italy,Drama,Tablet,Standard,22,8.5,38.6,3
WATCH-007769,2025-05-15T02:05:00,France,Comedy,TV,Premium,45,4.5,10.0,1
WATCH-007770,2025-08-13T16:22:00,Netherlands,Thriller,Laptop,Premium,60,35.3,58.8,2
WATCH-007771,2025-10-23T01:36:00,Spain,Comedy,Phone,Premium,22,17.8,,4
WATCH-007772,2025-04-06T19:06:00,Netherlands,Science fiction,Laptop,Basic,45,43.5,96.7,2
WATCH-007773,2025-03-26T10:16:00,Sweden,Drama,Laptop,Standard,90,38.2,42.4,2
WATCH-007774,2025-03-24T21:05:00,Spain,Drama,TV,Premium,120,99.0,82.5,4
WATCH-007775,2025-06-06T13:16:00,Sweden,Thriller,Phone,Basic,90,7.9,8.8,2
WATCH-007776,2025-06-26T00:19:00,Germany,Animation,TV,Premium,120,35.2,29.3,2
WATCH-007777,2025-06-26T16:13:00,France,Thriller,TV,Standard,120,91.7,76.4,3
WATCH-007778,2025-08-24T03:29:00,France,Drama,TV,Basic,120,73.6,61.3,3
WATCH-007779,2025-04-16T10:36:00,Sweden,Documentary,TV,Standard,30,7.5,25.0,3
WATCH-007780,2025-02-22T18:49:00,Netherlands,Documentary,Laptop,Standard,90,88.9,98.8,2
WATCH-007781,2025-02-05T01:54:00,Spain,Documentary,Laptop,Standard,45,27.7,61.6,3
WATCH-007782,2025-10-09T12:23:00,Sweden,Drama,Phone,Premium,60,49.6,82.7,2
WATCH-007783,2025-12-27T05:45:00,Sweden,Drama,Tablet,Basic,90,38.8,43.1,4
WATCH-007784,2025-07-12T19:47:00,Sweden,Science fiction,Tablet,Standard,22,12.8,58.2,4
WATCH-007785,2025-03-07T01:16:00,Germany,Thriller,Phone,Standard,22,5.2,23.6,1
WATCH-007786,2025-07-28T20:41:00,Spain,Thriller,Phone,Standard,120,101.4,84.5,3
WATCH-007787,2025-12-07T12:38:00,Sweden,Documentary,Phone,Basic,60,22.8,38.0,1
WATCH-007788,2025-05-06T21:20:00,Netherlands,Animation,TV,Standard,90,29.2,32.4,1
WATCH-007789,2025-06-28T03:53:00,Sweden,Comedy,Tablet,Standard,60,29.2,48.7,3
WATCH-007790,2025-10-01T03:30:00,Sweden,Comedy,TV,Premium,60,52.2,87.0,2
WATCH-007791,2025-02-01T20:49:00,Sweden,Drama,TV,Premium,90,31.1,34.6,4
WATCH-007792,2025-09-29T06:54:00,France,Comedy,Tablet,Premium,90,34.0,37.8,5
WATCH-007793,2025-12-24T09:36:00,Netherlands,Animation,TV,Premium,120,70.4,58.7,5
WATCH-007794,2025-11-23T01:23:00,Italy,Thriller,TV,Premium,30,23.1,77.0,4
WATCH-007795,2025-01-21T17:02:00,Sweden,Science fiction,Phone,Premium,45,3.8,8.4,5
WATCH-007796,2025-10-31T03:02:00,Netherlands,Science fiction,Laptop,Premium,120,47.1,39.2,2
WATCH-007797,2025-01-19T16:02:00,Netherlands,Documentary,Tablet,Basic,45,23.2,51.6,2
WATCH-007798,2025-12-07T16:08:00,Germany,Documentary,Tablet,Premium,45,42.6,94.7,5
WATCH-007799,2025-11-20T12:03:00,Netherlands,Comedy,Phone,Basic,45,11.3,25.1,1
WATCH-007800,2025-11-22T15:32:00,Netherlands,Comedy,Laptop,Standard,60,52.0,86.7,4
WATCH-007801,2025-03-27T02:53:00,Germany,Science fiction,TV,Basic,45,42.6,94.7,1
WATCH-007802,2025-11-29T11:35:00,Netherlands,Science fiction,TV,Basic,60,39.2,65.3,3
WATCH-007803,2025-08-23T10:37:00,Germany,Animation,,Premium,90,83.7,93.0,1
WATCH-007804,2025-06-28T18:54:00,Sweden,Science fiction,TV,Basic,120,50.1,41.8,1
WATCH-007805,2025-07-22T05:11:00,Spain,Science fiction,Tablet,Premium,45,28.6,63.6,1
WATCH-007806,2025-07-09T12:42:00,Germany,Drama,TV,Premium,30,22.5,75.0,1
WATCH-007807,2025-03-19T16:31:00,Germany,Animation,Laptop,Premium,45,11.1,24.7,1
WATCH-007808,2025-05-10T02:17:00,Netherlands,Comedy,TV,Premium,90,74.3,,3
WATCH-007809,2025-10-16T04:48:00,Netherlands,Drama,Laptop,Standard,90,45.8,50.9,2
WATCH-007810,2025-02-26T12:48:00,Netherlands,Science fiction,TV,Premium,90,41.6,46.2,1
WATCH-007811,2025-01-26T18:26:00,Spain,Drama,TV,Premium,60,43.0,71.7,5
WATCH-007812,2025-10-08T23:54:00,Netherlands,Drama,Laptop,Basic,22,10.8,49.1,4
WATCH-007813,2025-06-14T13:14:00,Germany,Drama,Laptop,Standard,30,25.4,84.7,4
WATCH-007814,2025-12-12T18:11:00,Spain,Animation,Tablet,Standard,60,42.4,70.7,4
WATCH-007815,2025-09-28T23:49:00,Netherlands,Comedy,TV,Basic,120,9.2,7.7,2
WATCH-007816,2025-08-22T02:02:00,France,Documentary,Laptop,Basic,22,11.1,50.5,4
WATCH-007817,2025-02-10T21:02:00,Netherlands,Comedy,Tablet,Premium,45,13.5,30.0,1
WATCH-007818,2025-06-21T22:09:00,Italy,Thriller,Phone,Standard,30,17.2,57.3,2
WATCH-007819,2025-05-30T11:10:00,Germany,Drama,Tablet,Premium,45,4.2,9.3,3
WATCH-007820,2025-07-29T19:31:00,Italy,Thriller,TV,Premium,90,87.1,96.8,1
WATCH-007821,2025-08-08T12:18:00,Germany,Animation,Laptop,Basic,22,17.6,80.0,4
WATCH-007822,2025-07-14T03:48:00,Italy,Thriller,Phone,Premium,45,6.3,14.0,2
WATCH-007823,2025-06-12T02:10:00,France,Animation,Laptop,Standard,90,50.7,56.3,4
WATCH-007824,2025-04-09T02:58:00,Netherlands,Thriller,Tablet,Premium,120,32.9,27.4,4
WATCH-007825,2025-06-27T07:42:00,France,Science fiction,Laptop,Standard,90,84.6,94.0,5
WATCH-007826,2025-01-18T11:04:00,Netherlands,Drama,TV,Standard,90,44.8,49.8,1
WATCH-007827,2025-01-02T02:41:00,Italy,Science fiction,Phone,Standard,30,26.0,86.7,1
WATCH-007828,2025-09-12T21:48:00,Italy,Drama,TV,Basic,30,11.1,37.0,3
WATCH-007829,2025-03-04T05:31:00,France,Comedy,Laptop,Basic,90,44.3,49.2,1
WATCH-007830,2025-05-31T12:13:00,Spain,Animation,Laptop,Standard,90,26.0,28.9,4
WATCH-007831,2025-06-04T16:52:00,Spain,Animation,TV,Basic,45,25.9,57.6,5
WATCH-007832,2025-11-23T20:31:00,Italy,Thriller,TV,Standard,90,13.5,15.0,1
WATCH-007833,2025-01-23T01:32:00,Spain,Science fiction,TV,Premium,45,39.7,88.2,1
WATCH-007834,2025-02-15T18:19:00,Germany,Documentary,Tablet,Standard,30,14.2,47.3,3
WATCH-007835,2025-07-11T13:31:00,Netherlands,Comedy,TV,Standard,30,13.7,45.7,3
WATCH-007836,2025-01-07T04:36:00,Sweden,Documentary,Phone,Standard,45,29.2,64.9,1
WATCH-007837,2025-08-03T11:03:00,Sweden,Animation,Phone,Premium,90,81.1,90.1,2
WATCH-007838,2025-06-14T23:23:00,Spain,Drama,Phone,Premium,90,36.8,40.9,1
WATCH-007839,2025-11-21T09:30:00,Germany,Drama,Laptop,Premium,22,10.9,49.5,1
WATCH-007840,2025-10-14T16:02:00,Italy,Thriller,TV,Premium,45,22.0,48.9,4
WATCH-007841,2025-05-08T00:48:00,Netherlands,Documentary,Tablet,Premium,60,48.7,81.2,5
WATCH-007842,2025-10-11T03:21:00,Italy,Animation,Laptop,Premium,60,27.8,46.3,2
WATCH-007843,2025-10-02T18:49:00,Spain,Drama,Phone,Standard,45,44.7,99.3,2
WATCH-007844,2025-11-22T11:16:00,Spain,Drama,Laptop,Premium,45,21.1,46.9,1
WATCH-007845,2025-11-01T01:41:00,Germany,Comedy,Phone,Premium,60,27.1,,5
WATCH-007846,2025-07-24T02:36:00,France,Drama,Tablet,Premium,120,53.6,44.7,4
WATCH-007847,2025-05-16T02:54:00,Spain,Thriller,Tablet,Standard,22,7.3,33.2,2
WATCH-007848,2025-04-12T19:42:00,Sweden,Thriller,TV,Premium,22,9.3,42.3,3
WATCH-007849,2025-01-21T08:10:00,Sweden,Comedy,TV,Basic,45,3.8,8.4,1
WATCH-007850,2025-04-26T00:34:00,Italy,Animation,Laptop,Basic,30,26.4,88.0,1
WATCH-007851,2025-09-28T13:47:00,Netherlands,Animation,Tablet,Premium,120,27.3,22.8,1
WATCH-007852,2025-03-13T05:42:00,Netherlands,Documentary,Tablet,Premium,30,19.1,63.7,3
WATCH-007853,2025-04-13T19:48:00,France,Animation,TV,Premium,22,12.7,57.7,2
WATCH-007854,2025-02-23T20:51:00,Sweden,Documentary,TV,Basic,45,28.2,62.7,5
WATCH-007855,2025-07-11T08:06:00,Italy,Comedy,Phone,Basic,30,18.7,62.3,1
WATCH-007856,2025-02-21T04:18:00,Spain,Comedy,Tablet,Premium,30,12.8,42.7,5
WATCH-007857,2025-12-18T13:20:00,Germany,Documentary,Laptop,Premium,30,2.7,9.0,4
WATCH-007858,2025-12-13T23:35:00,Germany,Science fiction,Phone,Standard,22,2.6,11.8,3
WATCH-007859,2025-01-10T00:13:00,Spain,Animation,Tablet,Standard,30,25.5,85.0,2
WATCH-007860,2025-04-21T05:55:00,Spain,Thriller,TV,Premium,120,58.8,49.0,5
WATCH-007861,2025-02-10T12:13:00,France,Comedy,Tablet,Basic,45,15.3,34.0,3
WATCH-007862,2025-02-19T07:04:00,Sweden,Drama,Phone,Premium,90,18.2,20.2,5
WATCH-007863,2025-04-23T09:19:00,Germany,Documentary,Phone,Basic,22,1.6,7.3,5
WATCH-007864,2025-07-25T01:35:00,Sweden,Documentary,Laptop,Premium,22,17.0,77.3,1
WATCH-007865,2025-07-23T12:36:00,France,Science fiction,Laptop,Premium,30,24.1,80.3,3
WATCH-007866,2025-10-17T18:43:00,Sweden,Animation,TV,Basic,45,36.7,81.6,3
WATCH-007867,2025-07-01T11:55:00,Sweden,Comedy,Laptop,Premium,60,16.4,27.3,4
WATCH-007868,2025-10-09T01:29:00,Spain,Animation,Tablet,Premium,60,33.9,56.5,5
WATCH-007869,2025-05-14T16:44:00,Netherlands,Science fiction,TV,Standard,60,49.4,82.3,3
WATCH-007870,2025-05-23T12:26:00,Germany,Animation,Phone,Basic,120,101.8,84.8,3
WATCH-007871,2025-07-22T11:39:00,Sweden,Documentary,Laptop,Premium,30,5.6,18.7,3
WATCH-007872,2025-03-08T05:46:00,Netherlands,Thriller,Tablet,Premium,22,19.7,89.5,2
WATCH-007873,2025-02-02T23:18:00,Germany,Science fiction,Phone,Premium,45,21.6,48.0,3
WATCH-007874,2025-03-18T21:50:00,Italy,Animation,TV,Standard,90,62.9,69.9,4
WATCH-007875,2025-05-29T03:42:00,Sweden,Science fiction,Phone,Basic,60,7.6,12.7,1
WATCH-007876,2025-10-11T22:10:00,Italy,Drama,TV,Standard,22,12.6,57.3,2
WATCH-007877,2025-01-07T23:21:00,Netherlands,Comedy,TV,Standard,30,2.9,9.7,1
WATCH-007878,2025-01-29T08:23:00,Sweden,Documentary,Phone,Standard,120,87.8,73.2,1
WATCH-007879,2025-02-09T15:15:00,Sweden,Drama,Tablet,Standard,45,16.9,37.6,5
WATCH-007880,2025-09-02T05:53:00,Germany,Animation,Phone,Premium,45,21.8,48.4,1
WATCH-007881,2025-11-19T22:08:00,Netherlands,Science fiction,Tablet,Premium,60,34.8,58.0,2
WATCH-007882,2025-05-08T22:01:00,Sweden,Thriller,Laptop,Standard,22,19.8,,2
WATCH-007883,2025-10-26T18:30:00,France,Animation,Tablet,Premium,120,50.5,42.1,4
WATCH-007884,2025-04-08T15:58:00,Italy,Drama,Tablet,Premium,22,10.9,49.5,1
WATCH-007885,2025-07-05T16:15:00,Sweden,Documentary,Laptop,Standard,22,5.6,25.5,4
WATCH-007886,2025-11-05T01:35:00,Italy,Documentary,,Standard,90,54.3,60.3,5
WATCH-007887,2025-06-21T10:20:00,Germany,Science fiction,Phone,Standard,22,17.5,79.5,4
WATCH-007888,2025-11-11T17:06:00,Sweden,Animation,Laptop,Premium,45,32.5,72.2,1
WATCH-007889,2025-11-04T17:01:00,Germany,Drama,TV,Basic,120,60.2,50.2,5
WATCH-007890,2025-07-06T08:30:00,Netherlands,Drama,Laptop,Standard,90,76.8,85.3,5
WATCH-007891,2025-03-11T20:26:00,Germany,Comedy,Phone,Standard,30,12.7,42.3,3
WATCH-007892,2025-11-30T04:27:00,Spain,Comedy,Tablet,Basic,22,8.1,36.8,3
WATCH-007893,2025-04-29T08:23:00,Italy,Animation,TV,Standard,30,2.7,9.0,1
WATCH-007894,2025-06-05T22:32:00,Germany,Comedy,Laptop,Standard,90,7.8,8.7,3
WATCH-007895,2025-05-21T07:59:00,France,Animation,Phone,Basic,90,30.6,34.0,1
WATCH-007896,2025-02-01T12:45:00,Italy,Comedy,Tablet,Standard,120,35.0,29.2,1
WATCH-007897,2025-03-14T07:07:00,Germany,Drama,Phone,Premium,30,20.5,68.3,3
WATCH-007898,2025-12-20T08:02:00,Sweden,Drama,Phone,Premium,22,16.7,75.9,1
WATCH-007899,2025-11-07T19:12:00,Germany,Animation,Laptop,Standard,45,14.6,32.4,2
WATCH-007900,2025-08-10T19:02:00,Italy,Drama,Laptop,Basic,90,75.0,83.3,3
WATCH-007901,2025-05-05T03:30:00,Spain,Documentary,Phone,Premium,90,37.8,42.0,5
WATCH-007902,2025-04-07T05:23:00,Sweden,Animation,Phone,Basic,90,5.4,6.0,1
WATCH-007903,2025-08-16T00:31:00,Spain,Comedy,Phone,Basic,120,15.6,13.0,5
WATCH-007904,2025-03-21T05:26:00,Italy,Thriller,Tablet,Standard,60,48.9,81.5,2
WATCH-007905,2025-05-10T00:46:00,Spain,Documentary,Phone,Basic,90,32.3,35.9,2
WATCH-007906,2025-09-25T03:20:00,Netherlands,Drama,Laptop,Standard,22,20.7,94.1,4
WATCH-007907,2025-11-07T08:01:00,Netherlands,Comedy,Phone,Basic,45,19.4,43.1,5
WATCH-007908,2025-04-01T19:36:00,Italy,Drama,TV,Premium,60,8.2,13.7,3
WATCH-007909,2025-04-04T16:30:00,Netherlands,Animation,Phone,Standard,60,22.9,38.2,1
WATCH-007910,2025-12-23T05:41:00,Germany,Documentary,TV,Standard,120,78.8,65.7,1
WATCH-007911,2025-06-23T16:20:00,Netherlands,Drama,Phone,Basic,120,34.2,28.5,1
WATCH-007912,2025-09-17T16:06:00,France,Drama,Laptop,Premium,90,60.8,67.6,5
WATCH-007913,2025-08-24T23:05:00,Sweden,Animation,Tablet,Standard,30,3.0,10.0,5
WATCH-007914,2025-11-19T02:33:00,Italy,Comedy,Tablet,Basic,60,3.7,6.2,1
WATCH-007915,2025-06-21T08:12:00,France,Animation,Phone,Standard,22,14.0,63.6,4
WATCH-007916,2025-08-13T05:34:00,Spain,Drama,Tablet,Premium,60,41.4,69.0,5
WATCH-007917,2025-04-21T00:26:00,Spain,Comedy,Phone,Standard,60,15.9,26.5,1
WATCH-007918,2025-10-10T03:29:00,Sweden,Thriller,Tablet,Premium,45,5.0,11.1,3
WATCH-007919,2025-06-22T18:22:00,Spain,Drama,Laptop,Standard,22,17.0,,3
WATCH-007920,2025-01-02T13:39:00,Spain,Drama,Tablet,Basic,22,14.7,66.8,5
WATCH-007921,2025-05-08T04:26:00,Spain,Animation,Tablet,Basic,45,41.4,92.0,3
WATCH-007922,2025-05-18T06:13:00,Sweden,Drama,Tablet,Premium,45,2.5,5.6,2
WATCH-007923,2025-06-28T20:09:00,Italy,Comedy,Tablet,Basic,30,20.3,67.7,4
WATCH-007924,2025-05-29T19:00:00,Italy,Drama,Laptop,Standard,45,5.3,11.8,1
WATCH-007925,2025-01-25T17:58:00,Germany,Comedy,Laptop,Standard,120,115.3,96.1,3
WATCH-007926,2025-03-14T14:50:00,Italy,Animation,Phone,Premium,45,18.9,42.0,5
WATCH-007927,2025-05-17T23:29:00,Germany,Comedy,Tablet,Standard,45,9.6,21.3,4
WATCH-007928,2025-09-16T19:35:00,Italy,Animation,Phone,Basic,22,4.8,21.8,1
WATCH-007929,2025-06-01T05:43:00,Netherlands,Animation,Tablet,Premium,90,61.6,68.4,5
WATCH-007930,2025-01-15T16:20:00,France,Comedy,Laptop,Basic,30,20.1,67.0,4
WATCH-007931,2025-05-20T11:40:00,Germany,Thriller,Phone,Premium,90,45.2,50.2,2
WATCH-007932,2025-09-18T23:40:00,Germany,Documentary,Tablet,Basic,120,65.1,54.2,4
WATCH-007933,2025-11-07T07:21:00,Sweden,Science fiction,Phone,Basic,90,38.4,42.7,2
WATCH-007934,2025-02-11T05:28:00,Spain,Animation,Laptop,Standard,120,8.2,6.8,3
WATCH-007935,2025-03-27T06:43:00,Netherlands,Documentary,Phone,Premium,22,1.8,8.2,5
WATCH-007936,2025-06-07T10:38:00,Germany,Thriller,Tablet,Premium,60,44.5,74.2,5
WATCH-007937,2025-05-11T09:09:00,France,Science fiction,TV,Premium,60,14.3,23.8,2
WATCH-007938,2025-08-04T19:05:00,Spain,Animation,Tablet,Standard,120,38.8,32.3,5
WATCH-007939,2025-09-23T16:19:00,Sweden,Thriller,Tablet,Basic,45,35.6,79.1,1
WATCH-007940,2025-02-01T17:56:00,France,Science fiction,Tablet,Standard,22,18.0,81.8,2
WATCH-007941,2025-07-17T20:10:00,Sweden,Thriller,Tablet,Standard,22,14.6,66.4,3
WATCH-007942,2025-06-16T20:38:00,Sweden,Thriller,Phone,Basic,22,12.3,55.9,4
WATCH-007943,2025-07-14T04:16:00,Italy,Animation,TV,Basic,90,29.2,32.4,2
WATCH-007944,2025-07-29T06:48:00,Netherlands,Thriller,Laptop,Standard,120,13.5,11.2,5
WATCH-007945,2025-08-29T23:35:00,Netherlands,Documentary,Tablet,Premium,22,10.5,47.7,1
WATCH-007946,2025-11-03T02:15:00,Italy,Drama,Phone,Premium,22,9.7,44.1,1
WATCH-007947,2025-05-07T03:29:00,Netherlands,Science fiction,Tablet,Premium,30,11.6,38.7,1
WATCH-007948,2025-03-13T14:37:00,Netherlands,Thriller,Tablet,Standard,60,48.3,80.5,3
WATCH-007949,2025-03-07T05:06:00,Italy,Documentary,Laptop,Premium,45,14.2,31.6,1
WATCH-007950,2025-10-26T14:28:00,France,Drama,TV,Standard,45,16.0,35.6,3
WATCH-007951,2025-07-25T21:11:00,Sweden,Drama,Laptop,Premium,45,24.9,55.3,1
WATCH-007952,2025-08-27T01:50:00,Italy,Comedy,Phone,Basic,90,50.0,55.6,5
WATCH-007953,2025-05-03T15:05:00,Germany,Drama,Phone,Premium,22,9.0,40.9,4
WATCH-007954,2025-07-11T23:36:00,Germany,Thriller,Laptop,Premium,45,35.0,77.8,4
WATCH-007955,2025-06-23T17:08:00,Italy,Comedy,Phone,Basic,45,18.6,41.3,3
WATCH-007956,2025-11-27T11:01:00,Sweden,Documentary,Phone,Premium,120,97.1,,4
WATCH-007957,2025-11-04T03:01:00,France,Thriller,Laptop,Premium,45,41.5,92.2,4
WATCH-007958,2025-04-18T04:26:00,Netherlands,Comedy,Laptop,Standard,22,1.6,7.3,3
WATCH-007959,2025-04-13T15:52:00,Netherlands,Animation,Laptop,Premium,60,34.8,58.0,5
WATCH-007960,2025-10-16T09:04:00,Sweden,Documentary,TV,Premium,45,31.0,68.9,4
WATCH-007961,2025-06-18T04:25:00,Sweden,Documentary,Tablet,Standard,60,55.5,92.5,2
WATCH-007962,2025-04-16T11:02:00,Germany,Drama,TV,Premium,22,17.1,77.7,5
WATCH-007963,2025-08-18T17:07:00,Germany,Drama,Laptop,Premium,90,56.6,62.9,4
WATCH-007964,2025-03-23T19:51:00,Spain,Comedy,TV,Premium,90,72.9,81.0,2
WATCH-007965,2025-06-17T15:01:00,Sweden,Comedy,Tablet,Standard,45,35.0,77.8,2
WATCH-007966,2025-10-23T07:15:00,Spain,Thriller,Tablet,Premium,22,15.8,71.8,1
WATCH-007967,2025-07-24T15:08:00,Sweden,Drama,TV,Basic,120,102.8,85.7,4
WATCH-007968,2025-07-04T15:08:00,Spain,Animation,Laptop,Premium,120,69.9,58.2,5
WATCH-007969,2025-11-11T17:48:00,Sweden,Animation,,Premium,45,36.1,80.2,1
WATCH-007970,2025-08-19T12:01:00,Netherlands,Animation,Laptop,Basic,90,53.9,59.9,2
WATCH-007971,2025-05-11T13:29:00,Italy,Documentary,TV,Basic,22,11.3,51.4,4
WATCH-007972,2025-06-18T02:30:00,Italy,Documentary,Phone,Premium,60,4.6,7.7,1
WATCH-007973,2025-05-07T23:09:00,France,Documentary,Laptop,Premium,60,56.9,94.8,3
WATCH-007974,2025-01-31T09:47:00,Italy,Thriller,Tablet,Standard,120,17.6,14.7,4
WATCH-007975,2025-04-01T09:45:00,Spain,Science fiction,Tablet,Standard,120,84.7,70.6,4
WATCH-007976,2025-01-22T19:45:00,France,Thriller,Laptop,Premium,120,64.2,53.5,1
WATCH-007977,2025-08-19T06:05:00,Spain,Documentary,Tablet,Premium,45,20.0,44.4,5
WATCH-007978,2025-11-15T01:46:00,Spain,Documentary,Laptop,Basic,120,104.9,87.4,1
WATCH-007979,2025-05-15T12:48:00,Spain,Drama,TV,Premium,30,17.5,58.3,1
WATCH-007980,2025-06-09T00:37:00,Sweden,Comedy,Phone,Standard,45,25.0,55.6,5
WATCH-007981,2025-04-02T19:39:00,Sweden,Drama,Phone,Basic,120,81.0,67.5,4
WATCH-007982,2025-05-03T07:25:00,Sweden,Documentary,TV,Basic,120,98.9,82.4,1
WATCH-007983,2025-06-29T07:14:00,Italy,Science fiction,Phone,Premium,90,76.3,84.8,3
WATCH-007984,2025-03-06T18:00:00,Sweden,Thriller,TV,Basic,45,17.5,38.9,5
WATCH-007985,2025-01-15T06:18:00,Spain,Drama,Tablet,Premium,90,83.3,92.6,3
WATCH-007986,2025-12-13T03:26:00,France,Drama,Tablet,Standard,45,20.7,46.0,5
WATCH-007987,2025-03-03T19:59:00,Germany,Science fiction,Laptop,Standard,22,18.7,85.0,3
WATCH-007988,2025-02-14T05:05:00,Sweden,Drama,Tablet,Standard,45,15.9,35.3,4
WATCH-007989,2025-12-15T14:13:00,Sweden,Animation,Phone,Basic,120,49.4,41.2,4
WATCH-007990,2025-06-03T04:37:00,Netherlands,Drama,Tablet,Basic,22,4.2,19.1,1
WATCH-007991,2025-07-18T14:01:00,Italy,Comedy,TV,Standard,90,56.7,63.0,3
WATCH-007992,2025-03-14T14:58:00,Germany,Drama,Laptop,Premium,30,17.0,56.7,1
WATCH-007993,2025-08-03T09:32:00,Sweden,Comedy,Phone,Premium,22,16.9,,3
WATCH-007994,2025-07-02T00:58:00,France,Documentary,Laptop,Standard,120,49.3,41.1,2
WATCH-007995,2025-03-10T12:34:00,Sweden,Science fiction,Tablet,Premium,45,6.5,14.4,4
WATCH-007996,2025-02-23T23:44:00,Spain,Animation,Laptop,Basic,90,45.5,50.6,4
WATCH-007997,2025-08-07T07:13:00,Germany,Comedy,TV,Premium,45,24.0,53.3,2
WATCH-007998,2025-04-07T16:03:00,Sweden,Drama,Tablet,Premium,22,11.3,51.4,5
WATCH-007999,2025-03-01T05:00:00,Italy,Science fiction,TV,Basic,60,19.4,32.3,3
WATCH-008000,2025-08-18T13:22:00,Sweden,Animation,Tablet,Premium,45,43.8,97.3,2
WATCH-008001,2025-04-06T19:13:00,Sweden,Science fiction,Tablet,Basic,90,69.9,77.7,4
WATCH-008002,2025-10-17T00:10:00,Sweden,Drama,Phone,Standard,30,16.1,53.7,4
WATCH-008003,2025-04-15T14:13:00,Netherlands,Science fiction,Tablet,Premium,45,19.3,42.9,2
WATCH-008004,2025-10-01T20:59:00,Spain,Animation,Laptop,Standard,120,8.8,7.3,4
WATCH-008005,2025-07-04T19:44:00,France,Thriller,Tablet,Standard,22,2.2,10.0,3
WATCH-008006,2025-05-27T21:41:00,Italy,Drama,Laptop,Premium,30,5.9,19.7,5
WATCH-008007,2025-05-16T14:29:00,Spain,Science fiction,Phone,Standard,60,31.3,52.2,5
WATCH-008008,2025-09-01T13:50:00,Spain,Animation,TV,Basic,120,95.6,79.7,3
WATCH-008009,2025-01-08T12:28:00,France,Thriller,TV,Basic,90,28.6,31.8,3
WATCH-008010,2025-01-18T23:21:00,Spain,Comedy,Laptop,Premium,120,94.8,79.0,5
WATCH-008011,2025-01-11T12:29:00,Sweden,Comedy,TV,Standard,45,3.8,8.4,4
WATCH-008012,2025-07-10T15:39:00,France,Animation,Tablet,Standard,60,38.4,64.0,4
WATCH-008013,2025-06-06T10:38:00,Netherlands,Animation,Tablet,Basic,30,26.2,87.3,1
WATCH-008014,2025-06-14T03:23:00,Spain,Comedy,Laptop,Premium,120,22.6,18.8,3
WATCH-008015,2025-08-26T01:27:00,Italy,Science fiction,Laptop,Premium,60,29.0,48.3,3
WATCH-008016,2025-10-24T08:33:00,Spain,Drama,Laptop,Standard,90,57.9,64.3,3
WATCH-008017,2025-10-19T11:26:00,Spain,Animation,Phone,Premium,22,6.4,29.1,3
WATCH-008018,2025-05-09T03:14:00,Sweden,Comedy,Tablet,Standard,90,58.7,65.2,2
WATCH-008019,2025-11-21T05:57:00,Spain,Comedy,Phone,Standard,60,29.0,48.3,4
WATCH-008020,2025-08-09T18:39:00,Germany,Documentary,Laptop,Premium,120,52.2,43.5,4
WATCH-008021,2025-02-10T01:32:00,Spain,Comedy,TV,Standard,90,34.1,37.9,3
WATCH-008022,2025-12-11T14:00:00,Italy,Thriller,Phone,Premium,45,22.9,50.9,1
WATCH-008023,2025-04-30T02:25:00,Netherlands,Documentary,Tablet,Premium,60,8.4,14.0,1
WATCH-008024,2025-10-13T07:32:00,France,Animation,Tablet,Basic,120,25.5,21.2,5
WATCH-008025,2025-10-13T03:49:00,Germany,Drama,TV,Standard,30,9.3,31.0,2
WATCH-008026,2025-06-04T19:41:00,Netherlands,Drama,Tablet,Standard,60,10.3,17.2,3
WATCH-008027,2025-09-29T20:07:00,Italy,Comedy,Laptop,Basic,45,11.2,24.9,1
WATCH-008028,2025-01-17T07:05:00,Sweden,Thriller,Tablet,Premium,45,33.4,74.2,2
WATCH-008029,2025-02-16T23:50:00,France,Thriller,Laptop,Basic,60,33.8,56.3,4
WATCH-008030,2025-08-20T08:23:00,Spain,Drama,Tablet,Standard,30,7.8,,3
WATCH-008031,2025-06-18T10:09:00,Italy,Drama,TV,Premium,22,6.1,27.7,4
WATCH-008032,2025-05-10T09:19:00,Netherlands,Documentary,TV,Premium,22,21.9,99.5,3
WATCH-008033,2025-07-27T08:56:00,Germany,Documentary,Tablet,Standard,22,22.0,100.0,3
WATCH-008034,2025-05-14T03:57:00,Sweden,Drama,TV,Standard,90,83.8,93.1,4
WATCH-008035,2025-08-17T13:05:00,Italy,Animation,Tablet,Basic,60,57.2,95.3,5
WATCH-008036,2025-12-11T13:04:00,Spain,Science fiction,Tablet,Standard,60,41.5,69.2,1
WATCH-008037,2025-11-10T00:56:00,Netherlands,Comedy,Laptop,Standard,30,20.9,69.7,1
WATCH-008038,2025-07-11T03:56:00,Italy,Science fiction,TV,Premium,60,56.8,94.7,3
WATCH-008039,2025-05-26T09:39:00,Netherlands,Documentary,TV,Basic,45,2.9,6.4,5
WATCH-008040,2025-06-09T00:44:00,Germany,Drama,TV,Standard,90,30.1,33.4,5
WATCH-008041,2025-02-14T18:47:00,Italy,Animation,Laptop,Premium,120,19.9,16.6,4
WATCH-008042,2025-07-01T07:38:00,Italy,Comedy,Laptop,Basic,120,81.3,67.8,5
WATCH-008043,2025-03-27T00:36:00,Sweden,Documentary,TV,Basic,45,6.5,14.4,1
WATCH-008044,2025-06-23T17:34:00,France,Thriller,Tablet,Premium,30,29.6,98.7,2
WATCH-008045,2025-09-14T10:47:00,Netherlands,Thriller,Phone,Basic,90,78.6,87.3,4
WATCH-008046,2025-07-10T07:19:00,Spain,Drama,Laptop,Basic,90,23.3,25.9,5
WATCH-008047,2025-06-18T09:04:00,Italy,Science fiction,Laptop,Standard,120,59.0,49.2,4
WATCH-008048,2025-08-06T19:41:00,Germany,Thriller,Laptop,Standard,120,17.2,14.3,1
WATCH-008049,2025-09-27T15:19:00,Spain,Thriller,Tablet,Standard,60,10.6,17.7,2
WATCH-008050,2025-09-04T16:17:00,Netherlands,Documentary,Laptop,Basic,90,77.2,85.8,5
WATCH-008051,2025-08-12T11:50:00,Sweden,Drama,Tablet,Standard,30,8.4,28.0,2
WATCH-008052,2025-04-20T19:54:00,Germany,Animation,,Premium,22,18.0,81.8,5
WATCH-008053,2025-07-01T16:00:00,Spain,Animation,Tablet,Standard,30,5.2,17.3,5
WATCH-008054,2025-09-10T01:25:00,Germany,Comedy,Tablet,Basic,90,72.7,80.8,5
WATCH-008055,2025-11-01T22:29:00,Netherlands,Science fiction,Phone,Basic,22,7.0,31.8,2
WATCH-008056,2025-07-01T13:26:00,Sweden,Comedy,TV,Premium,120,53.2,44.3,1
WATCH-008057,2025-04-23T20:43:00,Netherlands,Comedy,Tablet,Basic,30,12.5,41.7,5
WATCH-008058,2025-11-27T13:53:00,Italy,Documentary,Tablet,Premium,22,12.7,57.7,4
WATCH-008059,2025-10-04T18:33:00,Netherlands,Comedy,Phone,Basic,45,8.4,18.7,1
WATCH-008060,2025-07-22T20:44:00,Italy,Animation,Laptop,Basic,22,4.2,19.1,5
WATCH-008061,2025-06-16T09:14:00,Italy,Thriller,TV,Premium,45,19.9,44.2,1
WATCH-008062,2025-08-22T03:18:00,Spain,Thriller,Phone,Premium,30,28.9,96.3,5
WATCH-008063,2025-11-05T18:09:00,Sweden,Thriller,Tablet,Standard,45,5.2,11.6,5
WATCH-008064,2025-11-29T02:51:00,Italy,Documentary,Phone,Premium,22,9.0,40.9,2
WATCH-008065,2025-05-17T03:32:00,Sweden,Drama,Phone,Premium,22,15.9,72.3,3
WATCH-008066,2025-06-29T21:23:00,Netherlands,Drama,Laptop,Basic,45,41.5,92.2,4
WATCH-008067,2025-06-09T16:23:00,Netherlands,Science fiction,TV,Premium,120,42.8,,4
WATCH-008068,2025-04-19T13:53:00,Netherlands,Documentary,TV,Premium,90,87.7,97.4,2
WATCH-008069,2025-07-01T14:11:00,Germany,Animation,Tablet,Standard,90,48.9,54.3,5
WATCH-008070,2025-02-17T20:48:00,Germany,Science fiction,TV,Standard,120,54.8,45.7,1
WATCH-008071,2025-02-07T23:05:00,France,Science fiction,Phone,Basic,30,10.7,35.7,2
WATCH-008072,2025-08-08T06:58:00,Netherlands,Comedy,Phone,Basic,45,14.1,31.3,5
WATCH-008073,2025-12-20T20:14:00,Italy,Documentary,Phone,Basic,30,23.3,77.7,2
WATCH-008074,2025-07-06T23:28:00,Netherlands,Science fiction,Tablet,Premium,120,112.0,93.3,3
WATCH-008075,2025-09-10T07:16:00,Italy,Thriller,TV,Premium,30,7.4,24.7,3
WATCH-008076,2025-12-21T03:18:00,Netherlands,Documentary,Phone,Basic,90,78.6,87.3,2
WATCH-008077,2025-02-28T12:25:00,France,Drama,Laptop,Basic,90,39.3,43.7,4
WATCH-008078,2025-03-24T03:44:00,France,Animation,Laptop,Basic,120,55.1,45.9,5
WATCH-008079,2025-09-01T09:23:00,Netherlands,Animation,Laptop,Basic,22,6.1,27.7,1
WATCH-008080,2025-02-08T07:11:00,France,Science fiction,Tablet,Standard,30,8.5,28.3,5
WATCH-008081,2025-05-14T21:13:00,Spain,Drama,Phone,Premium,22,8.2,37.3,5
WATCH-008082,2025-01-27T03:33:00,France,Documentary,Laptop,Standard,120,103.1,85.9,1
WATCH-008083,2025-06-23T07:51:00,Italy,Thriller,Phone,Premium,22,20.3,92.3,3
WATCH-008084,2025-07-24T13:06:00,France,Drama,Tablet,Basic,45,9.8,21.8,1
WATCH-008085,2025-04-26T23:40:00,Sweden,Drama,Tablet,Premium,60,57.9,96.5,1
WATCH-008086,2025-02-14T15:56:00,France,Animation,Phone,Premium,22,6.2,28.2,1
WATCH-008087,2025-01-04T18:09:00,Italy,Thriller,TV,Basic,22,4.2,19.1,2
WATCH-008088,2025-03-19T21:15:00,Spain,Thriller,TV,Premium,60,14.6,24.3,2
WATCH-008089,2025-12-17T19:18:00,France,Science fiction,Phone,Premium,30,10.6,35.3,1
WATCH-008090,2025-02-26T21:03:00,France,Comedy,TV,Premium,120,102.8,85.7,3
WATCH-008091,2025-07-09T05:29:00,Spain,Thriller,TV,Standard,90,17.9,19.9,5
WATCH-008092,2025-12-22T18:48:00,Spain,Comedy,Phone,Standard,45,33.7,74.9,2
WATCH-008093,2025-03-27T20:13:00,Spain,Comedy,TV,Standard,45,4.6,10.2,3
WATCH-008094,2025-12-25T16:58:00,France,Science fiction,Phone,Premium,60,38.2,63.7,1
WATCH-008095,2025-12-22T13:20:00,Spain,Science fiction,Laptop,Basic,22,3.1,14.1,2
WATCH-008096,2025-04-23T21:47:00,Germany,Thriller,TV,Basic,90,19.6,21.8,5
WATCH-008097,2025-03-12T01:10:00,Sweden,Animation,TV,Premium,22,3.5,15.9,4
WATCH-008098,2025-09-11T04:23:00,Netherlands,Science fiction,Tablet,Standard,22,16.4,74.5,2
WATCH-008099,2025-09-13T12:45:00,Italy,Thriller,Laptop,Standard,60,25.4,42.3,3
WATCH-008100,2025-07-24T14:30:00,Italy,Animation,Tablet,Basic,22,3.4,15.5,5
WATCH-008101,2025-05-06T04:04:00,France,Thriller,TV,Premium,45,9.9,22.0,3
WATCH-008102,2025-12-23T14:28:00,France,Science fiction,TV,Basic,30,20.6,68.7,2
WATCH-008103,2025-01-27T09:14:00,Germany,Thriller,TV,Basic,120,42.9,35.8,1
WATCH-008104,2025-02-14T22:51:00,Germany,Thriller,Tablet,Basic,30,8.6,,5
WATCH-008105,2025-04-10T12:24:00,Sweden,Drama,Tablet,Basic,90,48.0,53.3,2
WATCH-008106,2025-09-06T22:27:00,Spain,Science fiction,TV,Premium,120,57.6,48.0,5
WATCH-008107,2025-12-07T22:18:00,Germany,Drama,Tablet,Premium,30,25.1,83.7,5
WATCH-008108,2025-09-09T01:53:00,Italy,Documentary,Laptop,Standard,30,12.4,41.3,5
WATCH-008109,2025-12-02T04:03:00,Spain,Documentary,Laptop,Standard,22,5.8,26.4,1
WATCH-008110,2025-04-18T23:19:00,Germany,Science fiction,TV,Basic,60,46.0,76.7,2
WATCH-008111,2025-10-18T14:32:00,Spain,Science fiction,Tablet,Premium,45,28.4,63.1,3
WATCH-008112,2025-07-05T21:32:00,Sweden,Documentary,Phone,Basic,90,88.2,98.0,3
WATCH-008113,2025-10-03T17:17:00,France,Science fiction,TV,Standard,22,6.5,29.5,4
WATCH-008114,2025-01-06T06:06:00,Spain,Comedy,Laptop,Premium,120,119.2,99.3,3
WATCH-008115,2025-01-21T22:26:00,France,Thriller,Laptop,Premium,45,8.2,18.2,1
WATCH-008116,2025-03-07T17:10:00,France,Drama,Phone,Premium,60,33.0,55.0,5
WATCH-008117,2025-02-23T20:02:00,Italy,Animation,Phone,Standard,22,6.5,29.5,5
WATCH-008118,2025-05-24T06:15:00,Spain,Science fiction,TV,Premium,120,72.1,60.1,5
WATCH-008119,2025-08-22T15:00:00,Spain,Science fiction,Tablet,Standard,30,5.7,19.0,5
WATCH-008120,2025-04-10T23:54:00,Italy,Animation,Phone,Basic,30,25.4,84.7,3
WATCH-008121,2025-02-07T07:06:00,France,Drama,Phone,Premium,45,44.3,98.4,2
WATCH-008122,2025-02-16T06:31:00,Italy,Animation,Tablet,Basic,120,107.3,89.4,2
WATCH-008123,2025-10-13T23:19:00,Sweden,Animation,Tablet,Standard,30,12.7,42.3,2
WATCH-008124,2025-08-03T08:25:00,Germany,Drama,Laptop,Premium,120,80.0,66.7,5
WATCH-008125,2025-10-28T19:13:00,France,Science fiction,TV,Premium,45,42.7,94.9,2
WATCH-008126,2025-02-26T21:51:00,Spain,Animation,Tablet,Basic,120,86.6,72.2,5
WATCH-008127,2025-10-08T08:44:00,Netherlands,Animation,Laptop,Basic,30,21.2,70.7,3
WATCH-008128,2025-04-18T16:29:00,Sweden,Science fiction,Phone,Basic,22,15.0,68.2,4
WATCH-008129,2025-07-11T15:16:00,Germany,Science fiction,TV,Standard,120,114.1,95.1,2
WATCH-008130,2025-04-24T22:05:00,Germany,Thriller,TV,Premium,22,6.5,29.5,5
WATCH-008131,2025-12-28T15:08:00,Germany,Comedy,Tablet,Premium,90,6.4,7.1,2
WATCH-008132,2025-06-09T19:20:00,Germany,Comedy,Phone,Standard,90,16.4,18.2,5
WATCH-008133,2025-04-09T10:05:00,Italy,Animation,Tablet,Basic,30,26.3,87.7,3
WATCH-008134,2025-09-16T16:48:00,France,Animation,TV,Standard,30,3.8,12.7,1
WATCH-008135,2025-10-24T13:56:00,Spain,Science fiction,,Basic,120,53.5,44.6,2
WATCH-008136,2025-04-25T06:36:00,Italy,Thriller,TV,Premium,45,27.8,61.8,5
WATCH-008137,2025-09-10T01:16:00,Italy,Documentary,TV,Standard,120,83.5,69.6,3
WATCH-008138,2025-12-21T04:32:00,Sweden,Animation,Laptop,Standard,22,9.8,44.5,5
WATCH-008139,2025-03-02T22:21:00,Sweden,Drama,Tablet,Premium,120,6.2,5.2,3
WATCH-008140,2025-12-02T09:23:00,Italy,Drama,Tablet,Premium,22,15.7,71.4,4
WATCH-008141,2025-11-08T07:08:00,Italy,Documentary,Phone,Basic,90,16.8,,4
WATCH-008142,2025-01-28T09:52:00,Italy,Thriller,TV,Basic,45,17.8,39.6,5
WATCH-008143,2025-06-17T10:02:00,Netherlands,Thriller,TV,Basic,30,3.7,12.3,2
WATCH-008144,2025-09-18T22:37:00,Germany,Drama,Laptop,Premium,90,9.5,10.6,1
WATCH-008145,2025-03-21T07:59:00,Sweden,Documentary,Tablet,Premium,90,76.7,85.2,3
WATCH-008146,2025-07-24T19:53:00,Italy,Thriller,Tablet,Premium,30,28.3,94.3,1
WATCH-008147,2025-05-28T06:58:00,Germany,Documentary,TV,Premium,60,42.9,71.5,1
WATCH-008148,2025-12-30T14:09:00,Spain,Animation,TV,Premium,30,7.6,25.3,5
WATCH-008149,2025-09-03T09:35:00,Italy,Thriller,Tablet,Standard,45,21.2,47.1,1
WATCH-008150,2025-03-13T18:24:00,Germany,Comedy,Laptop,Basic,90,18.3,20.3,4
WATCH-008151,2025-06-18T05:55:00,Germany,Science fiction,Phone,Standard,60,14.4,24.0,5
WATCH-008152,2025-04-03T12:28:00,Netherlands,Science fiction,Phone,Premium,120,109.2,91.0,4
WATCH-008153,2025-08-10T17:56:00,France,Science fiction,Tablet,Premium,22,15.7,71.4,1
WATCH-008154,2025-10-29T18:07:00,Germany,Science fiction,Tablet,Standard,30,28.2,94.0,2
WATCH-008155,2025-06-04T18:46:00,Italy,Drama,Tablet,Premium,30,11.9,39.7,5
WATCH-008156,2025-01-31T16:25:00,Netherlands,Comedy,Laptop,Premium,22,15.3,69.5,2
WATCH-008157,2025-10-17T21:00:00,Netherlands,Thriller,Laptop,Premium,90,13.5,15.0,1
WATCH-008158,2025-03-01T17:54:00,Italy,Comedy,TV,Basic,45,30.4,67.6,1
WATCH-008159,2025-06-10T04:49:00,Italy,Comedy,TV,Premium,45,18.9,42.0,3
WATCH-008160,2025-01-08T18:25:00,France,Documentary,Laptop,Basic,90,36.9,41.0,4
WATCH-008161,2025-08-31T02:49:00,France,Drama,Laptop,Premium,120,30.9,25.8,4
WATCH-008162,2025-01-28T13:51:00,Netherlands,Documentary,Tablet,Premium,90,70.9,78.8,3
WATCH-008163,2025-11-26T08:26:00,Sweden,Drama,TV,Standard,90,54.5,60.6,2
WATCH-008164,2025-01-04T14:40:00,Germany,Drama,Tablet,Basic,45,22.1,49.1,5
WATCH-008165,2025-04-10T08:45:00,Netherlands,Documentary,TV,Premium,90,19.8,22.0,1
WATCH-008166,2025-12-26T06:40:00,Sweden,Thriller,Tablet,Standard,60,35.0,58.3,5
WATCH-008167,2025-10-06T13:27:00,Netherlands,Drama,Tablet,Basic,45,5.4,12.0,2
WATCH-008168,2025-11-02T20:27:00,France,Documentary,TV,Basic,30,12.4,41.3,2
WATCH-008169,2025-09-08T22:16:00,Italy,Comedy,TV,Premium,60,44.3,73.8,4
WATCH-008170,2025-07-09T10:26:00,Italy,Science fiction,Phone,Premium,22,8.1,36.8,5
WATCH-008171,2025-07-30T21:40:00,Germany,Drama,Phone,Standard,90,64.3,71.4,1
WATCH-008172,2025-09-25T10:13:00,France,Animation,TV,Standard,22,11.4,51.8,1
WATCH-008173,2025-07-09T19:27:00,Netherlands,Documentary,Phone,Premium,60,19.8,33.0,2
WATCH-008174,2025-07-22T02:34:00,Sweden,Drama,Phone,Premium,45,37.1,82.4,5
WATCH-008175,2025-05-26T02:03:00,Italy,Documentary,Tablet,Standard,22,13.9,63.2,3
WATCH-008176,2025-04-10T20:51:00,Netherlands,Documentary,Laptop,Standard,30,18.5,61.7,2
WATCH-008177,2025-03-16T01:04:00,Italy,Drama,TV,Premium,90,70.6,78.4,1
WATCH-008178,2025-08-23T16:45:00,Germany,Animation,Phone,Premium,45,5.4,,1
WATCH-008179,2025-11-20T09:24:00,Netherlands,Drama,Laptop,Basic,120,58.3,48.6,5
WATCH-008180,2025-08-16T14:45:00,Germany,Drama,Tablet,Basic,45,27.1,60.2,3
WATCH-008181,2025-08-08T08:16:00,Netherlands,Thriller,TV,Standard,45,32.1,71.3,4
WATCH-008182,2025-04-05T14:17:00,Italy,Drama,TV,Standard,22,1.8,8.2,1
WATCH-008183,2025-07-21T09:08:00,Netherlands,Drama,TV,Premium,120,86.7,72.2,4
WATCH-008184,2025-12-11T21:22:00,Sweden,Science fiction,TV,Standard,22,6.4,29.1,4
WATCH-008185,2025-11-01T16:17:00,Germany,Thriller,Phone,Standard,90,86.7,96.3,5
WATCH-008186,2025-09-22T22:41:00,Germany,Comedy,Tablet,Standard,45,11.9,26.4,3
WATCH-008187,2025-05-02T09:34:00,Spain,Animation,Laptop,Standard,60,51.7,86.2,2
WATCH-008188,2025-07-25T01:25:00,Netherlands,Science fiction,Tablet,Basic,30,2.4,8.0,5
WATCH-008189,2025-02-10T00:29:00,Netherlands,Drama,TV,Premium,90,8.1,9.0,5
WATCH-008190,2025-04-27T14:30:00,Germany,Thriller,TV,Premium,90,66.6,74.0,3
WATCH-008191,2025-12-04T14:28:00,Spain,Drama,Tablet,Basic,90,86.4,96.0,1
WATCH-008192,2025-10-17T08:54:00,Spain,Thriller,Laptop,Premium,30,16.5,55.0,5
WATCH-008193,2025-04-12T21:14:00,Netherlands,Comedy,Laptop,Basic,90,86.8,96.4,3
WATCH-008194,2025-01-19T21:10:00,Italy,Thriller,TV,Premium,45,13.9,30.9,5
WATCH-008195,2025-12-20T14:25:00,Germany,Thriller,Tablet,Premium,22,13.4,60.9,3
WATCH-008196,2025-12-24T19:34:00,Germany,Drama,Phone,Standard,22,8.0,36.4,3
WATCH-008197,2025-10-13T16:37:00,France,Documentary,Laptop,Standard,90,7.1,7.9,2
WATCH-008198,2025-04-12T06:10:00,France,Documentary,TV,Standard,22,18.9,85.9,1
WATCH-008199,2025-06-08T15:21:00,Germany,Science fiction,TV,Standard,45,40.0,88.9,4
WATCH-008200,2025-06-07T17:52:00,Sweden,Thriller,Laptop,Premium,45,6.7,14.9,4
WATCH-008201,2025-11-05T11:46:00,Germany,Thriller,Phone,Basic,90,24.8,27.6,3
WATCH-008202,2025-05-12T01:43:00,Spain,Documentary,Phone,Standard,30,12.0,40.0,5
WATCH-008203,2025-04-21T21:55:00,France,Documentary,TV,Basic,120,112.4,93.7,5
WATCH-008204,2025-10-29T16:30:00,Spain,Comedy,Laptop,Basic,90,61.2,68.0,3
WATCH-008205,2025-12-21T15:14:00,Netherlands,Drama,Phone,Basic,120,50.8,42.3,5
WATCH-008206,2025-10-10T16:05:00,France,Drama,Phone,Basic,90,75.9,84.3,4
WATCH-008207,2025-04-27T14:55:00,Sweden,Comedy,Tablet,Standard,30,24.3,81.0,1
WATCH-008208,2025-10-30T18:13:00,Spain,Animation,Laptop,Standard,90,54.4,60.4,4
WATCH-008209,2025-10-08T06:16:00,Sweden,Comedy,Laptop,Standard,30,19.2,64.0,4
WATCH-008210,2025-12-08T02:30:00,Sweden,Science fiction,Phone,Premium,60,54.0,90.0,2
WATCH-008211,2025-01-30T05:15:00,France,Documentary,TV,Premium,45,30.2,67.1,1
WATCH-008212,2025-03-11T23:28:00,Spain,Comedy,Laptop,Standard,60,58.0,96.7,4
WATCH-008213,2025-02-08T01:16:00,Sweden,Animation,Tablet,Standard,22,3.7,16.8,1
WATCH-008214,2025-11-02T19:51:00,Italy,Comedy,TV,Premium,22,15.8,71.8,3
WATCH-008215,2025-04-20T09:07:00,Netherlands,Documentary,Laptop,Standard,60,5.5,,5
WATCH-008216,2025-12-28T17:55:00,Italy,Animation,Phone,Standard,22,4.5,20.5,5
WATCH-008217,2025-04-03T15:29:00,France,Thriller,Tablet,Basic,22,12.9,58.6,2
WATCH-008218,2025-03-02T08:19:00,Sweden,Thriller,,Basic,90,49.0,54.4,1
WATCH-008219,2025-01-06T03:00:00,Netherlands,Thriller,Phone,Basic,30,2.4,8.0,1
WATCH-008220,2025-01-21T21:55:00,Sweden,Thriller,Laptop,Premium,120,28.6,23.8,2
WATCH-008221,2025-02-01T07:48:00,Netherlands,Drama,Tablet,Basic,120,54.0,45.0,2
WATCH-008222,2025-02-09T21:45:00,Germany,Documentary,TV,Standard,30,9.3,31.0,1
WATCH-008223,2025-08-23T10:34:00,France,Science fiction,Phone,Premium,120,84.4,70.3,3
WATCH-008224,2025-07-12T13:17:00,Germany,Science fiction,TV,Standard,120,16.9,14.1,2
WATCH-008225,2025-03-10T05:51:00,Italy,Documentary,Phone,Premium,90,41.0,45.6,4
WATCH-008226,2025-07-26T11:31:00,Italy,Animation,Laptop,Standard,30,4.9,16.3,4
WATCH-008227,2025-02-24T14:38:00,Spain,Drama,Phone,Standard,90,53.7,59.7,1
WATCH-008228,2025-03-20T22:26:00,Sweden,Animation,Laptop,Premium,120,19.1,15.9,4
WATCH-008229,2025-02-06T12:28:00,Italy,Drama,TV,Basic,90,39.9,44.3,4
WATCH-008230,2025-11-14T07:04:00,Germany,Animation,TV,Standard,60,40.2,67.0,4
WATCH-008231,2025-11-08T12:55:00,France,Comedy,Tablet,Basic,30,3.3,11.0,1
WATCH-008232,2025-02-01T11:59:00,Italy,Comedy,TV,Basic,22,6.3,28.6,2
WATCH-008233,2025-02-10T22:53:00,Sweden,Drama,Tablet,Basic,22,16.8,76.4,3
WATCH-008234,2025-04-23T22:48:00,Netherlands,Animation,TV,Standard,22,1.5,6.8,2
WATCH-008235,2025-04-01T05:46:00,Germany,Animation,Tablet,Standard,30,2.8,9.3,2
WATCH-008236,2025-08-03T00:24:00,Netherlands,Science fiction,TV,Premium,30,14.9,49.7,3
WATCH-008237,2025-09-10T11:26:00,France,Comedy,Tablet,Basic,22,9.1,41.4,1
WATCH-008238,2025-01-10T02:33:00,Sweden,Science fiction,Tablet,Standard,30,19.5,65.0,2
WATCH-008239,2025-12-10T04:17:00,France,Drama,TV,Premium,45,24.4,54.2,2
WATCH-008240,2025-03-11T07:59:00,Germany,Thriller,TV,Premium,22,16.1,73.2,5
WATCH-008241,2025-01-30T01:40:00,Italy,Animation,Tablet,Basic,45,9.9,22.0,1
WATCH-008242,2025-05-16T11:58:00,Spain,Drama,TV,Basic,120,49.1,40.9,2
WATCH-008243,2025-09-12T07:35:00,Germany,Comedy,Tablet,Basic,30,26.6,88.7,2
WATCH-008244,2025-03-13T05:19:00,Germany,Comedy,Phone,Basic,90,52.4,58.2,4
WATCH-008245,2025-02-22T10:24:00,Spain,Thriller,Tablet,Premium,60,39.9,66.5,5
WATCH-008246,2025-08-01T07:31:00,Netherlands,Drama,Laptop,Basic,45,5.2,11.6,5
WATCH-008247,2025-11-24T06:26:00,France,Thriller,TV,Basic,90,16.2,18.0,4
WATCH-008248,2025-03-09T16:01:00,Spain,Thriller,TV,Premium,30,5.3,17.7,2
WATCH-008249,2025-10-21T02:48:00,France,Documentary,TV,Basic,22,12.0,54.5,3
WATCH-008250,2025-12-22T20:17:00,Netherlands,Science fiction,Laptop,Basic,90,41.4,46.0,3
WATCH-008251,2025-12-04T12:25:00,Netherlands,Science fiction,Tablet,Premium,90,27.4,30.4,5
WATCH-008252,2025-01-13T14:11:00,Germany,Documentary,Phone,Basic,30,13.5,,5
WATCH-008253,2025-07-06T21:41:00,Sweden,Comedy,Phone,Basic,60,37.2,62.0,3
WATCH-008254,2025-06-14T16:30:00,Netherlands,Animation,Tablet,Premium,120,43.1,35.9,2
WATCH-008255,2025-11-08T22:56:00,Netherlands,Thriller,Tablet,Basic,120,8.2,6.8,4
WATCH-008256,2025-11-08T05:38:00,Italy,Animation,TV,Premium,45,42.9,95.3,4
WATCH-008257,2025-08-18T02:38:00,Spain,Animation,Phone,Standard,45,13.6,30.2,4
WATCH-008258,2025-12-02T16:39:00,France,Drama,Phone,Standard,90,40.3,44.8,5
WATCH-008259,2025-12-05T05:27:00,Spain,Comedy,Tablet,Standard,120,26.6,22.2,1
WATCH-008260,2025-10-15T09:39:00,Italy,Thriller,Tablet,Premium,120,98.1,81.8,2
WATCH-008261,2025-11-10T17:40:00,Germany,Drama,Tablet,Premium,45,18.7,41.6,4
WATCH-008262,2025-07-22T16:20:00,France,Documentary,Tablet,Basic,22,16.6,75.5,5
WATCH-008263,2025-04-02T00:28:00,France,Thriller,Phone,Standard,30,3.7,12.3,2
WATCH-008264,2025-03-03T10:29:00,Germany,Drama,TV,Standard,45,16.9,37.6,2
WATCH-008265,2025-10-01T00:40:00,Spain,Animation,Laptop,Standard,60,38.6,64.3,5
WATCH-008266,2025-09-28T17:12:00,Germany,Science fiction,Phone,Premium,30,19.7,65.7,1
WATCH-008267,2025-08-04T23:48:00,France,Animation,TV,Premium,90,10.4,11.6,4
WATCH-008268,2025-07-15T17:35:00,Sweden,Science fiction,Tablet,Premium,30,4.1,13.7,1
WATCH-008269,2025-05-30T13:15:00,Sweden,Documentary,Phone,Basic,30,16.1,53.7,5
WATCH-008270,2025-04-10T18:26:00,Germany,Documentary,Tablet,Premium,120,34.1,28.4,1
WATCH-008271,2025-03-25T13:27:00,Italy,Animation,Phone,Premium,90,36.2,40.2,3
WATCH-008272,2025-08-31T11:22:00,Netherlands,Documentary,Laptop,Standard,90,84.3,93.7,1
WATCH-008273,2025-04-06T04:59:00,France,Documentary,TV,Premium,45,35.4,78.7,4
WATCH-008274,2025-05-15T07:11:00,Sweden,Comedy,Laptop,Standard,60,26.2,43.7,2
WATCH-008275,2025-10-26T15:04:00,Italy,Science fiction,TV,Basic,45,34.2,76.0,2
WATCH-008276,2025-01-15T23:51:00,Italy,Comedy,Phone,Standard,90,25.2,28.0,5
WATCH-008277,2025-07-28T14:22:00,Germany,Thriller,Laptop,Premium,60,32.3,53.8,3
WATCH-008278,2025-03-21T16:43:00,France,Animation,Laptop,Premium,30,8.0,26.7,5
WATCH-008279,2025-04-07T01:45:00,Sweden,Documentary,Tablet,Basic,60,30.1,50.2,3
WATCH-008280,2025-10-01T09:25:00,France,Animation,Tablet,Premium,120,30.2,25.2,1
WATCH-008281,2025-03-14T07:15:00,France,Animation,Phone,Standard,120,46.7,38.9,5
WATCH-008282,2025-04-29T12:30:00,Sweden,Comedy,Tablet,Basic,45,9.7,21.6,2
WATCH-008283,2025-12-19T17:33:00,Spain,Documentary,Laptop,Standard,22,6.7,30.5,5
WATCH-008284,2025-12-26T11:05:00,Italy,Animation,Tablet,Premium,45,6.5,14.4,4
WATCH-008285,2025-05-27T03:01:00,France,Thriller,Phone,Standard,45,10.4,23.1,4
WATCH-008286,2025-02-18T18:49:00,Italy,Documentary,TV,Standard,30,22.7,75.7,1
WATCH-008287,2025-08-10T13:00:00,Spain,Documentary,TV,Premium,30,14.0,46.7,3
WATCH-008288,2025-12-22T08:46:00,Germany,Comedy,TV,Basic,22,12.4,56.4,1
WATCH-008289,2025-11-17T05:52:00,France,Documentary,Tablet,Basic,45,8.1,,2
WATCH-008290,2025-05-16T16:32:00,Italy,Documentary,Phone,Standard,30,22.2,74.0,5
WATCH-008291,2025-09-01T03:38:00,Spain,Thriller,TV,Premium,90,74.6,82.9,1
WATCH-008292,2025-04-14T20:54:00,Sweden,Drama,Phone,Standard,120,23.5,19.6,1
WATCH-008293,2025-03-01T05:39:00,Germany,Comedy,TV,Standard,45,42.6,94.7,4
WATCH-008294,2025-02-25T09:09:00,France,Animation,Laptop,Basic,120,59.0,49.2,1
WATCH-008295,2025-03-20T05:35:00,Sweden,Science fiction,Laptop,Standard,22,4.3,19.5,2
WATCH-008296,2025-07-17T06:51:00,France,Thriller,Laptop,Basic,45,14.5,32.2,4
WATCH-008297,2025-12-04T03:02:00,Italy,Thriller,Phone,Premium,45,24.8,55.1,5
WATCH-008298,2025-09-05T10:24:00,France,Comedy,Phone,Basic,22,16.3,74.1,4
WATCH-008299,2025-04-23T19:12:00,France,Documentary,Tablet,Premium,30,27.8,92.7,1
WATCH-008300,2025-11-21T23:22:00,Netherlands,Drama,Laptop,Standard,30,15.1,50.3,5
WATCH-008301,2025-02-20T10:40:00,Spain,Science fiction,,Premium,90,8.1,9.0,4
WATCH-008302,2025-03-25T00:27:00,France,Science fiction,Tablet,Basic,30,3.6,12.0,4
WATCH-008303,2025-11-25T07:30:00,Germany,Comedy,Laptop,Basic,30,21.2,70.7,4
WATCH-008304,2025-01-16T12:09:00,Spain,Drama,Laptop,Premium,60,14.6,24.3,5
WATCH-008305,2025-06-23T02:05:00,Netherlands,Animation,Laptop,Premium,22,20.5,93.2,2
WATCH-008306,2025-12-12T16:11:00,Netherlands,Thriller,TV,Basic,60,11.0,18.3,4
WATCH-008307,2025-08-28T22:00:00,Spain,Comedy,Phone,Standard,30,16.6,55.3,3
WATCH-008308,2025-09-07T19:18:00,Spain,Thriller,Phone,Premium,60,4.7,7.8,4
WATCH-008309,2025-03-20T17:52:00,Spain,Science fiction,Laptop,Standard,90,12.9,14.3,4
WATCH-008310,2025-05-30T02:29:00,France,Drama,Tablet,Standard,45,34.5,76.7,3
WATCH-008311,2025-02-25T23:24:00,Netherlands,Animation,TV,Basic,22,7.5,34.1,3
WATCH-008312,2025-07-19T13:03:00,France,Science fiction,Phone,Standard,60,22.2,37.0,1
WATCH-008313,2025-06-01T22:03:00,Germany,Documentary,TV,Basic,90,6.4,7.1,2
WATCH-008314,2025-08-20T18:18:00,Spain,Thriller,TV,Premium,30,24.1,80.3,5
WATCH-008315,2025-06-26T14:25:00,Spain,Animation,TV,Premium,30,23.6,78.7,2
WATCH-008316,2025-08-19T21:41:00,Italy,Thriller,TV,Premium,90,76.6,85.1,3
WATCH-008317,2025-06-25T14:12:00,Italy,Thriller,Laptop,Premium,45,13.2,29.3,2
WATCH-008318,2025-10-05T13:36:00,France,Comedy,Laptop,Basic,22,8.9,40.5,5
WATCH-008319,2025-01-30T08:42:00,Sweden,Drama,Laptop,Premium,22,12.8,58.2,4
WATCH-008320,2025-06-06T19:57:00,Netherlands,Documentary,Tablet,Basic,30,10.4,34.7,1
WATCH-008321,2025-03-08T13:05:00,France,Documentary,Laptop,Premium,120,8.5,7.1,4
WATCH-008322,2025-07-12T20:47:00,Netherlands,Science fiction,TV,Standard,120,94.6,78.8,2
WATCH-008323,2025-01-31T14:50:00,Italy,Thriller,Tablet,Basic,45,27.8,61.8,3
WATCH-008324,2025-12-03T01:07:00,Spain,Science fiction,TV,Basic,120,105.6,88.0,2
WATCH-008325,2025-06-12T16:45:00,Italy,Comedy,TV,Basic,60,58.8,98.0,2
WATCH-008326,2025-03-01T15:50:00,Netherlands,Animation,Laptop,Premium,22,6.1,,4
WATCH-008327,2025-04-22T09:29:00,Spain,Animation,Phone,Basic,60,23.7,39.5,1
WATCH-008328,2025-03-28T21:19:00,Spain,Thriller,Laptop,Premium,90,17.8,19.8,2
WATCH-008329,2025-04-26T09:14:00,Germany,Animation,Phone,Standard,120,48.6,40.5,1
WATCH-008330,2025-07-07T16:49:00,Spain,Animation,Tablet,Standard,30,6.0,20.0,3
WATCH-008331,2025-07-06T19:33:00,France,Comedy,Phone,Premium,120,102.6,85.5,3
WATCH-008332,2025-01-19T09:45:00,France,Drama,Tablet,Standard,30,25.0,83.3,1
WATCH-008333,2025-01-05T04:51:00,Netherlands,Science fiction,Laptop,Standard,120,92.6,77.2,3
WATCH-008334,2025-01-31T11:30:00,Sweden,Science fiction,TV,Standard,22,13.7,62.3,4
WATCH-008335,2025-06-13T13:33:00,Germany,Drama,Laptop,Standard,90,30.1,33.4,1
WATCH-008336,2025-08-11T22:24:00,France,Animation,TV,Standard,120,65.0,54.2,4
WATCH-008337,2025-08-16T05:46:00,France,Drama,Laptop,Standard,22,12.0,54.5,5
WATCH-008338,2025-05-25T13:35:00,Netherlands,Documentary,Tablet,Premium,45,14.0,31.1,1
WATCH-008339,2025-12-01T09:50:00,Spain,Comedy,Laptop,Premium,60,35.3,58.8,4
WATCH-008340,2025-01-23T08:05:00,France,Animation,TV,Premium,120,117.0,97.5,5
WATCH-008341,2025-11-24T00:29:00,France,Documentary,TV,Premium,120,60.5,50.4,5
WATCH-008342,2025-02-12T16:40:00,Netherlands,Comedy,Tablet,Premium,120,49.7,41.4,4
WATCH-008343,2025-04-11T13:04:00,Italy,Comedy,Phone,Premium,22,20.7,94.1,5
WATCH-008344,2025-03-27T05:31:00,Sweden,Thriller,Phone,Basic,90,28.2,31.3,3
WATCH-008345,2025-10-07T16:09:00,Netherlands,Documentary,TV,Basic,30,5.9,19.7,4
WATCH-008346,2025-11-29T18:54:00,France,Thriller,Tablet,Premium,120,104.3,86.9,2
WATCH-008347,2025-08-07T07:50:00,France,Comedy,TV,Premium,60,7.1,11.8,4
WATCH-008348,2025-10-09T10:01:00,Netherlands,Thriller,Phone,Basic,45,43.3,96.2,1
WATCH-008349,2025-01-18T07:27:00,Spain,Animation,TV,Standard,120,38.3,31.9,4
WATCH-008350,2025-11-08T03:27:00,Italy,Animation,TV,Premium,30,13.1,43.7,1
WATCH-008351,2025-03-24T09:13:00,Netherlands,Drama,Tablet,Basic,45,10.9,24.2,4
WATCH-008352,2025-09-26T23:43:00,Netherlands,Comedy,Laptop,Basic,90,30.6,34.0,2
WATCH-008353,2025-12-24T07:57:00,Germany,Drama,Phone,Standard,22,18.3,83.2,3
WATCH-008354,2025-05-14T12:55:00,Germany,Thriller,Tablet,Standard,90,4.9,5.4,1
WATCH-008355,2025-12-30T01:09:00,Sweden,Thriller,Laptop,Basic,60,39.4,65.7,1
WATCH-008356,2025-06-18T16:33:00,Sweden,Thriller,Phone,Basic,22,5.7,25.9,5
WATCH-008357,2025-04-16T05:02:00,Netherlands,Drama,TV,Standard,90,76.5,85.0,3
WATCH-008358,2025-04-21T03:59:00,Sweden,Animation,Tablet,Basic,90,89.0,98.9,5
WATCH-008359,2025-06-15T00:24:00,Germany,Animation,Laptop,Premium,120,114.2,95.2,1
WATCH-008360,2025-08-30T13:31:00,France,Comedy,Tablet,Premium,45,24.4,54.2,5
WATCH-008361,2025-12-09T06:07:00,Netherlands,Comedy,Tablet,Standard,120,87.5,72.9,3
WATCH-008362,2025-07-18T15:14:00,France,Comedy,Tablet,Basic,60,17.1,28.5,5
WATCH-008363,2025-11-06T01:30:00,Sweden,Comedy,TV,Premium,60,42.6,,1
WATCH-008364,2025-05-01T06:48:00,Spain,Comedy,Phone,Premium,30,25.6,85.3,4
WATCH-008365,2025-11-26T18:41:00,Netherlands,Documentary,Phone,Premium,90,54.3,60.3,2
WATCH-008366,2025-02-11T15:03:00,Spain,Documentary,Laptop,Basic,22,8.1,36.8,5
WATCH-008367,2025-04-22T02:21:00,Spain,Animation,TV,Basic,120,119.9,99.9,2
WATCH-008368,2025-01-03T06:49:00,Sweden,Thriller,TV,Premium,120,119.2,99.3,4
WATCH-008369,2025-09-13T03:34:00,Netherlands,Documentary,TV,Premium,90,26.3,29.2,2
WATCH-008370,2025-10-30T15:33:00,France,Science fiction,Tablet,Basic,45,3.4,7.6,2
WATCH-008371,2025-02-24T18:41:00,Italy,Animation,TV,Premium,22,9.4,42.7,1
WATCH-008372,2025-12-02T20:45:00,Sweden,Thriller,Tablet,Standard,60,45.4,75.7,4
WATCH-008373,2025-01-03T00:02:00,Italy,Documentary,Phone,Premium,60,4.8,8.0,3
WATCH-008374,2025-11-22T19:54:00,France,Comedy,Laptop,Basic,22,18.4,83.6,4
WATCH-008375,2025-02-12T00:35:00,Germany,Comedy,Tablet,Standard,22,14.6,66.4,2
WATCH-008376,2025-07-15T03:06:00,Spain,Animation,TV,Standard,45,20.7,46.0,1
WATCH-008377,2025-04-21T01:05:00,Netherlands,Animation,TV,Basic,30,20.1,67.0,2
WATCH-008378,2025-08-28T16:49:00,Italy,Comedy,Laptop,Standard,22,21.7,98.6,2
WATCH-008379,2025-11-13T21:14:00,Italy,Animation,Phone,Premium,120,59.6,49.7,4
WATCH-008380,2025-08-16T20:10:00,Italy,Animation,TV,Basic,90,32.5,36.1,1
WATCH-008381,2025-06-28T21:02:00,Netherlands,Drama,Laptop,Standard,90,53.4,59.3,5
WATCH-008382,2025-11-20T08:55:00,Italy,Drama,Phone,Standard,22,19.3,87.7,4
WATCH-008383,2025-02-06T01:37:00,Spain,Thriller,Phone,Premium,90,65.6,72.9,4
WATCH-008384,2025-05-08T20:55:00,France,Comedy,,Standard,120,95.8,79.8,3
WATCH-008385,2025-07-03T03:28:00,Italy,Drama,TV,Basic,30,9.3,31.0,3
WATCH-008386,2025-06-30T04:27:00,Germany,Drama,Laptop,Standard,22,20.8,94.5,4
WATCH-008387,2025-08-24T00:43:00,Netherlands,Comedy,Phone,Standard,60,27.6,46.0,5
WATCH-008388,2025-02-18T11:51:00,Spain,Science fiction,Phone,Basic,60,58.3,97.2,1
WATCH-008389,2025-01-10T02:32:00,France,Science fiction,Laptop,Standard,60,20.9,34.8,3
WATCH-008390,2025-07-28T04:34:00,Netherlands,Thriller,Laptop,Standard,22,21.8,99.1,2
WATCH-008391,2025-08-21T14:33:00,Spain,Drama,Phone,Premium,120,116.2,96.8,2
WATCH-008392,2025-01-26T02:34:00,Sweden,Drama,Tablet,Basic,60,4.9,8.2,1
WATCH-008393,2025-10-28T09:51:00,Netherlands,Drama,Tablet,Standard,60,41.7,69.5,5
WATCH-008394,2025-09-30T17:14:00,Netherlands,Science fiction,Laptop,Standard,45,6.3,14.0,5
WATCH-008395,2025-01-21T20:54:00,France,Science fiction,Laptop,Standard,22,2.4,10.9,2
WATCH-008396,2025-01-21T02:45:00,Sweden,Animation,Laptop,Basic,90,35.6,39.6,5
WATCH-008397,2025-08-14T11:59:00,Germany,Documentary,TV,Standard,30,13.8,46.0,4
WATCH-008398,2025-02-13T13:33:00,Netherlands,Thriller,Tablet,Premium,60,34.9,58.2,2
WATCH-008399,2025-02-01T18:11:00,Germany,Science fiction,TV,Basic,45,30.6,68.0,5
WATCH-008400,2025-03-22T19:34:00,Sweden,Animation,Laptop,Standard,45,11.4,,2
WATCH-008401,2025-09-16T19:46:00,Italy,Animation,TV,Premium,22,5.5,25.0,1
WATCH-008402,2025-07-28T17:34:00,Netherlands,Science fiction,TV,Basic,60,4.5,7.5,2
WATCH-008403,2025-09-05T03:38:00,Sweden,Documentary,Phone,Standard,60,14.6,24.3,4
WATCH-008404,2025-02-09T23:38:00,France,Thriller,Laptop,Premium,45,32.7,72.7,3
WATCH-008405,2025-07-23T02:37:00,Sweden,Comedy,Laptop,Standard,22,19.5,88.6,2
WATCH-008406,2025-12-03T16:33:00,Sweden,Science fiction,Laptop,Standard,60,57.0,95.0,1
WATCH-008407,2025-11-24T01:26:00,Italy,Science fiction,Phone,Premium,60,57.1,95.2,1
WATCH-008408,2025-01-07T18:07:00,Netherlands,Science fiction,Tablet,Standard,90,39.4,43.8,5
WATCH-008409,2025-04-16T20:05:00,Spain,Animation,Tablet,Basic,30,21.1,70.3,3
WATCH-008410,2025-09-22T20:23:00,Spain,Science fiction,Tablet,Premium,30,21.8,72.7,4
WATCH-008411,2025-05-30T18:32:00,Italy,Drama,Phone,Basic,120,61.7,51.4,4
WATCH-008412,2025-09-17T23:02:00,Italy,Animation,Laptop,Standard,60,20.9,34.8,3
WATCH-008413,2025-11-06T10:47:00,Italy,Comedy,Tablet,Premium,120,109.8,91.5,3
WATCH-008414,2025-08-14T04:43:00,Spain,Animation,TV,Basic,45,25.2,56.0,3
WATCH-008415,2025-12-29T18:49:00,Germany,Documentary,TV,Standard,30,14.7,49.0,3
WATCH-008416,2025-05-30T18:53:00,France,Thriller,TV,Standard,60,58.8,98.0,2
WATCH-008417,2025-06-16T12:26:00,Sweden,Documentary,Tablet,Basic,45,41.3,91.8,1
WATCH-008418,2025-05-13T12:23:00,Italy,Science fiction,TV,Basic,90,47.3,52.6,4
WATCH-008419,2025-07-31T08:52:00,Netherlands,Comedy,Phone,Standard,120,57.5,47.9,4
WATCH-008420,2025-11-28T17:50:00,France,Science fiction,Tablet,Standard,30,15.1,50.3,1
WATCH-008421,2025-08-23T15:42:00,Netherlands,Documentary,Tablet,Standard,90,70.4,78.2,4
WATCH-008422,2025-04-06T11:29:00,Germany,Documentary,Tablet,Standard,90,61.7,68.6,3
WATCH-008423,2025-05-14T03:52:00,Netherlands,Drama,Laptop,Standard,45,6.0,13.3,2
WATCH-008424,2025-12-24T20:51:00,Sweden,Science fiction,Laptop,Basic,22,16.6,75.5,5
WATCH-008425,2025-03-13T11:08:00,Italy,Animation,TV,Basic,30,9.6,32.0,4
WATCH-008426,2025-03-09T21:23:00,Sweden,Documentary,Laptop,Standard,60,34.7,57.8,4
WATCH-008427,2025-03-30T07:38:00,France,Comedy,Tablet,Basic,120,75.2,62.7,5
WATCH-008428,2025-10-03T01:36:00,Spain,Comedy,Laptop,Standard,22,14.3,65.0,4
WATCH-008429,2025-02-14T19:30:00,Sweden,Drama,Phone,Standard,30,7.3,24.3,2
WATCH-008430,2025-11-10T17:13:00,Germany,Science fiction,Laptop,Standard,30,17.8,59.3,4
WATCH-008431,2025-11-28T08:59:00,Italy,Comedy,Tablet,Standard,30,1.7,5.7,2
WATCH-008432,2025-01-01T16:59:00,Italy,Comedy,TV,Premium,30,25.1,83.7,2
WATCH-008433,2025-08-04T05:56:00,France,Science fiction,Laptop,Standard,90,73.1,81.2,2
WATCH-008434,2025-10-07T06:11:00,Netherlands,Comedy,Laptop,Premium,60,49.8,83.0,4
WATCH-008435,2025-03-01T22:58:00,France,Drama,Phone,Standard,90,17.4,19.3,5
WATCH-008436,2025-07-22T18:50:00,France,Drama,Laptop,Standard,22,16.1,73.2,5
WATCH-008437,2025-06-24T23:57:00,Italy,Documentary,Tablet,Premium,90,28.8,,2
WATCH-008438,2025-10-09T05:46:00,Spain,Animation,Laptop,Standard,90,38.1,42.3,2
WATCH-008439,2025-05-03T14:37:00,Spain,Animation,TV,Basic,120,103.0,85.8,1
WATCH-008440,2025-11-05T02:10:00,France,Comedy,Laptop,Basic,90,30.6,34.0,1
WATCH-008441,2025-12-16T21:26:00,Sweden,Animation,Laptop,Basic,120,106.6,88.8,1
WATCH-008442,2025-05-18T18:44:00,Italy,Comedy,TV,Standard,120,41.8,34.8,3
WATCH-008443,2025-08-16T01:50:00,Spain,Animation,TV,Standard,90,38.0,42.2,1
WATCH-008444,2025-10-01T11:29:00,France,Comedy,Phone,Basic,60,29.2,48.7,1
WATCH-008445,2025-12-01T19:15:00,Germany,Thriller,TV,Standard,45,34.3,76.2,1
WATCH-008446,2025-07-15T13:12:00,Italy,Comedy,TV,Basic,90,71.1,79.0,1
WATCH-008447,2025-12-04T08:08:00,Sweden,Comedy,Tablet,Basic,90,40.5,45.0,5
WATCH-008448,2025-08-21T15:45:00,Netherlands,Documentary,Tablet,Standard,120,102.6,85.5,2
WATCH-008449,2025-01-22T09:13:00,Spain,Science fiction,Phone,Standard,60,19.5,32.5,3
WATCH-008450,2025-02-26T08:01:00,Netherlands,Comedy,Tablet,Premium,90,28.9,32.1,3
WATCH-008451,2025-10-17T23:27:00,Spain,Thriller,Laptop,Premium,120,30.7,25.6,5
WATCH-008452,2025-11-06T02:38:00,Netherlands,Thriller,Laptop,Standard,22,9.2,41.8,5
WATCH-008453,2025-07-22T07:00:00,Sweden,Drama,Laptop,Standard,60,39.5,65.8,5
WATCH-008454,2025-10-27T09:40:00,Netherlands,Documentary,TV,Basic,22,15.6,70.9,2
WATCH-008455,2025-03-16T05:30:00,Germany,Documentary,Phone,Standard,22,6.5,29.5,1
WATCH-008456,2025-10-24T00:41:00,Sweden,Documentary,Laptop,Basic,22,3.9,17.7,4
WATCH-008457,2025-07-23T18:42:00,France,Thriller,Tablet,Standard,22,9.5,43.2,3
WATCH-008458,2025-06-27T03:10:00,Netherlands,Thriller,Phone,Standard,60,35.8,59.7,3
WATCH-008459,2025-11-14T23:53:00,Netherlands,Comedy,TV,Standard,120,115.3,96.1,4
WATCH-008460,2025-03-30T10:37:00,France,Thriller,Laptop,Basic,45,18.0,40.0,4
WATCH-008461,2025-07-25T23:48:00,Spain,Thriller,TV,Basic,90,49.4,54.9,4
WATCH-008462,2025-03-04T14:56:00,Sweden,Drama,TV,Standard,45,25.1,55.8,4
WATCH-008463,2025-10-23T22:53:00,France,Comedy,Tablet,Premium,30,3.7,12.3,4
WATCH-008464,2025-05-20T22:59:00,Sweden,Comedy,Tablet,Standard,22,21.7,98.6,1
WATCH-008465,2025-01-01T14:34:00,Netherlands,Documentary,Laptop,Premium,120,52.0,43.3,3
WATCH-008466,2025-09-29T13:43:00,Sweden,Comedy,Tablet,Premium,22,18.1,82.3,3
WATCH-008467,2025-11-18T15:46:00,Germany,Comedy,,Premium,30,22.7,75.7,4
WATCH-008468,2025-03-08T23:04:00,Germany,Animation,TV,Standard,60,28.0,46.7,3
WATCH-008469,2025-01-18T10:56:00,Netherlands,Comedy,Laptop,Standard,90,78.2,86.9,4
WATCH-008470,2025-09-25T22:28:00,Germany,Animation,TV,Standard,45,28.6,63.6,1
WATCH-008471,2025-05-29T00:19:00,Germany,Documentary,Laptop,Premium,120,105.4,87.8,3
WATCH-008472,2025-01-22T05:14:00,Spain,Comedy,TV,Standard,90,27.3,30.3,5
WATCH-008473,2025-02-22T22:54:00,Spain,Comedy,Tablet,Basic,30,23.2,77.3,4
WATCH-008474,2025-10-19T07:21:00,Netherlands,Drama,Tablet,Standard,45,17.3,,1
WATCH-008475,2025-09-14T13:46:00,Sweden,Drama,Phone,Standard,60,51.1,85.2,3
WATCH-008476,2025-01-24T07:59:00,Netherlands,Drama,Phone,Standard,90,38.0,42.2,5
WATCH-008477,2025-01-01T12:13:00,Germany,Comedy,Laptop,Basic,120,57.9,48.2,1
WATCH-008478,2025-07-02T08:36:00,Germany,Documentary,Tablet,Standard,22,20.6,93.6,4
WATCH-008479,2025-03-08T06:26:00,Italy,Comedy,Tablet,Premium,60,32.5,54.2,4
WATCH-008480,2025-08-05T20:31:00,Spain,Science fiction,Laptop,Standard,60,5.0,8.3,4
WATCH-008481,2025-09-26T11:55:00,Netherlands,Drama,Tablet,Basic,22,21.0,95.5,1
WATCH-008482,2025-01-23T04:20:00,Sweden,Documentary,Phone,Premium,120,35.4,29.5,5
WATCH-008483,2025-12-21T02:41:00,Italy,Comedy,Phone,Standard,60,23.9,39.8,3
WATCH-008484,2025-10-30T13:57:00,Netherlands,Science fiction,Phone,Standard,45,37.6,83.6,2
WATCH-008485,2025-07-24T00:42:00,Netherlands,Drama,Tablet,Standard,22,11.3,51.4,5
WATCH-008486,2025-04-21T19:20:00,Sweden,Drama,Phone,Premium,30,25.1,83.7,1
WATCH-008487,2025-04-24T08:00:00,Netherlands,Comedy,Laptop,Premium,30,20.0,66.7,1
WATCH-008488,2025-06-09T14:21:00,France,Thriller,Laptop,Basic,60,24.6,41.0,1
WATCH-008489,2025-01-31T20:55:00,Netherlands,Animation,Phone,Basic,60,25.7,42.8,2
WATCH-008490,2025-09-20T01:18:00,Germany,Thriller,TV,Standard,60,10.5,17.5,3
WATCH-008491,2025-05-11T12:04:00,Spain,Comedy,Phone,Premium,45,37.2,82.7,2
WATCH-008492,2025-06-18T02:18:00,Netherlands,Documentary,Laptop,Premium,30,7.9,26.3,4
WATCH-008493,2025-06-26T09:33:00,Netherlands,Drama,Phone,Basic,22,13.3,60.5,3
WATCH-008494,2025-04-13T01:40:00,France,Thriller,Laptop,Premium,30,6.7,22.3,1
WATCH-008495,2025-01-06T02:34:00,Germany,Documentary,Laptop,Standard,45,7.7,17.1,3
WATCH-008496,2025-11-17T08:16:00,Italy,Drama,TV,Premium,22,17.5,79.5,3
WATCH-008497,2025-06-05T12:16:00,Netherlands,Drama,Laptop,Standard,30,19.3,64.3,3
WATCH-008498,2025-01-08T16:25:00,Spain,Animation,Phone,Standard,120,8.9,7.4,5
WATCH-008499,2025-04-30T21:53:00,Germany,Comedy,Phone,Standard,45,11.4,25.3,1
WATCH-008500,2025-05-15T21:46:00,Netherlands,Science fiction,Phone,Basic,30,12.1,40.3,5
WATCH-008501,2025-08-12T12:16:00,Netherlands,Drama,Phone,Basic,22,16.4,74.5,1
WATCH-008502,2025-09-02T23:00:00,France,Animation,Tablet,Basic,45,23.6,52.4,2
WATCH-008503,2025-08-03T20:56:00,Netherlands,Science fiction,Laptop,Basic,90,81.2,90.2,2
WATCH-008504,2025-10-08T13:37:00,France,Documentary,TV,Premium,90,69.6,77.3,4
WATCH-008505,2025-11-16T12:45:00,Spain,Thriller,Tablet,Standard,22,16.0,72.7,4
WATCH-008506,2025-07-25T12:03:00,Sweden,Thriller,TV,Standard,90,14.6,16.2,1
WATCH-008507,2025-07-03T19:17:00,Netherlands,Animation,TV,Basic,60,7.8,13.0,2
WATCH-008508,2025-11-03T06:31:00,France,Documentary,Phone,Basic,60,20.4,34.0,5
WATCH-008509,2025-11-05T20:55:00,Spain,Science fiction,TV,Standard,22,6.7,30.5,5
WATCH-008510,2025-03-20T01:28:00,Germany,Drama,Phone,Basic,120,60.9,50.7,1
WATCH-008511,2025-07-01T16:50:00,Netherlands,Science fiction,Laptop,Standard,30,19.0,,3
WATCH-008512,2025-05-18T01:30:00,Netherlands,Drama,TV,Basic,22,3.3,15.0,3
WATCH-008513,2025-05-24T17:44:00,Germany,Science fiction,Phone,Premium,60,33.3,55.5,5
WATCH-008514,2025-07-30T00:20:00,Sweden,Animation,Tablet,Basic,45,2.7,6.0,1
WATCH-008515,2025-11-02T01:17:00,Germany,Science fiction,TV,Premium,60,27.3,45.5,5
WATCH-008516,2025-10-25T08:03:00,Sweden,Documentary,Phone,Premium,60,32.9,54.8,3
WATCH-008517,2025-08-08T08:54:00,Germany,Animation,Phone,Premium,45,16.5,36.7,4
WATCH-008518,2025-02-25T02:11:00,France,Animation,Tablet,Basic,22,13.6,61.8,1
WATCH-008519,2025-08-07T23:47:00,Italy,Drama,Tablet,Basic,90,13.0,14.4,5
WATCH-008520,2025-10-18T11:13:00,Germany,Animation,TV,Basic,90,46.9,52.1,2
WATCH-008521,2025-07-17T12:02:00,Italy,Comedy,TV,Basic,120,116.1,96.7,4
WATCH-008522,2025-08-16T15:21:00,France,Comedy,Phone,Standard,22,3.8,17.3,2
WATCH-008523,2025-03-27T16:10:00,Netherlands,Documentary,Laptop,Basic,22,12.1,55.0,5
WATCH-008524,2025-04-20T17:15:00,Spain,Science fiction,Tablet,Standard,30,29.2,97.3,4
WATCH-008525,2025-12-16T10:00:00,Sweden,Comedy,TV,Standard,45,27.1,60.2,4
WATCH-008526,2025-11-11T22:32:00,France,Comedy,Tablet,Premium,30,23.3,77.7,4
WATCH-008527,2025-07-21T10:14:00,France,Animation,TV,Basic,30,19.2,64.0,1
WATCH-008528,2025-08-08T23:33:00,Spain,Documentary,Phone,Standard,60,34.1,56.8,1
WATCH-008529,2025-12-25T14:08:00,Sweden,Documentary,Tablet,Standard,60,48.0,80.0,3
WATCH-008530,2025-01-10T09:00:00,Germany,Science fiction,Tablet,Basic,60,58.1,96.8,5
WATCH-008531,2025-11-04T23:01:00,Germany,Comedy,Phone,Basic,22,2.3,10.5,5
WATCH-008532,2025-09-13T12:07:00,Spain,Thriller,Laptop,Premium,45,12.1,26.9,2
WATCH-008533,2025-01-23T17:48:00,Netherlands,Animation,Laptop,Standard,22,6.4,29.1,1
WATCH-008534,2025-09-06T09:35:00,Germany,Thriller,Phone,Standard,45,4.7,10.4,2
WATCH-008535,2025-03-21T03:44:00,Spain,Drama,Tablet,Basic,45,39.0,86.7,2
WATCH-008536,2025-01-26T21:03:00,Sweden,Documentary,Laptop,Premium,22,8.0,36.4,2
WATCH-008537,2025-06-23T11:15:00,Italy,Science fiction,Phone,Standard,60,12.8,21.3,1
WATCH-008538,2025-07-12T11:31:00,Netherlands,Thriller,Tablet,Standard,22,4.0,18.2,5
WATCH-008539,2025-06-15T01:45:00,France,Drama,Laptop,Basic,60,29.2,48.7,3
WATCH-008540,2025-08-25T17:45:00,Sweden,Documentary,Phone,Standard,90,4.7,5.2,5
WATCH-008541,2025-09-03T03:35:00,Germany,Drama,TV,Standard,120,23.6,19.7,3
WATCH-008542,2025-10-19T06:50:00,France,Animation,Phone,Basic,120,21.3,17.8,4
WATCH-008543,2025-04-27T00:15:00,Netherlands,Thriller,Laptop,Basic,90,63.9,71.0,3
WATCH-008544,2025-06-21T04:46:00,Germany,Animation,Tablet,Premium,90,75.5,83.9,5
WATCH-008545,2025-10-07T14:06:00,Italy,Documentary,Phone,Premium,30,6.1,20.3,1
WATCH-008546,2025-04-26T07:30:00,Italy,Comedy,Phone,Premium,60,31.6,52.7,1
WATCH-008547,2025-06-28T13:11:00,Netherlands,Documentary,Phone,Premium,90,35.5,39.4,1
WATCH-008548,2025-07-11T20:04:00,France,Thriller,TV,Standard,90,4.9,,4
WATCH-008549,2025-03-28T03:48:00,Italy,Comedy,Tablet,Premium,60,5.6,9.3,3
WATCH-008550,2025-07-06T20:04:00,Spain,Drama,,Premium,60,32.2,53.7,3
WATCH-008551,2025-08-26T23:43:00,France,Science fiction,Laptop,Premium,60,52.4,87.3,2
WATCH-008552,2025-11-18T22:41:00,Spain,Documentary,TV,Standard,30,27.0,90.0,5
WATCH-008553,2025-06-12T20:11:00,France,Drama,TV,Standard,120,70.0,58.3,4
WATCH-008554,2025-09-20T20:26:00,Sweden,Thriller,Tablet,Basic,45,41.2,91.6,5
WATCH-008555,2025-11-17T10:45:00,Germany,Animation,TV,Premium,120,47.1,39.2,1
WATCH-008556,2025-10-23T20:16:00,Italy,Animation,Phone,Basic,120,26.9,22.4,4
WATCH-008557,2025-12-01T05:16:00,France,Thriller,TV,Premium,90,35.0,38.9,1
WATCH-008558,2025-10-27T06:52:00,Italy,Science fiction,Laptop,Premium,30,7.0,23.3,1
WATCH-008559,2025-06-01T07:25:00,Italy,Drama,TV,Basic,90,62.9,69.9,4
WATCH-008560,2025-02-08T04:56:00,Sweden,Animation,TV,Standard,30,4.0,13.3,5
WATCH-008561,2025-09-08T14:43:00,France,Thriller,TV,Basic,90,19.8,22.0,2
WATCH-008562,2025-06-08T03:51:00,Germany,Animation,Laptop,Premium,90,83.8,93.1,3
WATCH-008563,2025-09-01T15:26:00,Netherlands,Drama,Phone,Standard,90,17.3,19.2,1
WATCH-008564,2025-05-30T18:01:00,Sweden,Thriller,Tablet,Basic,22,6.9,31.4,1
WATCH-008565,2025-11-14T22:06:00,Spain,Drama,TV,Basic,30,7.6,25.3,2
WATCH-008566,2025-09-20T21:02:00,Italy,Animation,Tablet,Premium,90,82.0,91.1,2
WATCH-008567,2025-11-17T23:08:00,Sweden,Thriller,Laptop,Standard,30,5.4,18.0,1
WATCH-008568,2025-12-30T05:04:00,Germany,Comedy,TV,Standard,30,19.4,64.7,5
WATCH-008569,2025-09-02T12:22:00,Spain,Science fiction,Laptop,Premium,22,6.9,31.4,4
WATCH-008570,2025-07-24T02:39:00,Italy,Comedy,TV,Premium,120,58.4,48.7,5
WATCH-008571,2025-01-25T04:15:00,Italy,Thriller,Tablet,Premium,30,15.4,51.3,2
WATCH-008572,2025-08-21T03:03:00,Sweden,Science fiction,Phone,Standard,45,30.4,67.6,3
WATCH-008573,2025-02-18T06:35:00,Spain,Documentary,Phone,Standard,30,8.7,29.0,4
WATCH-008574,2025-08-18T03:01:00,Spain,Science fiction,TV,Premium,120,55.4,46.2,5
WATCH-008575,2025-06-23T14:24:00,Spain,Science fiction,Laptop,Premium,120,30.8,25.7,5
WATCH-008576,2025-12-20T15:56:00,Germany,Science fiction,TV,Standard,90,24.7,27.4,5
WATCH-008577,2025-05-18T22:09:00,Sweden,Documentary,TV,Premium,60,23.1,38.5,2
WATCH-008578,2025-02-01T00:03:00,Germany,Animation,Tablet,Basic,45,4.3,9.6,3
WATCH-008579,2025-11-28T15:32:00,France,Thriller,Tablet,Standard,45,8.9,19.8,4
WATCH-008580,2025-03-22T01:33:00,Sweden,Science fiction,TV,Premium,45,6.9,15.3,5
WATCH-008581,2025-08-04T09:21:00,Netherlands,Thriller,Phone,Basic,30,20.0,66.7,5
WATCH-008582,2025-10-10T08:11:00,Sweden,Drama,Laptop,Standard,22,16.8,76.4,5
WATCH-008583,2025-03-09T19:25:00,Germany,Documentary,Tablet,Premium,30,13.3,44.3,2
WATCH-008584,2025-02-24T11:50:00,Spain,Animation,TV,Basic,60,13.1,21.8,1
WATCH-008585,2025-05-23T05:57:00,France,Drama,Tablet,Premium,120,52.9,,4
WATCH-008586,2025-10-04T23:30:00,France,Comedy,Laptop,Premium,60,19.7,32.8,5
WATCH-008587,2025-03-28T16:33:00,Germany,Science fiction,Tablet,Basic,90,40.8,45.3,3
WATCH-008588,2025-03-03T10:01:00,Sweden,Comedy,Laptop,Standard,60,15.9,26.5,2
WATCH-008589,2025-02-27T15:25:00,Spain,Comedy,Tablet,Premium,45,8.5,18.9,1
WATCH-008590,2025-02-09T08:48:00,Germany,Comedy,TV,Basic,90,30.6,34.0,2
WATCH-008591,2025-12-27T20:50:00,Italy,Animation,TV,Premium,120,78.1,65.1,3
WATCH-008592,2025-01-11T22:30:00,France,Animation,TV,Basic,30,24.2,80.7,5
WATCH-008593,2025-07-12T00:51:00,Sweden,Animation,Laptop,Basic,60,23.8,39.7,2
WATCH-008594,2025-03-20T09:30:00,Sweden,Animation,Tablet,Basic,60,23.0,38.3,3
WATCH-008595,2025-05-18T13:23:00,Netherlands,Drama,Tablet,Premium,30,5.9,19.7,2
WATCH-008596,2025-05-18T15:04:00,France,Documentary,Phone,Premium,45,33.9,75.3,5
WATCH-008597,2025-08-02T09:43:00,Italy,Documentary,TV,Premium,60,55.4,92.3,3
WATCH-008598,2025-04-18T18:36:00,Spain,Thriller,Tablet,Basic,60,55.8,93.0,3
WATCH-008599,2025-11-11T05:34:00,Germany,Documentary,Laptop,Premium,45,33.3,74.0,2
WATCH-008600,2025-08-08T18:22:00,Sweden,Documentary,Phone,Premium,120,77.9,64.9,3
WATCH-008601,2025-06-28T19:26:00,Sweden,Comedy,Phone,Standard,60,24.6,41.0,4
WATCH-008602,2025-10-13T18:21:00,Germany,Comedy,TV,Basic,90,71.2,79.1,5
WATCH-008603,2025-12-07T11:46:00,Italy,Documentary,Phone,Standard,120,108.4,90.3,5
WATCH-008604,2025-06-24T16:59:00,Italy,Animation,Phone,Basic,22,19.5,88.6,4
WATCH-008605,2025-05-23T20:31:00,Germany,Science fiction,Tablet,Premium,22,1.2,5.5,2
WATCH-008606,2025-05-06T02:59:00,Germany,Drama,Laptop,Basic,22,7.4,33.6,5
WATCH-008607,2025-08-01T17:33:00,France,Thriller,TV,Basic,90,9.4,10.4,5
WATCH-008608,2025-09-07T19:44:00,Netherlands,Thriller,TV,Basic,22,9.8,44.5,1
WATCH-008609,2025-03-08T13:38:00,France,Thriller,Tablet,Standard,45,23.6,52.4,1
WATCH-008610,2025-10-14T19:43:00,Italy,Thriller,TV,Basic,120,38.8,32.3,3
WATCH-008611,2025-11-17T12:59:00,Netherlands,Documentary,TV,Premium,22,3.5,15.9,3
WATCH-008612,2025-05-08T14:24:00,Spain,Documentary,Phone,Premium,30,7.2,24.0,1
WATCH-008613,2025-08-30T13:59:00,Sweden,Comedy,Laptop,Basic,45,18.1,40.2,3
WATCH-008614,2025-03-17T23:40:00,Germany,Drama,TV,Basic,120,75.9,63.3,2
WATCH-008615,2025-11-21T07:19:00,Netherlands,Animation,Phone,Basic,22,9.1,41.4,2
WATCH-008616,2025-03-31T21:08:00,Netherlands,Thriller,TV,Premium,30,5.4,18.0,3
WATCH-008617,2025-08-17T16:51:00,Italy,Drama,Laptop,Basic,22,18.1,82.3,3
WATCH-008618,2025-09-02T23:44:00,Italy,Drama,Laptop,Premium,22,8.7,39.5,2
WATCH-008619,2025-05-17T17:36:00,Germany,Science fiction,TV,Premium,30,11.5,38.3,4
WATCH-008620,2025-12-14T09:00:00,Spain,Documentary,Tablet,Standard,60,8.3,13.8,1
WATCH-008621,2025-07-13T18:59:00,Italy,Documentary,TV,Premium,120,83.3,69.4,2
WATCH-008622,2025-01-04T08:00:00,Germany,Documentary,Tablet,Premium,60,31.6,,2
WATCH-008623,2025-05-11T14:20:00,Italy,Drama,Phone,Basic,60,44.7,74.5,5
WATCH-008624,2025-05-04T06:14:00,Spain,Science fiction,Phone,Basic,120,44.9,37.4,5
WATCH-008625,2025-12-03T23:01:00,Germany,Documentary,TV,Basic,45,35.2,78.2,4
WATCH-008626,2025-05-21T09:31:00,Germany,Animation,Phone,Basic,22,6.4,29.1,4
WATCH-008627,2025-09-08T13:11:00,Spain,Comedy,Tablet,Premium,90,59.2,65.8,5
WATCH-008628,2025-05-18T17:41:00,Spain,Thriller,TV,Premium,90,45.7,50.8,4
WATCH-008629,2025-05-20T06:33:00,Netherlands,Science fiction,Laptop,Basic,90,72.8,80.9,3
WATCH-008630,2025-09-19T04:59:00,France,Thriller,Phone,Premium,120,10.6,8.8,3
WATCH-008631,2025-08-01T02:26:00,Italy,Thriller,Phone,Basic,22,14.3,65.0,3
WATCH-008632,2025-01-23T07:18:00,Spain,Comedy,Laptop,Premium,30,8.2,27.3,1
WATCH-008633,2025-06-04T07:09:00,Netherlands,Science fiction,,Standard,45,23.1,51.3,5
WATCH-008634,2025-09-18T18:11:00,Sweden,Science fiction,TV,Premium,30,22.8,76.0,1
WATCH-008635,2025-06-08T15:18:00,Italy,Science fiction,Laptop,Standard,22,14.2,64.5,5
WATCH-008636,2025-01-13T21:30:00,Netherlands,Animation,TV,Premium,90,41.7,46.3,2
WATCH-008637,2025-12-10T16:48:00,Spain,Thriller,Phone,Standard,30,18.2,60.7,4
WATCH-008638,2025-03-17T04:36:00,Italy,Documentary,TV,Premium,30,13.3,44.3,1
WATCH-008639,2025-04-19T13:42:00,Italy,Animation,Tablet,Standard,22,18.2,82.7,4
WATCH-008640,2025-10-16T21:07:00,Italy,Thriller,Phone,Basic,90,59.7,66.3,2
WATCH-008641,2025-07-20T07:35:00,Netherlands,Science fiction,Phone,Standard,60,8.3,13.8,4
WATCH-008642,2025-09-03T22:37:00,Italy,Science fiction,Phone,Basic,30,22.6,75.3,2
WATCH-008643,2025-10-28T12:23:00,Germany,Drama,Laptop,Basic,60,56.3,93.8,5
WATCH-008644,2025-08-06T00:27:00,France,Thriller,Tablet,Basic,30,23.2,77.3,4
WATCH-008645,2025-06-13T09:24:00,Netherlands,Documentary,TV,Premium,22,15.0,68.2,1
WATCH-008646,2025-12-03T00:42:00,Netherlands,Thriller,Phone,Premium,45,15.5,34.4,1
WATCH-008647,2025-04-06T19:04:00,Netherlands,Animation,Phone,Standard,22,21.0,95.5,1
WATCH-008648,2025-02-19T01:57:00,Germany,Documentary,Phone,Premium,60,56.0,93.3,2
WATCH-008649,2025-10-29T16:52:00,Sweden,Comedy,Laptop,Premium,22,19.7,89.5,1
WATCH-008650,2025-02-04T14:19:00,Sweden,Drama,Tablet,Premium,60,45.4,75.7,5
WATCH-008651,2025-05-12T03:46:00,Italy,Science fiction,Phone,Standard,120,94.4,78.7,5
WATCH-008652,2025-02-24T12:52:00,Sweden,Documentary,Tablet,Standard,120,50.1,41.8,1
WATCH-008653,2025-07-18T21:54:00,Sweden,Drama,Tablet,Standard,45,39.6,88.0,3
WATCH-008654,2025-07-01T17:26:00,Spain,Drama,Phone,Basic,30,1.8,6.0,1
WATCH-008655,2025-10-02T12:44:00,Netherlands,Documentary,TV,Basic,120,69.3,57.8,3
WATCH-008656,2025-03-29T16:59:00,France,Science fiction,Phone,Standard,22,1.4,6.4,1
WATCH-008657,2025-12-23T07:21:00,Sweden,Thriller,Tablet,Basic,45,9.4,20.9,2
WATCH-008658,2025-04-02T17:54:00,Germany,Science fiction,Tablet,Premium,90,30.8,34.2,5
WATCH-008659,2025-09-10T02:12:00,France,Science fiction,Laptop,Standard,90,48.8,,5
WATCH-008660,2025-06-23T17:36:00,Germany,Science fiction,TV,Premium,60,26.5,44.2,1
WATCH-008661,2025-02-22T15:01:00,Italy,Drama,TV,Standard,45,40.3,89.6,5
WATCH-008662,2025-12-05T17:57:00,Italy,Thriller,Phone,Standard,45,33.2,73.8,5
WATCH-008663,2025-10-28T23:49:00,France,Animation,Phone,Basic,120,78.8,65.7,3
WATCH-008664,2025-05-09T11:08:00,Italy,Documentary,Laptop,Basic,120,53.2,44.3,1
WATCH-008665,2025-05-24T07:12:00,France,Documentary,TV,Basic,120,110.7,92.2,1
WATCH-008666,2025-02-23T15:28:00,France,Documentary,Tablet,Standard,30,10.1,33.7,1
WATCH-008667,2025-09-01T20:33:00,Italy,Animation,Laptop,Basic,30,8.0,26.7,3
WATCH-008668,2025-01-01T16:58:00,Sweden,Animation,Phone,Standard,120,44.2,36.8,2
WATCH-008669,2025-07-31T16:56:00,Spain,Documentary,Laptop,Premium,30,2.7,9.0,5
WATCH-008670,2025-10-18T03:55:00,Spain,Animation,Tablet,Standard,90,64.7,71.9,3
WATCH-008671,2025-04-06T21:49:00,Germany,Animation,Laptop,Basic,120,71.9,59.9,5
WATCH-008672,2025-12-03T13:40:00,Sweden,Drama,TV,Basic,120,69.4,57.8,5
WATCH-008673,2025-08-06T18:55:00,Germany,Documentary,TV,Premium,60,29.3,48.8,4
WATCH-008674,2025-02-25T11:02:00,Spain,Thriller,Tablet,Standard,30,19.8,66.0,4
WATCH-008675,2025-01-09T05:34:00,Sweden,Drama,Tablet,Premium,30,17.2,57.3,2
WATCH-008676,2025-09-27T16:13:00,Sweden,Documentary,Tablet,Premium,120,91.1,75.9,4
WATCH-008677,2025-10-15T18:48:00,Netherlands,Thriller,TV,Premium,120,53.8,44.8,4
WATCH-008678,2025-07-18T10:57:00,Italy,Documentary,Laptop,Standard,45,42.2,93.8,1
WATCH-008679,2025-05-16T17:07:00,Sweden,Animation,Laptop,Premium,90,63.6,70.7,3
WATCH-008680,2025-05-05T16:20:00,France,Science fiction,TV,Standard,60,26.4,44.0,5
WATCH-008681,2025-04-05T14:06:00,Netherlands,Animation,Laptop,Standard,45,27.9,62.0,1
WATCH-008682,2025-01-28T13:49:00,Germany,Science fiction,Phone,Basic,22,13.1,59.5,5
WATCH-008683,2025-10-04T02:13:00,France,Documentary,TV,Basic,30,16.6,55.3,3
WATCH-008684,2025-01-21T19:30:00,Germany,Drama,TV,Basic,45,34.5,76.7,2
WATCH-008685,2025-10-06T12:52:00,Netherlands,Science fiction,Phone,Basic,90,74.5,82.8,5
WATCH-008686,2025-07-14T08:25:00,Spain,Drama,Laptop,Premium,45,26.6,59.1,3
WATCH-008687,2025-02-17T13:48:00,France,Science fiction,Tablet,Standard,22,21.4,97.3,3
WATCH-008688,2025-01-09T11:32:00,France,Drama,Phone,Standard,30,26.8,89.3,3
WATCH-008689,2025-12-30T09:40:00,Italy,Comedy,TV,Standard,45,26.4,58.7,1
WATCH-008690,2025-03-17T11:28:00,Italy,Documentary,Phone,Standard,120,75.6,63.0,2
WATCH-008691,2025-11-25T16:38:00,France,Drama,Laptop,Premium,90,12.6,14.0,2
WATCH-008692,2025-12-23T13:37:00,Spain,Documentary,TV,Basic,60,31.9,53.2,3
WATCH-008693,2025-11-10T12:35:00,France,Science fiction,Laptop,Premium,120,45.3,37.8,4
WATCH-008694,2025-12-04T14:44:00,Spain,Comedy,Phone,Standard,60,34.8,58.0,3
WATCH-008695,2025-06-09T17:54:00,Germany,Animation,Laptop,Standard,90,25.1,27.9,1
WATCH-008696,2025-05-03T23:32:00,France,Comedy,Tablet,Standard,30,25.7,,4
WATCH-008697,2025-05-03T10:07:00,Italy,Science fiction,Laptop,Premium,30,7.0,23.3,3
WATCH-008698,2025-06-13T21:07:00,Sweden,Drama,Phone,Standard,120,13.5,11.2,5
WATCH-008699,2025-04-20T15:00:00,Netherlands,Animation,Tablet,Basic,22,17.8,80.9,4
WATCH-008700,2025-06-01T07:38:00,Spain,Documentary,Tablet,Standard,30,20.9,69.7,5
WATCH-008701,2025-07-27T03:57:00,Italy,Animation,Laptop,Premium,90,69.0,76.7,1
WATCH-008702,2025-10-03T22:26:00,Sweden,Documentary,Phone,Premium,22,5.0,22.7,3
WATCH-008703,2025-06-10T10:25:00,France,Science fiction,Phone,Premium,45,19.0,42.2,1
WATCH-008704,2025-04-20T00:17:00,Spain,Thriller,Tablet,Premium,45,28.5,63.3,2
WATCH-008705,2025-01-23T08:58:00,Spain,Thriller,Laptop,Basic,60,20.1,33.5,1
WATCH-008706,2025-02-24T21:12:00,Germany,Comedy,Tablet,Basic,22,21.7,98.6,2
WATCH-008707,2025-08-12T19:45:00,Germany,Drama,Phone,Standard,45,9.2,20.4,3
WATCH-008708,2025-08-21T10:19:00,France,Comedy,Phone,Basic,120,26.8,22.3,5
WATCH-008709,2025-03-05T15:15:00,Italy,Comedy,Laptop,Standard,30,13.9,46.3,4
WATCH-008710,2025-03-19T11:19:00,Germany,Thriller,TV,Basic,120,71.1,59.2,1
WATCH-008711,2025-05-28T00:05:00,Netherlands,Science fiction,Phone,Standard,120,32.4,27.0,3
WATCH-008712,2025-05-01T04:30:00,Netherlands,Drama,TV,Standard,30,19.1,63.7,3
WATCH-008713,2025-12-09T16:29:00,France,Animation,TV,Standard,60,56.4,94.0,1
WATCH-008714,2025-08-10T00:51:00,France,Documentary,Laptop,Basic,22,2.0,9.1,5
WATCH-008715,2025-02-25T12:22:00,Spain,Comedy,TV,Premium,22,19.0,86.4,3
WATCH-008716,2025-12-18T20:58:00,Sweden,Thriller,,Premium,22,4.8,21.8,1
WATCH-008717,2025-12-01T22:25:00,Italy,Drama,TV,Standard,45,18.9,42.0,4
WATCH-008718,2025-08-09T12:58:00,Sweden,Thriller,Laptop,Basic,120,49.5,41.2,2
WATCH-008719,2025-08-06T00:14:00,Italy,Thriller,Tablet,Standard,30,2.8,9.3,5
WATCH-008720,2025-02-18T12:15:00,Spain,Comedy,Phone,Premium,60,37.1,61.8,4
WATCH-008721,2025-04-28T15:33:00,Netherlands,Documentary,Tablet,Standard,45,13.8,30.7,5
WATCH-008722,2025-05-10T22:55:00,Sweden,Science fiction,TV,Premium,120,104.0,86.7,2
WATCH-008723,2025-04-01T20:58:00,Spain,Animation,TV,Premium,30,29.4,98.0,4
WATCH-008724,2025-03-21T14:20:00,Germany,Drama,TV,Standard,90,35.5,39.4,3
WATCH-008725,2025-10-28T09:55:00,France,Thriller,Laptop,Premium,90,19.2,21.3,5
WATCH-008726,2025-01-27T02:47:00,Sweden,Science fiction,TV,Premium,22,19.9,90.5,3
WATCH-008727,2025-09-20T20:25:00,Spain,Thriller,Laptop,Standard,60,55.6,92.7,2
WATCH-008728,2025-11-17T00:48:00,Netherlands,Documentary,TV,Standard,30,16.4,54.7,3
WATCH-008729,2025-08-24T23:26:00,France,Thriller,Tablet,Basic,60,26.3,43.8,4
WATCH-008730,2025-03-11T00:28:00,Italy,Science fiction,Tablet,Standard,30,24.2,80.7,1
WATCH-008731,2025-10-05T16:20:00,Italy,Drama,Phone,Premium,90,5.3,5.9,2
WATCH-008732,2025-12-28T07:06:00,Netherlands,Thriller,Laptop,Basic,22,7.7,35.0,3
WATCH-008733,2025-11-01T22:24:00,France,Comedy,Laptop,Standard,60,20.1,,1
WATCH-008734,2025-02-16T01:16:00,Germany,Drama,Tablet,Standard,45,28.2,62.7,4
WATCH-008735,2025-12-15T19:59:00,Germany,Documentary,Tablet,Premium,90,60.0,66.7,1
WATCH-008736,2025-09-27T01:07:00,France,Thriller,Tablet,Premium,120,101.1,84.2,3
WATCH-008737,2025-07-22T09:59:00,Germany,Documentary,Laptop,Standard,30,22.9,76.3,4
WATCH-008738,2025-12-21T18:59:00,Sweden,Thriller,Laptop,Basic,90,23.6,26.2,3
WATCH-008739,2025-10-20T09:45:00,Italy,Documentary,Phone,Premium,30,25.7,85.7,2
WATCH-008740,2025-07-11T18:44:00,Netherlands,Animation,Tablet,Premium,22,15.2,69.1,5
WATCH-008741,2025-04-14T02:37:00,Spain,Comedy,Laptop,Premium,45,22.6,50.2,4
WATCH-008742,2025-05-11T09:55:00,Sweden,Documentary,Tablet,Premium,120,22.8,19.0,5
WATCH-008743,2025-07-15T13:49:00,Sweden,Animation,Laptop,Premium,45,13.6,30.2,4
WATCH-008744,2025-05-09T11:28:00,Sweden,Documentary,Tablet,Standard,30,23.7,79.0,1
WATCH-008745,2025-02-27T05:52:00,Netherlands,Comedy,Phone,Basic,90,43.9,48.8,3
WATCH-008746,2025-05-25T08:50:00,Sweden,Documentary,Laptop,Basic,60,42.7,71.2,3
WATCH-008747,2025-10-04T14:35:00,France,Drama,TV,Premium,90,81.6,90.7,2
WATCH-008748,2025-07-17T00:20:00,Italy,Animation,TV,Standard,60,10.3,17.2,3
WATCH-008749,2025-03-20T00:34:00,Italy,Drama,Laptop,Premium,30,20.5,68.3,5
WATCH-008750,2025-12-21T10:00:00,Italy,Comedy,TV,Premium,90,83.2,92.4,1
WATCH-008751,2025-02-18T23:55:00,Italy,Documentary,Tablet,Basic,60,15.6,26.0,2
WATCH-008752,2025-01-20T06:57:00,Germany,Science fiction,Tablet,Premium,120,26.4,22.0,4
WATCH-008753,2025-09-05T09:33:00,Sweden,Science fiction,Tablet,Basic,22,21.3,96.8,1
WATCH-008754,2025-05-04T09:37:00,Sweden,Science fiction,Laptop,Basic,22,6.1,27.7,3
WATCH-008755,2025-07-31T02:33:00,France,Comedy,Laptop,Basic,45,19.1,42.4,2
WATCH-008756,2025-08-17T02:19:00,Sweden,Animation,Phone,Premium,60,40.8,68.0,3
WATCH-008757,2025-08-27T04:41:00,Spain,Comedy,TV,Basic,30,17.2,57.3,1
WATCH-008758,2025-04-20T09:46:00,Germany,Animation,TV,Premium,90,9.3,10.3,5
WATCH-008759,2025-06-20T09:02:00,Sweden,Science fiction,Tablet,Premium,60,53.7,89.5,1
WATCH-008760,2025-12-11T19:37:00,Italy,Documentary,Laptop,Premium,22,18.2,82.7,2
WATCH-008761,2025-02-23T15:47:00,Netherlands,Animation,TV,Standard,30,24.1,80.3,2
WATCH-008762,2025-02-27T07:12:00,Germany,Drama,Laptop,Premium,60,44.7,74.5,1
WATCH-008763,2025-02-07T13:45:00,France,Science fiction,Tablet,Premium,60,55.4,92.3,2
WATCH-008764,2025-11-27T20:03:00,Spain,Drama,TV,Standard,22,13.9,63.2,1
WATCH-008765,2025-08-13T22:30:00,France,Drama,Tablet,Premium,90,47.0,52.2,2
WATCH-008766,2025-08-18T11:50:00,France,Thriller,Phone,Premium,60,10.8,18.0,3
WATCH-008767,2025-04-11T17:55:00,Italy,Thriller,Laptop,Standard,30,5.7,19.0,3
WATCH-008768,2025-06-21T19:03:00,Italy,Drama,TV,Premium,90,74.4,82.7,5
WATCH-008769,2025-12-15T09:20:00,Italy,Drama,Phone,Basic,45,19.9,44.2,4
WATCH-008770,2025-03-18T05:54:00,Italy,Animation,Tablet,Basic,22,10.3,,4
WATCH-008771,2025-06-25T01:40:00,Sweden,Documentary,Tablet,Premium,120,111.9,93.2,4
WATCH-008772,2025-05-14T03:34:00,Italy,Documentary,Laptop,Standard,120,104.8,87.3,5
WATCH-008773,2025-01-29T15:35:00,France,Drama,TV,Basic,22,18.8,85.5,4
WATCH-008774,2025-07-01T16:39:00,Sweden,Comedy,Tablet,Premium,45,28.4,63.1,1
WATCH-008775,2025-04-19T09:40:00,Italy,Comedy,Laptop,Basic,90,20.1,22.3,1
WATCH-008776,2025-12-18T13:30:00,Germany,Thriller,Tablet,Standard,90,38.9,43.2,4
WATCH-008777,2025-08-19T15:00:00,France,Documentary,TV,Premium,45,36.8,81.8,4
WATCH-008778,2025-03-07T20:40:00,Sweden,Drama,Tablet,Basic,30,20.7,69.0,1
WATCH-008779,2025-10-23T10:17:00,France,Documentary,Phone,Premium,60,10.3,17.2,1
WATCH-008780,2025-09-10T14:11:00,Sweden,Documentary,Phone,Standard,45,40.0,88.9,2
WATCH-008781,2025-11-21T22:44:00,France,Animation,Phone,Premium,60,6.0,10.0,1
WATCH-008782,2025-05-27T00:53:00,Germany,Thriller,TV,Standard,120,55.0,45.8,3
WATCH-008783,2025-01-29T16:01:00,Netherlands,Thriller,Tablet,Standard,22,3.8,17.3,5
WATCH-008784,2025-12-25T05:54:00,Italy,Documentary,Tablet,Basic,22,4.8,21.8,5
WATCH-008785,2025-07-25T04:00:00,France,Drama,Phone,Standard,45,21.3,47.3,2
WATCH-008786,2025-02-18T03:15:00,Sweden,Science fiction,TV,Basic,22,2.4,10.9,1
WATCH-008787,2025-11-03T23:16:00,Germany,Animation,Tablet,Basic,90,5.5,6.1,3
WATCH-008788,2025-08-24T19:03:00,Netherlands,Drama,Phone,Premium,30,29.1,97.0,4
WATCH-008789,2025-02-20T15:16:00,Sweden,Science fiction,Tablet,Standard,90,41.5,46.1,2
WATCH-008790,2025-11-22T23:27:00,Italy,Drama,Laptop,Premium,30,23.7,79.0,3
WATCH-008791,2025-06-23T01:35:00,Spain,Thriller,TV,Premium,45,15.6,34.7,5
WATCH-008792,2025-07-23T06:58:00,Germany,Documentary,Phone,Premium,90,10.6,11.8,1
WATCH-008793,2025-08-03T23:07:00,France,Documentary,TV,Premium,120,48.1,40.1,1
WATCH-008794,2025-01-06T17:36:00,Spain,Science fiction,Tablet,Premium,30,6.3,21.0,4
WATCH-008795,2025-05-23T22:30:00,France,Documentary,Laptop,Premium,30,23.5,78.3,5
WATCH-008796,2025-03-20T19:07:00,Germany,Thriller,Phone,Premium,120,10.4,8.7,5
WATCH-008797,2025-08-19T23:10:00,Sweden,Animation,Tablet,Standard,30,26.5,88.3,3
WATCH-008798,2025-08-22T12:57:00,Netherlands,Documentary,Tablet,Standard,45,5.8,12.9,4
WATCH-008799,2025-11-17T16:25:00,Italy,Documentary,,Standard,22,7.3,33.2,4
WATCH-008800,2025-10-24T15:59:00,Spain,Animation,Phone,Standard,90,35.9,39.9,2
WATCH-008801,2025-09-19T07:51:00,France,Documentary,Phone,Premium,60,4.6,7.7,5
WATCH-008802,2025-01-23T07:53:00,Spain,Animation,Tablet,Basic,120,34.7,28.9,3
WATCH-008803,2025-11-24T06:19:00,Netherlands,Science fiction,Phone,Basic,30,26.6,88.7,2
WATCH-008804,2025-07-27T19:22:00,Germany,Thriller,Tablet,Premium,22,5.0,22.7,3
WATCH-008805,2025-04-16T15:41:00,Sweden,Animation,Laptop,Premium,30,21.5,71.7,3
WATCH-008806,2025-06-14T08:57:00,Italy,Thriller,TV,Standard,22,10.9,49.5,2
WATCH-008807,2025-10-07T17:18:00,Sweden,Thriller,Laptop,Premium,120,22.5,,3
WATCH-008808,2025-01-16T07:31:00,Germany,Science fiction,Phone,Premium,60,5.8,9.7,3
WATCH-008809,2025-02-23T19:22:00,Sweden,Thriller,Tablet,Basic,90,79.3,88.1,2
WATCH-008810,2025-06-15T17:47:00,Spain,Thriller,Laptop,Premium,120,16.0,13.3,1
WATCH-008811,2025-06-04T05:28:00,Italy,Thriller,Phone,Premium,22,8.9,40.5,5
WATCH-008812,2025-03-12T14:04:00,Netherlands,Documentary,Laptop,Basic,22,18.3,83.2,3
WATCH-008813,2025-06-10T23:49:00,France,Drama,Laptop,Premium,30,3.4,11.3,2
WATCH-008814,2025-11-17T20:03:00,Germany,Science fiction,Tablet,Standard,60,57.5,95.8,4
WATCH-008815,2025-03-29T22:49:00,Italy,Animation,TV,Basic,60,35.1,58.5,4
WATCH-008816,2025-01-19T18:36:00,Germany,Documentary,Phone,Basic,90,70.8,78.7,2
WATCH-008817,2025-01-09T21:56:00,France,Science fiction,Laptop,Basic,22,19.1,86.8,2
WATCH-008818,2025-04-16T04:01:00,Spain,Comedy,TV,Basic,90,18.1,20.1,4
WATCH-008819,2025-06-17T15:51:00,Netherlands,Science fiction,TV,Premium,45,16.2,36.0,2
WATCH-008820,2025-07-06T08:49:00,Spain,Comedy,TV,Standard,45,27.5,61.1,3
WATCH-008821,2025-03-05T22:47:00,Italy,Science fiction,Phone,Basic,22,13.0,59.1,5
WATCH-008822,2025-03-29T21:29:00,Italy,Drama,TV,Basic,30,17.0,56.7,5
WATCH-008823,2025-10-01T13:46:00,Sweden,Documentary,Laptop,Standard,90,5.0,5.6,1
WATCH-008824,2025-10-30T02:13:00,Sweden,Animation,TV,Standard,90,21.7,24.1,3
WATCH-008825,2025-06-11T06:44:00,Sweden,Comedy,Laptop,Premium,30,27.8,92.7,3
WATCH-008826,2025-02-01T12:29:00,Germany,Documentary,Phone,Premium,30,17.0,56.7,3
WATCH-008827,2025-10-20T22:56:00,France,Animation,Laptop,Basic,120,77.1,64.2,1
WATCH-008828,2025-07-24T14:42:00,Italy,Comedy,Phone,Premium,90,85.6,95.1,1
WATCH-008829,2025-06-16T01:35:00,Italy,Science fiction,Laptop,Basic,45,6.7,14.9,5
WATCH-008830,2025-06-30T13:05:00,Germany,Animation,Laptop,Standard,22,13.5,61.4,5
WATCH-008831,2025-10-28T06:21:00,Netherlands,Animation,Tablet,Premium,22,10.2,46.4,1
WATCH-008832,2025-02-28T09:55:00,Spain,Science fiction,Tablet,Premium,30,26.6,88.7,5
WATCH-008833,2025-03-21T21:21:00,Italy,Science fiction,Laptop,Standard,22,20.3,92.3,1
WATCH-008834,2025-04-15T07:55:00,Spain,Thriller,Laptop,Basic,30,8.6,28.7,4
WATCH-008835,2025-09-01T16:18:00,Sweden,Science fiction,Laptop,Basic,60,16.4,27.3,3
WATCH-008836,2025-10-06T22:58:00,Sweden,Animation,Phone,Standard,45,37.7,83.8,2
WATCH-008837,2025-05-12T08:48:00,France,Documentary,Phone,Basic,22,4.5,20.5,2
WATCH-008838,2025-01-05T15:34:00,France,Comedy,TV,Standard,60,48.9,81.5,1
WATCH-008839,2025-09-28T13:59:00,Spain,Drama,Phone,Basic,22,18.6,84.5,4
WATCH-008840,2025-10-06T16:52:00,Spain,Documentary,Tablet,Basic,30,20.9,69.7,4
WATCH-008841,2025-08-03T00:48:00,Spain,Animation,Phone,Premium,90,63.3,70.3,5
WATCH-008842,2025-09-30T10:27:00,Germany,Animation,Tablet,Premium,60,37.7,62.8,5
WATCH-008843,2025-03-29T11:42:00,Germany,Comedy,Laptop,Premium,30,7.9,26.3,4
WATCH-008844,2025-06-18T18:43:00,France,Documentary,Phone,Premium,30,6.4,,5
WATCH-008845,2025-03-04T20:45:00,Netherlands,Comedy,Tablet,Standard,45,3.6,8.0,1
WATCH-008846,2025-01-31T09:41:00,Spain,Science fiction,TV,Basic,120,42.5,35.4,4
WATCH-008847,2025-08-29T16:51:00,France,Science fiction,Tablet,Standard,60,5.1,8.5,5
WATCH-008848,2025-08-17T21:30:00,Sweden,Thriller,TV,Premium,90,7.8,8.7,5
WATCH-008849,2025-06-25T09:17:00,Italy,Animation,TV,Premium,120,53.2,44.3,2
WATCH-008850,2025-02-05T01:28:00,Sweden,Science fiction,Phone,Basic,30,21.6,72.0,3
WATCH-008851,2025-10-10T16:21:00,Sweden,Comedy,Tablet,Basic,45,30.8,68.4,2
WATCH-008852,2025-05-25T20:45:00,France,Animation,Tablet,Premium,30,13.7,45.7,3
WATCH-008853,2025-09-12T23:19:00,Netherlands,Documentary,Phone,Standard,22,9.2,41.8,3
WATCH-008854,2025-11-06T05:51:00,Netherlands,Science fiction,Phone,Standard,22,13.0,59.1,4
WATCH-008855,2025-11-14T15:42:00,France,Comedy,TV,Basic,90,24.7,27.4,5
WATCH-008856,2025-11-13T14:34:00,Netherlands,Animation,Laptop,Basic,45,16.9,37.6,5
WATCH-008857,2025-12-25T20:06:00,France,Drama,Phone,Standard,22,13.7,62.3,4
WATCH-008858,2025-11-28T08:33:00,France,Documentary,Laptop,Standard,45,28.5,63.3,3
WATCH-008859,2025-01-29T04:40:00,Netherlands,Animation,Phone,Basic,120,118.7,98.9,1
WATCH-008860,2025-12-23T11:30:00,Sweden,Animation,Laptop,Premium,120,109.9,91.6,4
WATCH-008861,2025-07-08T05:12:00,Italy,Comedy,TV,Basic,30,14.2,47.3,5
WATCH-008862,2025-05-03T05:46:00,Germany,Science fiction,Laptop,Basic,60,30.2,50.3,1
WATCH-008863,2025-01-20T06:53:00,Spain,Thriller,Phone,Premium,22,18.9,85.9,3
WATCH-008864,2025-12-01T13:09:00,Sweden,Drama,TV,Basic,22,3.1,14.1,5
WATCH-008865,2025-10-05T20:48:00,Netherlands,Animation,Phone,Standard,45,22.1,49.1,2
WATCH-008866,2025-01-29T18:03:00,Sweden,Comedy,Phone,Standard,22,6.9,31.4,3
WATCH-008867,2025-05-21T15:49:00,Italy,Documentary,Laptop,Standard,45,41.5,92.2,1
WATCH-008868,2025-06-18T16:56:00,Sweden,Science fiction,Phone,Premium,120,10.5,8.8,1
WATCH-008869,2025-12-10T08:29:00,Sweden,Comedy,Phone,Basic,60,59.9,99.8,4
WATCH-008870,2025-08-15T12:29:00,Germany,Documentary,Phone,Basic,30,15.4,51.3,2
WATCH-008871,2025-03-14T04:43:00,France,Comedy,Laptop,Basic,22,21.0,95.5,1
WATCH-008872,2025-02-26T11:23:00,Sweden,Comedy,Laptop,Basic,60,18.4,30.7,5
WATCH-008873,2025-11-19T20:59:00,France,Thriller,Laptop,Basic,90,84.7,94.1,3
WATCH-008874,2025-03-28T10:13:00,Sweden,Documentary,Tablet,Basic,22,19.6,89.1,1
WATCH-008875,2025-08-14T21:22:00,Italy,Documentary,Tablet,Standard,22,10.5,47.7,2
WATCH-008876,2025-07-24T01:54:00,Netherlands,Drama,Laptop,Basic,90,39.2,43.6,5
WATCH-008877,2025-11-18T17:35:00,Netherlands,Comedy,Laptop,Basic,90,61.4,68.2,2
WATCH-008878,2025-01-24T12:21:00,Spain,Animation,Phone,Standard,90,13.3,14.8,3
WATCH-008879,2025-11-16T18:31:00,Germany,Comedy,Phone,Premium,120,65.8,54.8,5
WATCH-008880,2025-01-27T08:51:00,Netherlands,Comedy,Tablet,Premium,90,78.1,86.8,1
WATCH-008881,2025-04-19T10:39:00,Sweden,Thriller,Laptop,Basic,22,20.8,,3
WATCH-008882,2025-09-01T14:34:00,Italy,Drama,,Standard,22,16.3,74.1,4
WATCH-008883,2025-04-09T03:36:00,Germany,Comedy,TV,Basic,30,7.4,24.7,4
WATCH-008884,2025-11-25T11:36:00,Italy,Thriller,Laptop,Basic,22,2.8,12.7,4
WATCH-008885,2025-01-17T15:19:00,France,Comedy,Phone,Basic,60,25.2,42.0,1
WATCH-008886,2025-02-21T03:27:00,Italy,Thriller,TV,Standard,90,65.2,72.4,5
WATCH-008887,2025-04-17T05:28:00,France,Comedy,Phone,Standard,45,26.8,59.6,2
WATCH-008888,2025-11-27T23:41:00,Spain,Documentary,Phone,Basic,30,19.3,64.3,5
WATCH-008889,2025-02-06T05:30:00,Netherlands,Drama,Phone,Basic,45,8.9,19.8,4
WATCH-008890,2025-11-25T03:52:00,France,Animation,TV,Premium,30,14.1,47.0,5
WATCH-008891,2025-06-20T20:27:00,Germany,Drama,Tablet,Premium,22,20.0,90.9,3
WATCH-008892,2025-01-15T21:39:00,Sweden,Animation,TV,Premium,90,16.6,18.4,5
WATCH-008893,2025-04-02T14:32:00,Italy,Drama,Phone,Standard,30,6.3,21.0,5
WATCH-008894,2025-03-31T16:08:00,France,Thriller,Laptop,Basic,90,87.7,97.4,2
WATCH-008895,2025-04-07T22:15:00,Sweden,Science fiction,Laptop,Basic,22,2.7,12.3,2
WATCH-008896,2025-08-31T13:19:00,Germany,Comedy,Tablet,Premium,30,6.1,20.3,5
WATCH-008897,2025-11-24T12:03:00,Germany,Animation,TV,Premium,22,19.9,90.5,1
WATCH-008898,2025-10-29T21:36:00,Netherlands,Documentary,Tablet,Premium,30,16.4,54.7,5
WATCH-008899,2025-05-26T02:30:00,Netherlands,Thriller,Laptop,Standard,22,4.3,19.5,3
WATCH-008900,2025-11-12T03:30:00,Netherlands,Drama,TV,Standard,22,15.2,69.1,5
WATCH-008901,2025-11-10T11:38:00,Germany,Comedy,Tablet,Basic,45,28.1,62.4,4
WATCH-008902,2025-11-14T02:35:00,France,Animation,TV,Basic,60,26.8,44.7,5
WATCH-008903,2025-03-14T04:39:00,France,Animation,TV,Premium,60,36.3,60.5,4
WATCH-008904,2025-10-25T08:55:00,Italy,Documentary,TV,Standard,22,12.7,57.7,3
WATCH-008905,2025-02-09T19:46:00,Italy,Comedy,Phone,Premium,45,18.7,41.6,5
WATCH-008906,2025-05-02T21:19:00,Germany,Documentary,Tablet,Premium,30,15.3,51.0,5
WATCH-008907,2025-12-21T15:39:00,Netherlands,Animation,TV,Basic,90,22.9,25.4,4
WATCH-008908,2025-02-06T15:33:00,France,Comedy,Tablet,Standard,45,30.1,66.9,4
WATCH-008909,2025-02-04T15:53:00,Germany,Documentary,Phone,Premium,30,21.6,72.0,1
WATCH-008910,2025-02-04T05:08:00,Sweden,Drama,Phone,Premium,60,31.8,53.0,5
WATCH-008911,2025-06-05T11:04:00,Germany,Animation,Tablet,Standard,30,1.6,5.3,1
WATCH-008912,2025-05-12T23:31:00,France,Thriller,TV,Basic,90,27.0,30.0,5
WATCH-008913,2025-12-28T10:48:00,Netherlands,Comedy,Tablet,Premium,120,43.4,36.2,2
WATCH-008914,2025-04-21T08:48:00,Spain,Thriller,TV,Standard,22,2.6,11.8,1
WATCH-008915,2025-03-24T09:15:00,Italy,Thriller,Laptop,Premium,60,24.9,41.5,4
WATCH-008916,2025-05-06T22:19:00,France,Drama,TV,Standard,90,23.9,26.6,4
WATCH-008917,2025-02-25T10:36:00,Netherlands,Comedy,Tablet,Basic,22,9.7,44.1,1
WATCH-008918,2025-12-03T16:24:00,Italy,Animation,Tablet,Standard,90,55.0,,1
WATCH-008919,2025-09-09T13:47:00,Spain,Documentary,TV,Standard,22,7.9,35.9,4
WATCH-008920,2025-11-04T13:47:00,Netherlands,Animation,Tablet,Basic,90,28.3,31.4,5
WATCH-008921,2025-02-14T08:34:00,Spain,Drama,TV,Premium,45,11.6,25.8,1
WATCH-008922,2025-07-12T04:14:00,Italy,Science fiction,TV,Basic,90,88.5,98.3,1
WATCH-008923,2025-09-17T21:14:00,Spain,Documentary,Laptop,Standard,90,46.3,51.4,2
WATCH-008924,2025-04-07T00:52:00,Netherlands,Science fiction,Phone,Standard,45,11.5,25.6,4
WATCH-008925,2025-01-09T17:44:00,Netherlands,Animation,Phone,Standard,30,7.6,25.3,4
WATCH-008926,2025-04-14T02:55:00,France,Science fiction,TV,Basic,120,23.1,19.2,1
WATCH-008927,2025-10-03T12:27:00,Sweden,Science fiction,Phone,Premium,45,17.8,39.6,5
WATCH-008928,2025-04-26T17:42:00,Italy,Animation,TV,Premium,45,18.1,40.2,1
WATCH-008929,2025-01-03T01:33:00,Sweden,Drama,Phone,Premium,60,14.2,23.7,1
WATCH-008930,2025-09-26T20:44:00,Italy,Drama,Tablet,Premium,120,70.8,59.0,2
WATCH-008931,2025-06-06T17:15:00,France,Thriller,Laptop,Premium,60,27.6,46.0,3
WATCH-008932,2025-04-07T05:07:00,Spain,Documentary,TV,Basic,120,62.8,52.3,1
WATCH-008933,2025-03-13T18:37:00,Italy,Drama,Phone,Basic,90,74.8,83.1,3
WATCH-008934,2025-02-11T06:46:00,Germany,Documentary,TV,Premium,45,34.0,75.6,1
WATCH-008935,2025-10-12T08:42:00,Spain,Animation,TV,Basic,30,13.6,45.3,1
WATCH-008936,2025-05-28T07:36:00,France,Comedy,TV,Premium,90,83.3,92.6,2
WATCH-008937,2025-03-07T16:45:00,Sweden,Documentary,Tablet,Standard,45,34.6,76.9,5
WATCH-008938,2025-04-04T00:47:00,Netherlands,Thriller,TV,Standard,60,10.4,17.3,5
WATCH-008939,2025-09-10T20:32:00,Germany,Science fiction,TV,Basic,90,51.7,57.4,4
WATCH-008940,2025-01-10T05:53:00,Netherlands,Thriller,Laptop,Standard,22,9.3,42.3,4
WATCH-008941,2025-10-25T08:31:00,Spain,Comedy,TV,Premium,30,16.7,55.7,1
WATCH-008942,2025-08-28T18:18:00,Sweden,Drama,Phone,Standard,120,88.6,73.8,4
WATCH-008943,2025-05-11T14:06:00,Netherlands,Thriller,TV,Standard,30,27.6,92.0,3
WATCH-008944,2025-01-10T07:54:00,Sweden,Thriller,TV,Premium,90,72.7,80.8,1
WATCH-008945,2025-10-07T14:04:00,France,Documentary,TV,Standard,30,14.0,46.7,2
WATCH-008946,2025-11-20T17:48:00,Sweden,Documentary,Laptop,Basic,22,6.4,29.1,1
WATCH-008947,2025-07-02T18:45:00,France,Comedy,Phone,Standard,90,9.4,10.4,2
WATCH-008948,2025-04-28T22:21:00,Italy,Science fiction,Phone,Premium,30,9.0,30.0,2
WATCH-008949,2025-07-09T13:26:00,France,Documentary,Phone,Premium,30,16.4,54.7,3
WATCH-008950,2025-04-20T18:08:00,Spain,Animation,Tablet,Premium,45,35.3,78.4,1
WATCH-008951,2025-08-24T08:54:00,France,Drama,Phone,Premium,22,21.9,99.5,3
WATCH-008952,2025-08-27T22:08:00,Germany,Thriller,Laptop,Premium,120,45.2,37.7,1
WATCH-008953,2025-11-04T21:59:00,France,Drama,Tablet,Premium,22,11.3,51.4,3
WATCH-008954,2025-09-27T07:38:00,Netherlands,Animation,Tablet,Basic,30,24.5,81.7,1
WATCH-008955,2025-06-07T19:05:00,Spain,Comedy,Tablet,Basic,120,112.7,,3
WATCH-008956,2025-09-28T02:11:00,Germany,Animation,Tablet,Premium,60,16.8,28.0,4
WATCH-008957,2025-05-15T17:18:00,Germany,Science fiction,Phone,Premium,30,23.4,78.0,4
WATCH-008958,2025-01-24T12:52:00,Italy,Comedy,Tablet,Basic,120,99.6,83.0,4
WATCH-008959,2025-06-27T20:16:00,Spain,Animation,Phone,Basic,22,21.5,97.7,4
WATCH-008960,2025-08-15T14:00:00,Germany,Science fiction,TV,Standard,22,9.9,45.0,1
WATCH-008961,2025-10-08T08:33:00,Spain,Drama,Laptop,Premium,120,13.8,11.5,3
WATCH-008962,2025-12-08T15:00:00,Italy,Science fiction,Phone,Basic,45,24.8,55.1,3
WATCH-008963,2025-08-19T01:32:00,Italy,Drama,Laptop,Basic,60,52.2,87.0,2
WATCH-008964,2025-02-22T18:42:00,France,Comedy,Laptop,Standard,120,51.9,43.2,5
WATCH-008965,2025-09-12T17:14:00,France,Animation,,Basic,90,10.7,11.9,3
WATCH-008966,2025-03-05T21:00:00,Sweden,Science fiction,Phone,Premium,30,20.1,67.0,2
WATCH-008967,2025-05-06T22:35:00,France,Animation,TV,Premium,120,11.5,9.6,2
WATCH-008968,2025-05-03T13:11:00,Germany,Drama,TV,Premium,45,25.3,56.2,5
WATCH-008969,2025-02-09T09:41:00,Netherlands,Comedy,Laptop,Premium,45,36.0,80.0,1
WATCH-008970,2025-11-09T23:48:00,Netherlands,Documentary,Phone,Basic,30,28.7,95.7,1
WATCH-008971,2025-07-03T14:25:00,France,Animation,Laptop,Standard,45,22.8,50.7,2
WATCH-008972,2025-02-12T19:39:00,Italy,Documentary,Phone,Premium,22,10.1,45.9,2
WATCH-008973,2025-04-09T02:07:00,Netherlands,Drama,Laptop,Premium,45,7.7,17.1,4
WATCH-008974,2025-02-17T15:11:00,Spain,Animation,TV,Premium,120,48.6,40.5,2
WATCH-008975,2025-06-29T08:35:00,Spain,Thriller,TV,Premium,22,1.4,6.4,1
WATCH-008976,2025-04-15T17:37:00,Italy,Drama,Laptop,Standard,45,26.7,59.3,1
WATCH-008977,2025-12-09T16:35:00,Italy,Thriller,TV,Premium,120,9.8,8.2,1
WATCH-008978,2025-12-28T21:38:00,Germany,Drama,Laptop,Basic,45,7.1,15.8,1
WATCH-008979,2025-02-15T12:42:00,Sweden,Documentary,Tablet,Premium,60,45.7,76.2,1
WATCH-008980,2025-06-30T13:12:00,France,Science fiction,Laptop,Basic,22,16.6,75.5,5
WATCH-008981,2025-03-16T10:50:00,Italy,Science fiction,TV,Basic,90,58.0,64.4,1
WATCH-008982,2025-11-14T07:07:00,Germany,Science fiction,TV,Basic,45,27.4,60.9,4
WATCH-008983,2025-12-21T05:33:00,France,Comedy,TV,Premium,30,23.3,77.7,5
WATCH-008984,2025-03-20T03:08:00,Spain,Thriller,TV,Basic,60,33.0,55.0,5
WATCH-008985,2025-03-22T12:02:00,Sweden,Documentary,TV,Basic,30,28.6,95.3,5
WATCH-008986,2025-03-15T04:12:00,Sweden,Drama,Tablet,Basic,60,35.3,58.8,5
WATCH-008987,2025-11-12T00:43:00,Sweden,Thriller,Tablet,Basic,120,43.7,36.4,5
WATCH-008988,2025-08-01T23:22:00,Germany,Drama,Laptop,Premium,60,37.6,62.7,1
WATCH-008989,2025-02-16T21:01:00,Germany,Thriller,Tablet,Standard,30,15.3,51.0,1
WATCH-008990,2025-11-04T09:45:00,Spain,Science fiction,Laptop,Premium,45,30.4,67.6,5
WATCH-008991,2025-07-24T23:15:00,Spain,Thriller,Laptop,Premium,22,14.3,65.0,3
WATCH-008992,2025-01-16T03:08:00,France,Drama,Tablet,Standard,45,5.5,,2
WATCH-008993,2025-07-09T23:55:00,Netherlands,Drama,Laptop,Standard,22,7.3,33.2,3
WATCH-008994,2025-10-08T18:53:00,France,Documentary,TV,Basic,120,60.5,50.4,2
WATCH-008995,2025-02-11T07:12:00,Sweden,Animation,Laptop,Standard,90,40.2,44.7,3
WATCH-008996,2025-03-15T07:05:00,France,Animation,Phone,Standard,90,9.6,10.7,1
WATCH-008997,2025-09-06T07:09:00,Netherlands,Documentary,TV,Standard,22,2.6,11.8,4
WATCH-008998,2025-09-30T21:11:00,France,Science fiction,Laptop,Premium,120,70.4,58.7,4
WATCH-008999,2025-08-28T05:43:00,Sweden,Documentary,TV,Premium,45,4.4,9.8,1
WATCH-009000,2025-07-04T06:44:00,France,Animation,TV,Standard,45,10.2,22.7,5
WATCH-009001,2025-02-15T23:33:00,Netherlands,Drama,Laptop,Standard,22,16.1,73.2,2
WATCH-009002,2025-01-24T18:47:00,Netherlands,Science fiction,TV,Premium,45,17.3,38.4,2
WATCH-009003,2025-08-07T20:07:00,Spain,Documentary,Phone,Standard,22,19.6,89.1,3
WATCH-009004,2025-02-03T12:58:00,Germany,Animation,Tablet,Premium,22,22.0,100.0,5
WATCH-009005,2025-06-29T06:59:00,Italy,Drama,TV,Basic,22,17.6,80.0,2
WATCH-009006,2025-04-18T07:12:00,Sweden,Thriller,Phone,Standard,60,12.9,21.5,2
WATCH-009007,2025-10-27T11:59:00,Spain,Comedy,Phone,Basic,120,11.5,9.6,4
WATCH-009008,2025-12-07T02:05:00,Netherlands,Animation,Laptop,Basic,30,22.9,76.3,5
WATCH-009009,2025-04-04T13:43:00,Germany,Drama,Tablet,Standard,22,9.5,43.2,2
WATCH-009010,2025-03-09T04:58:00,Sweden,Documentary,Laptop,Premium,45,36.2,80.4,2
WATCH-009011,2025-03-04T18:08:00,Germany,Drama,Laptop,Basic,45,22.8,50.7,3
WATCH-009012,2025-07-09T06:52:00,France,Thriller,Tablet,Premium,45,10.9,24.2,2
WATCH-009013,2025-12-23T03:55:00,Germany,Animation,TV,Premium,30,25.4,84.7,3
WATCH-009014,2025-09-18T14:14:00,France,Thriller,TV,Basic,120,89.0,74.2,2
WATCH-009015,2025-09-24T15:19:00,Italy,Comedy,Phone,Basic,60,21.8,36.3,5
WATCH-009016,2025-08-08T00:29:00,Spain,Documentary,Phone,Standard,45,44.3,98.4,5
WATCH-009017,2025-04-01T20:21:00,France,Comedy,TV,Basic,60,5.7,9.5,3
WATCH-009018,2025-06-09T09:31:00,France,Drama,Phone,Standard,22,5.7,25.9,2
WATCH-009019,2025-12-30T23:08:00,Sweden,Thriller,Tablet,Basic,30,15.1,50.3,4
WATCH-009020,2025-07-02T04:04:00,Netherlands,Science fiction,Phone,Standard,30,4.5,15.0,2
WATCH-009021,2025-12-18T04:10:00,Germany,Thriller,Phone,Premium,45,14.4,32.0,2
WATCH-009022,2025-03-06T15:28:00,Netherlands,Drama,Phone,Basic,120,115.2,96.0,1
WATCH-009023,2025-05-01T23:27:00,Netherlands,Animation,Tablet,Premium,22,19.8,90.0,1
WATCH-009024,2025-08-02T13:27:00,France,Science fiction,TV,Standard,120,50.2,41.8,2
WATCH-009025,2025-07-10T17:30:00,Spain,Drama,Laptop,Standard,30,25.9,86.3,3
WATCH-009026,2025-07-25T05:39:00,Italy,Documentary,Laptop,Basic,30,10.1,33.7,1
WATCH-009027,2025-12-15T02:03:00,Germany,Documentary,Phone,Basic,90,69.4,77.1,2
WATCH-009028,2025-04-20T22:22:00,Netherlands,Thriller,Tablet,Premium,90,38.9,43.2,1
WATCH-009029,2025-05-28T10:54:00,Spain,Drama,Phone,Standard,30,5.1,,3
WATCH-009030,2025-04-05T21:38:00,Netherlands,Documentary,Phone,Premium,22,21.2,96.4,3
WATCH-009031,2025-07-24T20:04:00,Germany,Drama,Laptop,Standard,45,20.0,44.4,3
WATCH-009032,2025-02-09T13:33:00,Sweden,Thriller,Tablet,Basic,120,22.5,18.8,5
WATCH-009033,2025-12-30T22:10:00,Netherlands,Thriller,Laptop,Standard,22,8.1,36.8,3
WATCH-009034,2025-08-11T00:21:00,Netherlands,Drama,Phone,Standard,22,21.9,99.5,2
WATCH-009035,2025-05-11T15:22:00,Netherlands,Animation,TV,Basic,120,22.3,18.6,2
WATCH-009036,2025-06-24T05:21:00,France,Animation,TV,Standard,30,21.0,70.0,5
WATCH-009037,2025-01-07T20:40:00,Netherlands,Science fiction,Tablet,Standard,90,49.7,55.2,3
WATCH-009038,2025-07-03T15:31:00,Italy,Animation,TV,Premium,45,4.7,10.4,1
WATCH-009039,2025-04-14T08:15:00,Netherlands,Animation,Phone,Basic,30,27.7,92.3,2
WATCH-009040,2025-04-23T20:40:00,Germany,Thriller,Laptop,Premium,45,24.0,53.3,5
WATCH-009041,2025-11-29T17:23:00,Sweden,Animation,Tablet,Basic,90,42.0,46.7,5
WATCH-009042,2025-03-30T06:28:00,Germany,Thriller,Tablet,Standard,60,54.6,91.0,2
WATCH-009043,2025-06-18T04:21:00,Italy,Science fiction,Phone,Basic,30,8.8,29.3,4
WATCH-009044,2025-12-14T16:07:00,France,Animation,Phone,Standard,90,69.5,77.2,4
WATCH-009045,2025-01-24T09:14:00,Italy,Comedy,TV,Standard,45,21.4,47.6,5
WATCH-009046,2025-06-22T05:53:00,Italy,Thriller,Phone,Standard,90,49.2,54.7,3
WATCH-009047,2025-01-16T17:03:00,Sweden,Science fiction,TV,Standard,45,43.0,95.6,2
WATCH-009048,2025-12-18T09:39:00,Italy,Thriller,,Premium,60,44.8,74.7,3
WATCH-009049,2025-06-02T06:55:00,France,Comedy,Laptop,Standard,22,20.4,92.7,4
WATCH-009050,2025-01-29T23:33:00,France,Comedy,Laptop,Standard,22,9.0,40.9,2
WATCH-009051,2025-03-02T13:26:00,Italy,Science fiction,Laptop,Basic,60,56.6,94.3,2
WATCH-009052,2025-11-19T12:15:00,Germany,Documentary,Tablet,Standard,120,50.8,42.3,1
WATCH-009053,2025-07-15T12:15:00,Italy,Animation,Phone,Premium,30,1.9,6.3,3
WATCH-009054,2025-10-04T04:08:00,Netherlands,Thriller,Tablet,Standard,45,11.2,24.9,4
WATCH-009055,2025-01-27T20:03:00,France,Science fiction,Phone,Premium,30,17.7,59.0,1
WATCH-009056,2025-11-30T11:50:00,Spain,Animation,Tablet,Basic,45,39.6,88.0,1
WATCH-009057,2025-07-17T06:30:00,France,Drama,Phone,Basic,90,31.9,35.4,4
WATCH-009058,2025-11-08T13:53:00,Spain,Documentary,TV,Basic,45,17.1,38.0,5
WATCH-009059,2025-05-28T00:01:00,France,Animation,Tablet,Standard,120,100.4,83.7,5
WATCH-009060,2025-04-01T08:08:00,Netherlands,Animation,Laptop,Standard,30,9.9,33.0,5
WATCH-009061,2025-04-11T18:24:00,Spain,Thriller,Laptop,Basic,60,34.2,57.0,2
WATCH-009062,2025-09-15T04:23:00,France,Drama,TV,Standard,120,97.9,81.6,3
WATCH-009063,2025-02-18T09:17:00,Germany,Drama,Phone,Basic,90,51.9,57.7,2
WATCH-009064,2025-05-30T03:45:00,Germany,Thriller,Tablet,Standard,120,89.0,74.2,4
WATCH-009065,2025-02-10T21:47:00,Germany,Documentary,Phone,Premium,45,21.0,46.7,1
WATCH-009066,2025-04-14T08:40:00,Sweden,Science fiction,Phone,Standard,90,76.7,,2
WATCH-009067,2025-07-21T00:10:00,Italy,Documentary,Tablet,Basic,60,55.0,91.7,1
WATCH-009068,2025-06-27T04:52:00,Spain,Thriller,Tablet,Basic,120,95.0,79.2,1
WATCH-009069,2025-01-23T09:44:00,Sweden,Animation,Phone,Premium,120,12.5,10.4,2
WATCH-009070,2025-06-21T21:45:00,Germany,Comedy,Phone,Premium,60,21.8,36.3,3
WATCH-009071,2025-05-03T04:57:00,Netherlands,Thriller,Tablet,Standard,22,16.2,73.6,4
WATCH-009072,2025-12-24T11:41:00,Germany,Science fiction,Laptop,Premium,60,24.8,41.3,2
WATCH-009073,2025-01-31T03:27:00,Netherlands,Animation,Phone,Standard,120,44.2,36.8,3
WATCH-009074,2025-06-20T10:43:00,Germany,Animation,Phone,Premium,120,116.9,97.4,1
WATCH-009075,2025-04-18T01:43:00,Germany,Science fiction,TV,Basic,60,18.5,30.8,3
WATCH-009076,2025-03-29T03:26:00,Sweden,Drama,Tablet,Standard,45,7.7,17.1,3
WATCH-009077,2025-09-11T18:24:00,Germany,Documentary,Tablet,Standard,45,31.5,70.0,4
WATCH-009078,2025-09-06T07:44:00,France,Comedy,Laptop,Premium,60,31.0,51.7,4
WATCH-009079,2025-10-03T20:59:00,Italy,Comedy,Tablet,Standard,120,116.2,96.8,1
WATCH-009080,2025-05-03T15:30:00,Germany,Comedy,Laptop,Premium,45,39.6,88.0,4
WATCH-009081,2025-12-20T14:30:00,Sweden,Documentary,Laptop,Basic,60,4.8,8.0,2
WATCH-009082,2025-01-07T18:44:00,France,Drama,Laptop,Premium,30,24.2,80.7,2
WATCH-009083,2025-05-13T02:30:00,France,Thriller,Laptop,Premium,45,19.9,44.2,2
WATCH-009084,2025-10-24T13:37:00,France,Thriller,TV,Premium,90,36.8,40.9,3
WATCH-009085,2025-05-16T07:29:00,Spain,Animation,Tablet,Basic,90,75.8,84.2,1
WATCH-009086,2025-11-10T16:14:00,Spain,Drama,Laptop,Basic,45,37.1,82.4,1
WATCH-009087,2025-01-06T00:18:00,Netherlands,Comedy,TV,Premium,45,39.1,86.9,2
WATCH-009088,2025-03-20T23:38:00,Sweden,Drama,Laptop,Premium,120,40.9,34.1,3
WATCH-009089,2025-12-10T23:50:00,France,Animation,Laptop,Premium,30,27.1,90.3,1
WATCH-009090,2025-02-07T08:48:00,Sweden,Thriller,Tablet,Basic,120,86.5,72.1,1
WATCH-009091,2025-05-05T12:55:00,France,Science fiction,Phone,Standard,30,12.0,40.0,3
WATCH-009092,2025-11-09T07:12:00,Netherlands,Drama,TV,Premium,120,38.2,31.8,4
WATCH-009093,2025-09-03T19:12:00,Spain,Documentary,Tablet,Standard,45,18.4,40.9,5
WATCH-009094,2025-09-17T22:56:00,Italy,Animation,Tablet,Standard,120,110.7,92.2,1
WATCH-009095,2025-01-07T16:18:00,France,Science fiction,Tablet,Premium,90,83.4,92.7,3
WATCH-009096,2025-03-23T09:40:00,Sweden,Science fiction,Tablet,Standard,22,1.8,8.2,5
WATCH-009097,2025-10-15T16:43:00,Spain,Animation,Laptop,Premium,45,41.6,92.4,1
WATCH-009098,2025-07-30T21:56:00,Spain,Comedy,Laptop,Premium,45,11.9,26.4,2
WATCH-009099,2025-09-04T22:33:00,Netherlands,Documentary,TV,Basic,30,19.9,66.3,1
WATCH-009100,2025-11-27T16:07:00,France,Documentary,TV,Standard,30,19.4,64.7,1
WATCH-009101,2025-11-18T21:02:00,France,Comedy,Tablet,Basic,120,38.6,32.2,2
WATCH-009102,2025-06-08T09:12:00,France,Thriller,Tablet,Basic,120,78.2,65.2,2
WATCH-009103,2025-10-18T16:48:00,Sweden,Drama,Phone,Premium,45,14.1,,4
WATCH-009104,2025-04-01T17:22:00,Sweden,Comedy,Laptop,Standard,30,7.4,24.7,1
WATCH-009105,2025-09-25T17:12:00,France,Science fiction,Tablet,Standard,120,11.5,9.6,1
WATCH-009106,2025-03-14T16:07:00,Spain,Science fiction,Phone,Premium,45,24.0,53.3,1
WATCH-009107,2025-07-16T12:47:00,Sweden,Science fiction,Phone,Premium,30,19.6,65.3,5
WATCH-009108,2025-08-07T13:47:00,Italy,Comedy,Tablet,Basic,120,62.7,52.3,4
WATCH-009109,2025-11-26T12:12:00,Spain,Comedy,Phone,Premium,90,67.0,74.4,5
WATCH-009110,2025-12-31T04:56:00,Italy,Drama,Tablet,Standard,30,16.8,56.0,2
WATCH-009111,2025-09-24T11:28:00,Spain,Drama,Tablet,Premium,120,25.1,20.9,1
WATCH-009112,2025-01-27T04:18:00,Spain,Science fiction,TV,Standard,90,54.3,60.3,2
WATCH-009113,2025-09-23T21:02:00,Sweden,Comedy,TV,Basic,45,34.0,75.6,2
WATCH-009114,2025-01-11T19:40:00,France,Documentary,Phone,Premium,120,78.7,65.6,5
WATCH-009115,2025-11-12T03:59:00,Netherlands,Animation,Laptop,Basic,60,43.3,72.2,5
WATCH-009116,2025-07-12T11:27:00,Sweden,Comedy,TV,Basic,30,29.8,99.3,2
WATCH-009117,2025-06-20T19:18:00,Italy,Animation,Tablet,Premium,60,44.4,74.0,5
WATCH-009118,2025-02-20T23:06:00,Italy,Animation,Tablet,Standard,120,113.4,94.5,3
WATCH-009119,2025-10-21T04:28:00,France,Comedy,Laptop,Basic,60,7.7,12.8,4
WATCH-009120,2025-10-02T20:42:00,France,Documentary,Phone,Basic,30,6.9,23.0,2
WATCH-009121,2025-04-02T06:58:00,Germany,Thriller,Phone,Premium,120,52.4,43.7,4
WATCH-009122,2025-10-08T22:40:00,Sweden,Animation,TV,Standard,30,25.2,84.0,4
WATCH-009123,2025-02-13T09:33:00,Netherlands,Thriller,Laptop,Standard,30,25.2,84.0,4
WATCH-009124,2025-03-01T11:40:00,Germany,Drama,TV,Premium,45,17.2,38.2,2
WATCH-009125,2025-04-20T19:34:00,Italy,Thriller,Tablet,Basic,22,17.2,78.2,2
WATCH-009126,2025-06-21T03:42:00,Germany,Thriller,TV,Premium,90,31.4,34.9,3
WATCH-009127,2025-10-02T12:05:00,Netherlands,Animation,Phone,Standard,120,111.6,93.0,3
WATCH-009128,2025-09-18T00:39:00,Netherlands,Documentary,Laptop,Standard,60,4.3,7.2,1
WATCH-009129,2025-09-26T00:26:00,Germany,Thriller,Laptop,Basic,90,89.6,99.6,4
WATCH-009130,2025-11-29T04:36:00,Germany,Science fiction,Tablet,Standard,45,10.7,23.8,4
WATCH-009131,2025-03-10T07:00:00,Netherlands,Documentary,,Basic,22,18.8,85.5,3
WATCH-009132,2025-07-31T04:12:00,Italy,Drama,Tablet,Standard,30,20.8,69.3,1
WATCH-009133,2025-08-25T05:09:00,Spain,Animation,Tablet,Standard,22,17.5,79.5,4
WATCH-009134,2025-12-21T03:36:00,Sweden,Thriller,TV,Premium,30,4.9,16.3,2
WATCH-009135,2025-07-26T17:37:00,Netherlands,Documentary,Phone,Basic,22,11.9,54.1,2
WATCH-009136,2025-05-31T00:21:00,Sweden,Comedy,TV,Premium,30,16.1,53.7,5
WATCH-009137,2025-06-01T13:56:00,Spain,Thriller,Phone,Basic,90,31.9,35.4,4
WATCH-009138,2025-08-28T06:21:00,France,Science fiction,Tablet,Basic,30,9.5,31.7,5
WATCH-009139,2025-12-14T15:42:00,Netherlands,Drama,TV,Standard,30,11.7,39.0,3
WATCH-009140,2025-09-30T06:01:00,Germany,Drama,Tablet,Basic,30,21.4,,1
WATCH-009141,2025-08-04T14:41:00,France,Science fiction,Phone,Premium,90,77.7,86.3,3
WATCH-009142,2025-06-12T10:41:00,France,Drama,TV,Premium,45,23.6,52.4,3
WATCH-009143,2025-06-05T15:17:00,Italy,Drama,Laptop,Standard,30,3.3,11.0,1
WATCH-009144,2025-12-27T10:00:00,Germany,Thriller,Phone,Standard,60,26.2,43.7,1
WATCH-009145,2025-05-26T23:37:00,France,Science fiction,Laptop,Premium,30,10.6,35.3,4
WATCH-009146,2025-07-24T09:05:00,Germany,Comedy,TV,Premium,45,6.5,14.4,2
WATCH-009147,2025-01-26T16:46:00,Netherlands,Thriller,Tablet,Premium,45,22.2,49.3,5
WATCH-009148,2025-11-23T19:39:00,Germany,Animation,Tablet,Standard,60,18.7,31.2,1
WATCH-009149,2025-09-19T06:10:00,Italy,Animation,Laptop,Basic,60,22.6,37.7,5
WATCH-009150,2025-11-18T02:59:00,Spain,Thriller,Tablet,Basic,90,21.6,24.0,1
WATCH-009151,2025-06-05T04:25:00,Italy,Animation,TV,Premium,90,83.2,92.4,3
WATCH-009152,2025-10-28T07:58:00,Germany,Drama,Phone,Standard,60,51.4,85.7,3
WATCH-009153,2025-01-02T20:44:00,Netherlands,Science fiction,Tablet,Basic,45,18.2,40.4,2
WATCH-009154,2025-02-09T13:55:00,France,Comedy,TV,Premium,60,43.6,72.7,3
WATCH-009155,2025-02-25T04:44:00,France,Comedy,TV,Standard,22,4.9,22.3,1
WATCH-009156,2025-10-16T16:06:00,Germany,Comedy,Tablet,Standard,22,1.4,6.4,1
WATCH-009157,2025-01-03T01:34:00,France,Documentary,Laptop,Basic,30,25.8,86.0,3
WATCH-009158,2025-05-23T16:46:00,France,Animation,TV,Premium,30,6.4,21.3,3
WATCH-009159,2025-05-03T23:40:00,France,Documentary,TV,Standard,45,37.0,82.2,5
WATCH-009160,2025-05-03T15:05:00,Spain,Science fiction,Tablet,Basic,22,3.1,14.1,1
WATCH-009161,2025-08-19T22:01:00,Italy,Documentary,TV,Standard,45,29.8,66.2,4
WATCH-009162,2025-09-01T22:24:00,France,Documentary,Laptop,Basic,45,40.9,90.9,4
WATCH-009163,2025-10-24T12:15:00,France,Science fiction,TV,Basic,120,91.9,76.6,1
WATCH-009164,2025-01-16T10:17:00,Netherlands,Comedy,Phone,Basic,45,8.6,19.1,3
WATCH-009165,2025-07-28T07:24:00,France,Thriller,Laptop,Standard,90,37.0,41.1,2
WATCH-009166,2025-03-18T15:19:00,Italy,Science fiction,Phone,Premium,45,31.1,69.1,2
WATCH-009167,2025-09-21T08:22:00,Italy,Drama,Tablet,Basic,22,1.6,7.3,1
WATCH-009168,2025-08-03T20:25:00,Germany,Thriller,Tablet,Standard,90,88.7,98.6,5
WATCH-009169,2025-09-15T04:27:00,France,Documentary,Phone,Standard,90,33.6,37.3,1
WATCH-009170,2025-12-31T17:37:00,Netherlands,Documentary,Tablet,Basic,45,5.6,12.4,3
WATCH-009171,2025-10-10T00:21:00,Spain,Drama,Laptop,Premium,60,27.2,45.3,2
WATCH-009172,2025-12-03T12:27:00,Netherlands,Science fiction,Laptop,Basic,120,56.5,47.1,5
WATCH-009173,2025-05-10T12:34:00,France,Documentary,Laptop,Basic,30,11.7,39.0,5
WATCH-009174,2025-11-19T19:30:00,Netherlands,Comedy,Laptop,Premium,120,67.6,56.3,3
WATCH-009175,2025-04-25T04:56:00,Sweden,Documentary,TV,Basic,90,13.0,14.4,2
WATCH-009176,2025-04-17T02:48:00,Netherlands,Animation,Tablet,Basic,120,58.8,49.0,4
WATCH-009177,2025-04-21T01:09:00,Netherlands,Documentary,Tablet,Standard,60,52.6,,2
WATCH-009178,2025-03-26T05:16:00,Spain,Animation,TV,Basic,120,72.1,60.1,4
WATCH-009179,2025-11-19T00:35:00,France,Thriller,TV,Premium,120,28.5,23.8,2
WATCH-009180,2025-12-14T10:16:00,Sweden,Animation,TV,Premium,30,24.2,80.7,2
WATCH-009181,2025-05-16T19:22:00,Sweden,Documentary,Phone,Standard,22,12.1,55.0,1
WATCH-009182,2025-09-30T16:19:00,Germany,Comedy,Tablet,Premium,30,14.3,47.7,1
WATCH-009183,2025-08-28T11:42:00,Sweden,Drama,Tablet,Standard,120,97.2,81.0,4
WATCH-009184,2025-09-19T19:52:00,Netherlands,Documentary,Phone,Basic,60,39.8,66.3,1
WATCH-009185,2025-05-23T15:40:00,Sweden,Comedy,Tablet,Basic,45,20.2,44.9,4
WATCH-009186,2025-04-09T16:03:00,Netherlands,Drama,Laptop,Premium,30,26.3,87.7,1
WATCH-009187,2025-08-05T14:38:00,Sweden,Drama,Phone,Premium,90,62.3,69.2,1
WATCH-009188,2025-09-30T13:38:00,Italy,Comedy,Tablet,Standard,60,20.3,33.8,4
WATCH-009189,2025-04-17T18:21:00,Italy,Drama,Laptop,Standard,120,98.6,82.2,2
WATCH-009190,2025-01-30T18:23:00,Sweden,Animation,TV,Premium,120,45.4,37.8,1
WATCH-009191,2025-09-21T14:00:00,Italy,Drama,Phone,Premium,22,6.1,27.7,2
WATCH-009192,2025-11-11T08:56:00,Sweden,Science fiction,Laptop,Basic,120,85.7,71.4,5
WATCH-009193,2025-05-28T01:03:00,Italy,Drama,TV,Basic,90,27.2,30.2,3
WATCH-009194,2025-12-23T12:31:00,Italy,Animation,Phone,Basic,120,25.3,21.1,3
WATCH-009195,2025-03-12T18:46:00,Sweden,Animation,TV,Basic,120,82.7,68.9,4
WATCH-009196,2025-08-11T09:36:00,Sweden,Thriller,Phone,Premium,90,82.7,91.9,4
WATCH-009197,2025-10-29T08:58:00,France,Science fiction,Tablet,Standard,60,10.6,17.7,5
WATCH-009198,2025-12-17T20:33:00,Germany,Animation,TV,Premium,120,74.0,61.7,4
WATCH-009199,2025-05-18T07:12:00,Netherlands,Science fiction,TV,Basic,60,29.2,48.7,2
WATCH-009200,2025-02-28T05:05:00,Spain,Thriller,TV,Standard,30,9.2,30.7,4
WATCH-009201,2025-12-29T21:18:00,Italy,Animation,Tablet,Basic,45,9.2,20.4,2
WATCH-009202,2025-09-19T05:40:00,Italy,Thriller,Tablet,Standard,60,40.2,67.0,2
WATCH-009203,2025-02-16T22:39:00,Germany,Comedy,TV,Standard,90,28.9,32.1,3
WATCH-009204,2025-05-17T08:07:00,France,Drama,Laptop,Premium,60,25.3,42.2,2
WATCH-009205,2025-08-11T18:18:00,Spain,Animation,Laptop,Basic,90,29.7,33.0,3
WATCH-009206,2025-04-16T17:03:00,Netherlands,Comedy,Tablet,Premium,30,11.3,37.7,1
WATCH-009207,2025-01-22T19:34:00,Sweden,Comedy,TV,Premium,60,31.0,51.7,1
WATCH-009208,2025-03-06T18:14:00,Spain,Animation,Tablet,Premium,120,96.6,80.5,3
WATCH-009209,2025-10-10T16:47:00,Germany,Animation,Laptop,Standard,60,4.4,7.3,2
WATCH-009210,2025-01-22T01:53:00,France,Drama,Phone,Standard,22,10.5,47.7,3
WATCH-009211,2025-01-12T16:22:00,Italy,Documentary,TV,Standard,90,26.7,29.7,4
WATCH-009212,2025-12-07T23:34:00,Sweden,Documentary,Tablet,Standard,30,5.5,18.3,4
WATCH-009213,2025-01-30T11:01:00,Germany,Thriller,Laptop,Premium,22,11.1,50.5,1
WATCH-009214,2025-01-27T03:01:00,Germany,Comedy,,Basic,45,2.8,,5
WATCH-009215,2025-02-18T06:36:00,France,Comedy,TV,Standard,22,11.7,53.2,3
WATCH-009216,2025-07-18T05:39:00,Germany,Drama,Tablet,Premium,45,30.7,68.2,5
WATCH-009217,2025-03-09T17:34:00,France,Drama,Tablet,Basic,90,32.0,35.6,3
WATCH-009218,2025-02-14T04:03:00,Italy,Thriller,TV,Premium,60,7.0,11.7,1
WATCH-009219,2025-10-10T01:32:00,Netherlands,Documentary,TV,Basic,120,102.2,85.2,2
WATCH-009220,2025-02-09T20:27:00,Germany,Thriller,Laptop,Standard,120,76.8,64.0,1
WATCH-009221,2025-12-20T11:03:00,Netherlands,Comedy,TV,Standard,120,73.9,61.6,5
WATCH-009222,2025-04-22T14:16:00,Netherlands,Drama,Phone,Basic,22,18.0,81.8,2
WATCH-009223,2025-05-07T22:01:00,Netherlands,Drama,Phone,Standard,30,25.8,86.0,3
WATCH-009224,2025-03-30T03:58:00,Italy,Animation,Phone,Premium,22,8.7,39.5,5
WATCH-009225,2025-10-27T19:31:00,Italy,Science fiction,TV,Standard,30,17.1,57.0,3
WATCH-009226,2025-01-08T21:48:00,Germany,Thriller,TV,Standard,60,34.4,57.3,2
WATCH-009227,2025-10-13T16:28:00,Germany,Science fiction,Tablet,Basic,90,45.8,50.9,3
WATCH-009228,2025-07-03T21:56:00,France,Drama,TV,Standard,45,20.2,44.9,5
WATCH-009229,2025-01-08T19:15:00,Netherlands,Animation,Laptop,Basic,120,42.7,35.6,3
WATCH-009230,2025-12-20T10:57:00,Germany,Thriller,TV,Basic,45,39.3,87.3,3
WATCH-009231,2025-09-15T17:08:00,Sweden,Animation,Tablet,Premium,22,3.2,14.5,3
WATCH-009232,2025-08-22T02:58:00,Netherlands,Comedy,Tablet,Standard,30,17.7,59.0,5
WATCH-009233,2025-04-13T17:24:00,Germany,Documentary,Tablet,Premium,60,27.1,45.2,3
WATCH-009234,2025-06-09T02:40:00,Spain,Animation,Laptop,Premium,22,6.4,29.1,3
WATCH-009235,2025-07-20T21:13:00,Spain,Documentary,Tablet,Premium,45,11.9,26.4,5
WATCH-009236,2025-05-20T03:34:00,Germany,Thriller,Tablet,Basic,30,22.9,76.3,2
WATCH-009237,2025-02-21T18:42:00,Italy,Comedy,Tablet,Standard,90,38.5,42.8,5
WATCH-009238,2025-07-31T11:16:00,Netherlands,Documentary,TV,Basic,90,80.9,89.9,2
WATCH-009239,2025-07-05T08:27:00,France,Thriller,Phone,Basic,22,4.9,22.3,1
WATCH-009240,2025-12-09T02:35:00,Germany,Science fiction,TV,Premium,90,87.7,97.4,2
WATCH-009241,2025-08-20T21:26:00,Spain,Animation,Tablet,Standard,60,5.0,8.3,3
WATCH-009242,2025-08-16T22:16:00,Netherlands,Animation,TV,Basic,30,27.4,91.3,1
WATCH-009243,2025-04-11T18:00:00,Italy,Thriller,Phone,Standard,45,15.1,33.6,4
WATCH-009244,2025-02-14T18:21:00,Italy,Drama,TV,Basic,90,13.1,14.6,1
WATCH-009245,2025-11-27T18:54:00,France,Animation,Tablet,Premium,120,40.9,34.1,1
WATCH-009246,2025-11-15T23:42:00,Netherlands,Drama,Phone,Premium,22,2.3,10.5,1
WATCH-009247,2025-01-13T17:11:00,Netherlands,Comedy,Laptop,Premium,30,13.4,44.7,4
WATCH-009248,2025-08-11T15:41:00,Germany,Animation,Phone,Premium,45,23.9,53.1,3
WATCH-009249,2025-11-09T10:23:00,Spain,Comedy,Phone,Standard,60,16.9,28.2,2
WATCH-009250,2025-03-24T15:55:00,Germany,Comedy,Tablet,Premium,30,11.3,37.7,3
WATCH-009251,2025-12-21T22:10:00,Sweden,Animation,Laptop,Standard,120,21.1,,3
WATCH-009252,2025-10-08T19:06:00,Netherlands,Animation,Tablet,Basic,30,21.2,70.7,3
WATCH-009253,2025-09-02T12:44:00,Sweden,Comedy,Laptop,Premium,90,74.8,83.1,3
WATCH-009254,2025-03-26T16:46:00,France,Comedy,Laptop,Standard,90,55.5,61.7,2
WATCH-009255,2025-09-22T07:48:00,Netherlands,Comedy,Tablet,Basic,60,47.7,79.5,5
WATCH-009256,2025-09-22T12:39:00,Spain,Thriller,Laptop,Standard,30,6.1,20.3,4
WATCH-009257,2025-08-05T22:54:00,Spain,Animation,Tablet,Premium,30,6.3,21.0,4
WATCH-009258,2025-04-07T10:49:00,France,Animation,Phone,Standard,90,63.0,70.0,4
WATCH-009259,2025-05-04T10:37:00,Italy,Thriller,Laptop,Premium,60,14.7,24.5,2
WATCH-009260,2025-10-10T10:20:00,France,Comedy,Phone,Standard,90,61.9,68.8,5
WATCH-009261,2025-01-26T00:43:00,Netherlands,Animation,Phone,Premium,60,26.8,44.7,3
WATCH-009262,2025-06-03T13:21:00,Italy,Animation,Laptop,Premium,22,14.2,64.5,4
WATCH-009263,2025-01-17T03:48:00,Netherlands,Science fiction,Phone,Premium,90,18.9,21.0,3
WATCH-009264,2025-01-05T06:44:00,France,Documentary,TV,Standard,60,26.9,44.8,4
WATCH-009265,2025-05-09T20:43:00,Spain,Comedy,Tablet,Premium,22,5.5,25.0,3
WATCH-009266,2025-07-28T20:22:00,Spain,Comedy,Tablet,Standard,120,72.6,60.5,4
WATCH-009267,2025-02-17T21:54:00,Spain,Science fiction,Phone,Basic,45,23.0,51.1,3
WATCH-009268,2025-03-13T15:49:00,Germany,Drama,Phone,Standard,45,37.0,82.2,3
WATCH-009269,2025-07-14T04:55:00,Sweden,Thriller,Laptop,Basic,22,13.7,62.3,5
WATCH-009270,2025-10-24T08:27:00,Spain,Drama,Phone,Basic,30,10.4,34.7,3
WATCH-009271,2025-08-17T00:10:00,Netherlands,Comedy,Phone,Premium,45,42.8,95.1,1
WATCH-009272,2025-08-02T18:28:00,Germany,Comedy,Laptop,Standard,120,30.9,25.8,1
WATCH-009273,2025-09-24T18:24:00,Italy,Comedy,Tablet,Premium,120,117.5,97.9,5
WATCH-009274,2025-06-14T14:56:00,France,Comedy,Phone,Basic,60,51.8,86.3,3
WATCH-009275,2025-08-01T01:37:00,Italy,Drama,TV,Basic,90,20.3,22.6,5
WATCH-009276,2025-06-26T03:44:00,Sweden,Science fiction,Laptop,Premium,60,60.0,100.0,4
WATCH-009277,2025-02-17T14:28:00,Spain,Comedy,Tablet,Basic,120,45.4,37.8,5
WATCH-009278,2025-09-12T04:16:00,Spain,Comedy,Laptop,Premium,22,7.3,33.2,4
WATCH-009279,2025-12-22T05:25:00,Germany,Comedy,Laptop,Basic,120,77.1,64.2,2
WATCH-009280,2025-10-30T13:15:00,Netherlands,Animation,TV,Premium,90,15.2,16.9,4
WATCH-009281,2025-06-10T12:58:00,France,Science fiction,Tablet,Standard,120,64.5,53.8,5
WATCH-009282,2025-04-15T19:28:00,Italy,Animation,Laptop,Premium,30,13.5,45.0,2
WATCH-009283,2025-07-18T12:28:00,France,Animation,Laptop,Basic,30,17.4,58.0,2
WATCH-009284,2025-08-25T18:07:00,Sweden,Animation,Laptop,Basic,60,40.9,68.2,5
WATCH-009285,2025-02-19T12:04:00,Spain,Comedy,Laptop,Standard,30,5.4,18.0,1
WATCH-009286,2025-01-25T17:32:00,Spain,Science fiction,TV,Standard,60,14.1,23.5,3
WATCH-009287,2025-01-30T17:50:00,Germany,Drama,TV,Standard,90,8.0,8.9,2
WATCH-009288,2025-11-02T19:40:00,Germany,Documentary,Laptop,Premium,60,58.4,,1
WATCH-009289,2025-03-01T04:24:00,Italy,Documentary,Laptop,Premium,30,24.7,82.3,1
WATCH-009290,2025-01-25T01:40:00,Spain,Thriller,TV,Premium,60,20.2,33.7,3
WATCH-009291,2025-09-23T10:05:00,Netherlands,Science fiction,Tablet,Basic,90,80.3,89.2,3
WATCH-009292,2025-02-09T06:23:00,Italy,Comedy,Laptop,Basic,90,53.0,58.9,3
WATCH-009293,2025-03-24T17:37:00,Sweden,Animation,TV,Standard,45,24.8,55.1,2
WATCH-009294,2025-08-20T08:48:00,Netherlands,Animation,Laptop,Basic,60,3.7,6.2,3
WATCH-009295,2025-11-30T15:32:00,Sweden,Animation,Tablet,Premium,90,52.3,58.1,4
WATCH-009296,2025-08-12T01:16:00,France,Comedy,Phone,Standard,120,58.5,48.8,3
WATCH-009297,2025-12-31T16:38:00,Italy,Drama,,Premium,45,11.8,26.2,3
WATCH-009298,2025-02-08T06:43:00,Sweden,Science fiction,Phone,Basic,60,25.4,42.3,4
WATCH-009299,2025-10-07T16:20:00,Netherlands,Drama,Phone,Basic,30,2.4,8.0,3
WATCH-009300,2025-02-03T11:14:00,Netherlands,Science fiction,Laptop,Premium,90,80.1,89.0,5
WATCH-009301,2025-12-26T05:53:00,Netherlands,Documentary,Tablet,Standard,45,39.6,88.0,3
WATCH-009302,2025-12-18T18:08:00,France,Documentary,Tablet,Basic,120,10.9,9.1,3
WATCH-009303,2025-12-29T18:01:00,Germany,Science fiction,Phone,Premium,22,17.9,81.4,4
WATCH-009304,2025-10-22T20:15:00,France,Comedy,Phone,Premium,60,44.3,73.8,1
WATCH-009305,2025-09-24T17:38:00,Sweden,Drama,Phone,Premium,120,86.3,71.9,4
WATCH-009306,2025-06-14T20:05:00,Germany,Science fiction,Laptop,Standard,90,40.9,45.4,4
WATCH-009307,2025-12-04T16:15:00,Sweden,Thriller,Laptop,Premium,45,21.7,48.2,4
WATCH-009308,2025-12-09T05:49:00,Netherlands,Thriller,Laptop,Basic,60,22.8,38.0,4
WATCH-009309,2025-08-30T04:33:00,Netherlands,Science fiction,TV,Standard,30,23.3,77.7,5
WATCH-009310,2025-07-19T21:34:00,Germany,Thriller,Laptop,Premium,120,91.4,76.2,5
WATCH-009311,2025-05-15T09:22:00,Germany,Animation,Phone,Basic,60,42.1,70.2,4
WATCH-009312,2025-07-12T13:48:00,France,Animation,Laptop,Premium,45,26.7,59.3,4
WATCH-009313,2025-11-07T19:19:00,Spain,Animation,Laptop,Basic,45,13.2,29.3,1
WATCH-009314,2025-01-26T20:37:00,Netherlands,Science fiction,Phone,Standard,22,2.4,10.9,5
WATCH-009315,2025-01-14T10:15:00,Italy,Thriller,Laptop,Basic,30,23.0,76.7,5
WATCH-009316,2025-10-15T08:59:00,Netherlands,Thriller,TV,Basic,22,19.1,86.8,4
WATCH-009317,2025-03-28T17:30:00,Spain,Animation,Tablet,Premium,45,27.5,61.1,3
WATCH-009318,2025-08-28T21:51:00,Italy,Comedy,TV,Basic,30,6.5,21.7,2
WATCH-009319,2025-08-06T06:04:00,Italy,Science fiction,TV,Premium,30,2.8,9.3,1
WATCH-009320,2025-12-11T03:01:00,Netherlands,Documentary,Tablet,Premium,45,27.2,60.4,1
WATCH-009321,2025-04-26T18:52:00,Netherlands,Comedy,Phone,Standard,45,5.1,11.3,2
WATCH-009322,2025-03-16T09:08:00,Sweden,Comedy,Phone,Standard,30,4.6,15.3,3
WATCH-009323,2025-05-27T00:38:00,Spain,Documentary,Tablet,Basic,22,3.6,16.4,5
WATCH-009324,2025-02-08T20:15:00,Sweden,Comedy,Phone,Premium,22,13.2,60.0,1
WATCH-009325,2025-02-26T20:06:00,Italy,Science fiction,Phone,Standard,60,32.2,,1
WATCH-009326,2025-08-16T03:02:00,Spain,Thriller,Tablet,Basic,30,25.2,84.0,5
WATCH-009327,2025-03-18T23:03:00,Sweden,Comedy,Laptop,Standard,30,5.5,18.3,2
WATCH-009328,2025-11-24T07:29:00,Sweden,Science fiction,TV,Standard,45,44.6,99.1,5
WATCH-009329,2025-10-26T12:30:00,Germany,Science fiction,Phone,Standard,45,5.4,12.0,4
WATCH-009330,2025-02-15T12:45:00,Germany,Science fiction,TV,Basic,90,14.8,16.4,1
WATCH-009331,2025-06-02T12:27:00,France,Thriller,Tablet,Standard,90,18.4,20.4,3
WATCH-009332,2025-07-04T23:15:00,Spain,Comedy,Phone,Standard,60,23.2,38.7,3
WATCH-009333,2025-09-11T03:07:00,France,Documentary,Laptop,Standard,22,7.7,35.0,4
WATCH-009334,2025-05-28T22:02:00,Netherlands,Animation,Tablet,Premium,60,31.5,52.5,3
WATCH-009335,2025-08-18T08:29:00,Spain,Thriller,Laptop,Premium,22,10.7,48.6,3
WATCH-009336,2025-01-25T21:53:00,Italy,Documentary,Tablet,Premium,22,11.0,50.0,5
WATCH-009337,2025-04-09T14:58:00,Sweden,Science fiction,TV,Premium,120,30.9,25.8,5
WATCH-009338,2025-03-08T14:40:00,Germany,Drama,Tablet,Premium,60,35.3,58.8,3
WATCH-009339,2025-11-11T07:12:00,Sweden,Thriller,Laptop,Premium,120,106.4,88.7,2
WATCH-009340,2025-01-23T01:57:00,Sweden,Animation,Laptop,Standard,60,8.5,14.2,1
WATCH-009341,2025-02-28T08:24:00,Netherlands,Animation,Phone,Standard,22,4.5,20.5,3
WATCH-009342,2025-03-23T19:36:00,Sweden,Animation,TV,Premium,60,50.3,83.8,5
WATCH-009343,2025-05-25T11:27:00,France,Animation,TV,Standard,30,29.5,98.3,1
WATCH-009344,2025-10-02T10:37:00,Italy,Science fiction,TV,Standard,30,16.1,53.7,1
WATCH-009345,2025-06-11T22:55:00,Germany,Documentary,Phone,Premium,60,43.9,73.2,1
WATCH-009346,2025-07-03T14:02:00,Netherlands,Animation,Laptop,Standard,90,44.9,49.9,4
WATCH-009347,2025-03-24T23:49:00,Spain,Animation,Laptop,Basic,60,4.0,6.7,4
WATCH-009348,2025-06-02T18:59:00,Italy,Science fiction,Phone,Basic,90,22.6,25.1,4
WATCH-009349,2025-11-27T00:57:00,Italy,Science fiction,Laptop,Premium,120,90.5,75.4,2
WATCH-009350,2025-05-15T04:15:00,Germany,Documentary,Phone,Premium,60,54.4,90.7,5
WATCH-009351,2025-04-06T01:22:00,Netherlands,Drama,Phone,Premium,60,40.9,68.2,5
WATCH-009352,2025-03-06T08:02:00,Germany,Documentary,Tablet,Premium,22,3.1,14.1,4
WATCH-009353,2025-12-01T07:54:00,Netherlands,Animation,Tablet,Standard,120,8.8,7.3,5
WATCH-009354,2025-06-21T09:47:00,Germany,Comedy,Laptop,Premium,60,22.2,37.0,1
WATCH-009355,2025-12-26T19:58:00,France,Science fiction,Tablet,Basic,45,8.3,18.4,5
WATCH-009356,2025-09-16T13:38:00,Netherlands,Animation,Laptop,Premium,120,29.7,24.8,1
WATCH-009357,2025-07-28T03:17:00,Netherlands,Comedy,Phone,Basic,90,89.5,99.4,5
WATCH-009358,2025-11-22T05:56:00,Netherlands,Thriller,Tablet,Standard,60,31.8,53.0,1
WATCH-009359,2025-11-26T13:52:00,Germany,Thriller,Tablet,Basic,30,16.3,54.3,4
WATCH-009360,2025-06-10T06:44:00,France,Drama,Tablet,Standard,90,35.4,39.3,2
WATCH-009361,2025-05-28T16:07:00,France,Science fiction,Tablet,Basic,22,3.1,14.1,2
WATCH-009362,2025-03-20T02:13:00,Netherlands,Comedy,Tablet,Premium,120,53.5,,3
WATCH-009363,2025-10-12T09:12:00,Germany,Animation,Tablet,Basic,30,17.9,59.7,5
WATCH-009364,2025-07-13T16:34:00,Italy,Documentary,Phone,Premium,22,6.5,29.5,4
WATCH-009365,2025-04-16T23:06:00,Spain,Drama,TV,Standard,22,2.2,10.0,1
WATCH-009366,2025-08-09T00:13:00,Spain,Documentary,Laptop,Premium,120,8.0,6.7,5
WATCH-009367,2025-04-08T14:58:00,Netherlands,Comedy,Laptop,Premium,45,7.3,16.2,5
WATCH-009368,2025-09-07T06:40:00,Sweden,Documentary,Phone,Standard,22,18.0,81.8,2
WATCH-009369,2025-12-14T00:30:00,Spain,Drama,TV,Basic,45,22.5,50.0,4
WATCH-009370,2025-01-22T22:14:00,Italy,Science fiction,TV,Basic,45,5.4,12.0,2
WATCH-009371,2025-03-11T19:26:00,France,Science fiction,Laptop,Premium,30,18.4,61.3,2
WATCH-009372,2025-03-18T03:43:00,Spain,Animation,Phone,Basic,30,29.4,98.0,5
WATCH-009373,2025-09-21T22:43:00,Netherlands,Thriller,Tablet,Basic,90,85.8,95.3,3
WATCH-009374,2025-01-01T13:05:00,Germany,Comedy,Phone,Standard,45,18.6,41.3,5
WATCH-009375,2025-01-29T09:41:00,Italy,Thriller,TV,Standard,22,18.9,85.9,4
WATCH-009376,2025-09-30T18:57:00,Germany,Thriller,Phone,Standard,60,44.3,73.8,5
WATCH-009377,2025-11-08T04:58:00,Spain,Science fiction,Laptop,Premium,90,44.2,49.1,1
WATCH-009378,2025-05-23T23:43:00,Netherlands,Thriller,Tablet,Premium,30,19.4,64.7,5
WATCH-009379,2025-02-20T04:05:00,Spain,Documentary,Phone,Premium,120,31.2,26.0,1
WATCH-009380,2025-07-05T02:11:00,Germany,Animation,,Standard,30,9.9,33.0,4
WATCH-009381,2025-08-24T19:19:00,Italy,Science fiction,Phone,Premium,120,59.2,49.3,4
WATCH-009382,2025-09-22T20:44:00,Netherlands,Thriller,Phone,Basic,30,17.0,56.7,3
WATCH-009383,2025-04-23T13:27:00,Italy,Drama,Phone,Basic,30,6.5,21.7,2
WATCH-009384,2025-06-06T14:50:00,Sweden,Drama,Tablet,Premium,30,27.1,90.3,5
WATCH-009385,2025-08-27T20:54:00,Sweden,Thriller,Laptop,Standard,120,117.0,97.5,5
WATCH-009386,2025-05-25T03:30:00,Italy,Science fiction,Tablet,Premium,30,9.8,32.7,5
WATCH-009387,2025-05-16T04:15:00,Sweden,Thriller,TV,Premium,120,27.3,22.8,3
WATCH-009388,2025-10-29T03:34:00,Netherlands,Drama,Phone,Premium,30,23.8,79.3,3
WATCH-009389,2025-03-10T02:22:00,Italy,Science fiction,Tablet,Premium,90,25.4,28.2,4
WATCH-009390,2025-06-10T20:07:00,France,Science fiction,Tablet,Basic,120,63.6,53.0,2
WATCH-009391,2025-07-25T06:56:00,Spain,Animation,Phone,Basic,22,15.9,72.3,2
WATCH-009392,2025-06-24T17:59:00,France,Comedy,Tablet,Standard,22,20.7,94.1,2
WATCH-009393,2025-05-04T05:17:00,Sweden,Animation,Tablet,Standard,120,16.8,14.0,4
WATCH-009394,2025-09-08T09:40:00,Sweden,Documentary,Laptop,Premium,45,19.3,42.9,4
WATCH-009395,2025-04-29T04:06:00,Netherlands,Thriller,Laptop,Premium,22,4.0,18.2,4
WATCH-009396,2025-09-28T15:02:00,Sweden,Drama,TV,Standard,22,21.4,97.3,2
WATCH-009397,2025-03-10T11:30:00,Sweden,Documentary,TV,Basic,45,15.9,35.3,1
WATCH-009398,2025-05-07T20:51:00,Spain,Documentary,Laptop,Basic,120,73.2,61.0,5
WATCH-009399,2025-07-26T07:14:00,Italy,Animation,Laptop,Premium,120,22.2,,1
WATCH-009400,2025-12-30T07:12:00,Italy,Animation,Tablet,Premium,45,44.4,98.7,3
WATCH-009401,2025-12-27T13:20:00,Spain,Thriller,TV,Standard,30,16.8,56.0,2
WATCH-009402,2025-08-09T04:33:00,Italy,Drama,TV,Basic,60,49.6,82.7,2
WATCH-009403,2025-02-18T05:38:00,France,Drama,Phone,Basic,45,5.1,11.3,3
WATCH-009404,2025-05-02T17:39:00,Germany,Thriller,Tablet,Standard,30,17.7,59.0,2
WATCH-009405,2025-11-21T17:42:00,Spain,Drama,TV,Premium,90,62.3,69.2,4
WATCH-009406,2025-10-28T13:36:00,Netherlands,Drama,Tablet,Standard,90,41.7,46.3,3
WATCH-009407,2025-05-24T00:20:00,France,Animation,Tablet,Standard,90,74.1,82.3,4
WATCH-009408,2025-11-10T13:43:00,Spain,Science fiction,Tablet,Premium,22,18.9,85.9,1
WATCH-009409,2025-05-13T06:01:00,Sweden,Drama,Tablet,Basic,30,13.9,46.3,5
WATCH-009410,2025-06-22T17:46:00,Sweden,Drama,Laptop,Standard,45,2.9,6.4,3
WATCH-009411,2025-09-07T14:13:00,France,Thriller,Laptop,Standard,30,3.4,11.3,3
WATCH-009412,2025-08-13T20:39:00,Spain,Documentary,Laptop,Premium,120,33.5,27.9,3
WATCH-009413,2025-06-09T16:21:00,Spain,Comedy,Laptop,Basic,22,2.8,12.7,2
WATCH-009414,2025-07-02T17:51:00,Netherlands,Comedy,Tablet,Premium,45,25.2,56.0,1
WATCH-009415,2025-01-17T13:28:00,Germany,Drama,Tablet,Standard,90,12.6,14.0,1
WATCH-009416,2025-01-03T02:03:00,Spain,Comedy,Phone,Standard,90,12.7,14.1,5
WATCH-009417,2025-11-13T12:41:00,Germany,Documentary,Tablet,Premium,90,18.6,20.7,4
WATCH-009418,2025-09-02T21:16:00,Germany,Comedy,Tablet,Basic,22,9.2,41.8,2
WATCH-009419,2025-11-10T00:54:00,Germany,Drama,Laptop,Basic,60,53.4,89.0,5
WATCH-009420,2025-12-09T11:27:00,Germany,Documentary,TV,Standard,90,43.1,47.9,2
WATCH-009421,2025-01-11T07:29:00,Spain,Animation,Phone,Standard,90,21.0,23.3,5
WATCH-009422,2025-03-22T13:27:00,Germany,Drama,Phone,Standard,45,37.2,82.7,4
WATCH-009423,2025-03-13T01:16:00,Spain,Comedy,Tablet,Premium,30,25.7,85.7,5
WATCH-009424,2025-11-17T17:42:00,Germany,Thriller,TV,Standard,22,16.7,75.9,2
WATCH-009425,2025-05-20T00:26:00,France,Thriller,Tablet,Basic,120,31.2,26.0,3
WATCH-009426,2025-05-22T21:17:00,Spain,Comedy,Tablet,Standard,22,11.1,50.5,5
WATCH-009427,2025-01-21T09:24:00,Sweden,Documentary,Laptop,Standard,90,82.7,91.9,1
WATCH-009428,2025-01-28T19:04:00,Germany,Thriller,Tablet,Basic,90,32.3,35.9,5
WATCH-009429,2025-01-01T15:15:00,Spain,Science fiction,Tablet,Premium,120,12.3,10.2,1
WATCH-009430,2025-04-14T22:33:00,France,Thriller,Laptop,Standard,120,119.2,99.3,4
WATCH-009431,2025-02-16T14:27:00,Spain,Drama,TV,Premium,45,18.5,41.1,4
WATCH-009432,2025-10-29T04:29:00,Spain,Thriller,Tablet,Standard,30,4.6,15.3,1
WATCH-009433,2025-06-24T07:44:00,Italy,Science fiction,Tablet,Premium,120,65.3,54.4,4
WATCH-009434,2025-01-19T15:49:00,Netherlands,Drama,Laptop,Basic,60,36.4,60.7,4
WATCH-009435,2025-11-07T23:45:00,Netherlands,Comedy,Laptop,Basic,60,44.6,74.3,5
WATCH-009436,2025-08-10T23:26:00,Germany,Documentary,Laptop,Basic,45,16.0,,4
WATCH-009437,2025-01-25T13:58:00,Netherlands,Science fiction,TV,Standard,120,95.3,79.4,5
WATCH-009438,2025-01-03T03:12:00,France,Thriller,TV,Standard,90,78.4,87.1,3
WATCH-009439,2025-01-02T23:53:00,Italy,Thriller,Phone,Basic,30,2.8,9.3,4
WATCH-009440,2025-10-27T12:04:00,Germany,Comedy,Laptop,Premium,22,7.3,33.2,4
WATCH-009441,2025-06-17T02:03:00,Netherlands,Comedy,Laptop,Premium,60,19.7,32.8,4
WATCH-009442,2025-07-20T19:08:00,Germany,Thriller,TV,Standard,120,14.1,11.8,1
WATCH-009443,2025-04-04T04:06:00,France,Documentary,Tablet,Premium,60,36.4,60.7,4
WATCH-009444,2025-10-06T02:03:00,Germany,Drama,Phone,Premium,60,6.2,10.3,4
WATCH-009445,2025-03-02T08:26:00,Italy,Drama,Tablet,Standard,30,18.4,61.3,5
WATCH-009446,2025-09-20T17:31:00,Netherlands,Science fiction,Laptop,Basic,22,15.0,68.2,1
WATCH-009447,2025-08-30T19:15:00,Sweden,Animation,Tablet,Premium,45,40.0,88.9,1
WATCH-009448,2025-07-31T15:40:00,Sweden,Drama,Laptop,Standard,60,16.9,28.2,1
WATCH-009449,2025-10-14T05:45:00,Italy,Thriller,TV,Basic,90,71.2,79.1,5
WATCH-009450,2025-12-20T00:53:00,Netherlands,Comedy,TV,Premium,22,4.7,21.4,4
WATCH-009451,2025-03-15T17:24:00,Sweden,Documentary,TV,Basic,30,16.0,53.3,2
WATCH-009452,2025-02-14T03:33:00,Sweden,Thriller,Laptop,Basic,30,3.0,10.0,3
WATCH-009453,2025-07-11T13:11:00,Italy,Thriller,Laptop,Premium,22,12.4,56.4,5
WATCH-009454,2025-08-25T00:48:00,France,Thriller,Phone,Standard,45,20.2,44.9,5
WATCH-009455,2025-02-22T08:08:00,Italy,Drama,Phone,Premium,90,69.9,77.7,3
WATCH-009456,2025-04-29T12:48:00,Italy,Thriller,TV,Standard,22,6.3,28.6,4
WATCH-009457,2025-08-18T04:58:00,Netherlands,Drama,Phone,Standard,60,58.6,97.7,1
WATCH-009458,2025-09-23T21:48:00,France,Documentary,Laptop,Premium,30,13.8,46.0,4
WATCH-009459,2025-09-03T04:18:00,Germany,Thriller,TV,Premium,90,49.2,54.7,1
WATCH-009460,2025-09-22T10:40:00,Sweden,Drama,Tablet,Premium,22,6.5,29.5,2
WATCH-009461,2025-04-06T02:15:00,Sweden,Animation,Phone,Standard,45,38.2,84.9,4
WATCH-009462,2025-11-14T00:48:00,Spain,Comedy,Phone,Standard,60,32.9,54.8,1
WATCH-009463,2025-05-17T09:43:00,Sweden,Drama,,Basic,22,8.9,40.5,2
WATCH-009464,2025-08-09T19:21:00,Netherlands,Animation,Phone,Standard,90,55.9,62.1,2
WATCH-009465,2025-03-08T06:49:00,Germany,Comedy,Phone,Premium,45,6.5,14.4,2
WATCH-009466,2025-08-11T15:10:00,Italy,Animation,TV,Basic,22,19.7,89.5,1
WATCH-009467,2025-04-26T10:35:00,Netherlands,Science fiction,Laptop,Standard,22,18.6,84.5,4
WATCH-009468,2025-12-27T10:30:00,France,Animation,Laptop,Standard,60,3.2,5.3,4
WATCH-009469,2025-10-11T21:36:00,Netherlands,Comedy,Tablet,Standard,120,118.8,99.0,1
WATCH-009470,2025-12-26T11:52:00,Italy,Animation,TV,Premium,45,43.9,97.6,4
WATCH-009471,2025-04-29T10:05:00,Italy,Comedy,Tablet,Basic,30,17.1,57.0,4
WATCH-009472,2025-03-19T21:32:00,France,Drama,Tablet,Premium,90,33.6,37.3,3
WATCH-009473,2025-04-10T07:29:00,Spain,Science fiction,Phone,Premium,120,86.5,,3
WATCH-009474,2025-04-07T11:30:00,Spain,Documentary,Tablet,Standard,120,45.1,37.6,4
WATCH-009475,2025-07-14T15:35:00,Netherlands,Drama,Tablet,Standard,90,55.8,62.0,2
WATCH-009476,2025-03-18T22:20:00,Netherlands,Animation,Laptop,Standard,22,4.9,22.3,2
WATCH-009477,2025-05-17T14:38:00,Italy,Comedy,Phone,Basic,120,53.8,44.8,1
WATCH-009478,2025-03-24T12:17:00,Italy,Drama,Tablet,Premium,60,55.0,91.7,5
WATCH-009479,2025-11-07T02:19:00,Spain,Thriller,Tablet,Basic,60,45.2,75.3,2
WATCH-009480,2025-06-01T13:27:00,France,Animation,TV,Standard,90,10.8,12.0,3
WATCH-009481,2025-07-23T17:19:00,Italy,Science fiction,Laptop,Premium,30,13.9,46.3,5
WATCH-009482,2025-04-15T02:05:00,Germany,Comedy,Laptop,Basic,22,14.4,65.5,3
WATCH-009483,2025-11-04T15:58:00,Netherlands,Thriller,Phone,Standard,120,61.9,51.6,3
WATCH-009484,2025-06-26T10:41:00,France,Animation,TV,Standard,45,35.0,77.8,3
WATCH-009485,2025-11-08T16:19:00,Sweden,Animation,TV,Premium,30,20.4,68.0,4
WATCH-009486,2025-10-27T18:29:00,Sweden,Documentary,Tablet,Premium,60,10.7,17.8,3
WATCH-009487,2025-08-17T13:40:00,Germany,Drama,Tablet,Basic,22,9.3,42.3,1
WATCH-009488,2025-06-30T01:55:00,Germany,Science fiction,Tablet,Premium,45,13.6,30.2,4
WATCH-009489,2025-08-22T19:03:00,Netherlands,Comedy,Phone,Premium,120,93.6,78.0,4
WATCH-009490,2025-05-18T10:10:00,France,Thriller,TV,Basic,22,14.7,66.8,2
WATCH-009491,2025-02-25T00:05:00,Italy,Documentary,TV,Standard,60,7.6,12.7,2
WATCH-009492,2025-12-20T04:29:00,Italy,Drama,Phone,Standard,22,9.9,45.0,2
WATCH-009493,2025-01-28T23:33:00,Germany,Thriller,Tablet,Basic,30,15.9,53.0,3
WATCH-009494,2025-04-24T18:44:00,Sweden,Science fiction,Tablet,Premium,45,4.3,9.6,4
WATCH-009495,2025-11-24T17:51:00,Netherlands,Drama,TV,Basic,22,6.9,31.4,4
WATCH-009496,2025-01-04T11:29:00,Spain,Documentary,Laptop,Premium,45,25.8,57.3,5
WATCH-009497,2025-01-02T15:47:00,Germany,Science fiction,TV,Premium,30,4.0,13.3,4
WATCH-009498,2025-09-15T09:46:00,France,Comedy,Laptop,Premium,60,45.0,75.0,5
WATCH-009499,2025-03-09T23:08:00,France,Science fiction,Phone,Standard,120,110.2,91.8,1
WATCH-009500,2025-05-19T03:32:00,Sweden,Comedy,TV,Basic,45,28.4,63.1,2
WATCH-009501,2025-07-15T20:02:00,Netherlands,Documentary,TV,Basic,90,46.7,51.9,1
WATCH-009502,2025-08-01T12:10:00,Italy,Drama,TV,Standard,90,25.0,27.8,3
WATCH-009503,2025-12-02T01:53:00,Italy,Comedy,Laptop,Basic,30,14.9,49.7,4
WATCH-009504,2025-06-10T01:53:00,Germany,Thriller,TV,Basic,120,19.2,16.0,5
WATCH-009505,2025-02-03T20:33:00,Italy,Comedy,Laptop,Premium,30,11.7,39.0,5
WATCH-009506,2025-01-29T15:43:00,Spain,Animation,Phone,Basic,22,7.6,34.5,2
WATCH-009507,2025-12-06T04:16:00,Sweden,Documentary,Phone,Premium,22,7.0,31.8,2
WATCH-009508,2025-08-20T10:07:00,Netherlands,Comedy,Tablet,Basic,60,10.1,16.8,1
WATCH-009509,2025-07-14T02:55:00,France,Comedy,Tablet,Basic,90,11.2,12.4,5
WATCH-009510,2025-05-21T01:37:00,Italy,Animation,Laptop,Basic,60,53.3,,1
WATCH-009511,2025-07-25T17:27:00,France,Animation,Phone,Premium,30,2.6,8.7,3
WATCH-009512,2025-06-05T20:23:00,Sweden,Thriller,Phone,Standard,60,23.1,38.5,4
WATCH-009513,2025-02-25T04:29:00,Netherlands,Drama,TV,Standard,90,40.3,44.8,1
WATCH-009514,2025-03-19T18:20:00,Germany,Animation,TV,Standard,120,40.0,33.3,1
WATCH-009515,2025-11-22T20:42:00,Netherlands,Comedy,Phone,Basic,22,5.6,25.5,3
WATCH-009516,2025-12-15T16:44:00,Netherlands,Documentary,Phone,Premium,120,73.5,61.3,2
WATCH-009517,2025-04-24T13:41:00,France,Thriller,Phone,Basic,45,6.7,14.9,1
WATCH-009518,2025-02-10T01:54:00,Sweden,Documentary,Tablet,Standard,45,36.0,80.0,5
WATCH-009519,2025-02-01T21:31:00,Italy,Drama,Laptop,Premium,22,2.5,11.4,5
WATCH-009520,2025-12-07T08:15:00,Netherlands,Animation,Laptop,Basic,90,19.2,21.3,2
WATCH-009521,2025-11-15T06:38:00,Italy,Comedy,TV,Basic,60,31.9,53.2,4
WATCH-009522,2025-11-02T04:38:00,Spain,Documentary,Phone,Premium,22,6.8,30.9,3
WATCH-009523,2025-10-24T14:07:00,France,Animation,TV,Basic,45,2.4,5.3,3
WATCH-009524,2025-11-25T17:29:00,Italy,Drama,Phone,Standard,90,84.5,93.9,5
WATCH-009525,2025-07-27T18:02:00,Netherlands,Documentary,TV,Standard,45,43.3,96.2,5
WATCH-009526,2025-04-14T18:29:00,France,Comedy,Tablet,Premium,22,4.8,21.8,3
WATCH-009527,2025-10-14T07:24:00,Germany,Science fiction,Laptop,Basic,45,19.4,43.1,4
WATCH-009528,2025-12-17T19:53:00,Italy,Drama,Phone,Basic,22,2.9,13.2,5
WATCH-009529,2025-12-20T17:01:00,Germany,Documentary,TV,Premium,30,10.3,34.3,2
WATCH-009530,2025-07-19T17:23:00,Netherlands,Documentary,Tablet,Standard,22,15.7,71.4,3
WATCH-009531,2025-04-15T13:03:00,Spain,Science fiction,Tablet,Basic,90,18.7,20.8,1
WATCH-009532,2025-01-14T11:27:00,Italy,Drama,TV,Premium,90,65.4,72.7,1
WATCH-009533,2025-03-11T23:07:00,Italy,Thriller,Tablet,Standard,60,25.3,42.2,2
WATCH-009534,2025-06-29T09:29:00,Sweden,Animation,Phone,Basic,60,17.4,29.0,3
WATCH-009535,2025-11-19T04:14:00,Netherlands,Science fiction,TV,Premium,45,26.4,58.7,2
WATCH-009536,2025-07-20T07:13:00,Germany,Drama,Laptop,Premium,45,36.1,80.2,3
WATCH-009537,2025-08-21T21:25:00,Italy,Thriller,Phone,Standard,45,37.6,83.6,3
WATCH-009538,2025-02-22T06:41:00,Sweden,Thriller,Tablet,Standard,90,37.7,41.9,2
WATCH-009539,2025-11-12T21:02:00,Spain,Animation,Phone,Standard,60,12.7,21.2,2
WATCH-009540,2025-11-29T08:04:00,Germany,Drama,TV,Standard,60,9.6,16.0,5
WATCH-009541,2025-06-26T14:10:00,France,Drama,Laptop,Standard,60,56.5,94.2,2
WATCH-009542,2025-05-02T12:59:00,Italy,Comedy,Phone,Premium,30,23.7,79.0,3
WATCH-009543,2025-01-02T04:29:00,Italy,Comedy,Phone,Premium,30,2.6,8.7,1
WATCH-009544,2025-11-30T20:38:00,Italy,Drama,TV,Basic,60,45.9,76.5,3
WATCH-009545,2025-10-18T10:54:00,France,Documentary,Tablet,Premium,90,18.3,20.3,2
WATCH-009546,2025-08-21T18:52:00,Netherlands,Thriller,,Basic,90,35.8,39.8,3
WATCH-009547,2025-01-04T10:05:00,Netherlands,Science fiction,TV,Basic,45,16.4,,5
WATCH-009548,2025-04-11T00:22:00,Italy,Drama,Phone,Basic,45,11.4,25.3,3
WATCH-009549,2025-11-17T05:34:00,Germany,Comedy,Phone,Standard,22,9.8,44.5,1
WATCH-009550,2025-03-14T09:14:00,Netherlands,Comedy,Phone,Standard,60,15.4,25.7,2
WATCH-009551,2025-05-03T06:17:00,Netherlands,Thriller,TV,Standard,45,8.4,18.7,5
WATCH-009552,2025-12-10T01:44:00,Spain,Drama,TV,Basic,90,31.0,34.4,2
WATCH-009553,2025-08-27T05:59:00,Germany,Science fiction,Tablet,Basic,90,36.5,40.6,4
WATCH-009554,2025-11-29T03:31:00,Italy,Animation,Laptop,Basic,90,23.2,25.8,3
WATCH-009555,2025-12-21T00:18:00,France,Comedy,Phone,Basic,60,43.6,72.7,5
WATCH-009556,2025-05-24T01:25:00,Italy,Comedy,TV,Basic,22,20.5,93.2,3
WATCH-009557,2025-12-14T09:15:00,Germany,Documentary,Laptop,Standard,120,74.1,61.7,1
WATCH-009558,2025-11-22T05:58:00,Italy,Animation,TV,Basic,90,23.4,26.0,2
WATCH-009559,2025-08-15T22:38:00,Spain,Thriller,TV,Premium,120,58.2,48.5,3
WATCH-009560,2025-12-11T09:49:00,Netherlands,Animation,Phone,Premium,120,30.9,25.8,2
WATCH-009561,2025-04-23T23:15:00,Sweden,Thriller,TV,Premium,30,3.0,10.0,1
WATCH-009562,2025-09-24T11:52:00,Sweden,Comedy,Tablet,Basic,90,82.0,91.1,2
WATCH-009563,2025-10-02T10:38:00,Germany,Documentary,Tablet,Basic,45,40.1,89.1,4
WATCH-009564,2025-02-13T06:52:00,Germany,Animation,Laptop,Standard,120,84.3,70.2,3
WATCH-009565,2025-03-10T18:12:00,Netherlands,Comedy,TV,Basic,22,12.5,56.8,1
WATCH-009566,2025-03-03T10:03:00,Spain,Comedy,TV,Basic,60,5.7,9.5,4
WATCH-009567,2025-07-27T08:19:00,France,Animation,Laptop,Basic,90,51.3,57.0,5
WATCH-009568,2025-07-28T15:48:00,Germany,Thriller,Tablet,Standard,45,25.6,56.9,2
WATCH-009569,2025-04-15T00:28:00,Sweden,Documentary,Tablet,Standard,90,57.8,64.2,2
WATCH-009570,2025-08-23T17:25:00,Italy,Comedy,Phone,Premium,22,19.5,88.6,3
WATCH-009571,2025-01-14T08:49:00,Spain,Science fiction,TV,Standard,45,2.9,6.4,2
WATCH-009572,2025-07-09T14:33:00,Spain,Science fiction,Phone,Basic,30,28.4,94.7,1
WATCH-009573,2025-01-04T22:32:00,Sweden,Science fiction,Phone,Standard,45,11.6,25.8,2
WATCH-009574,2025-06-05T08:31:00,France,Animation,Laptop,Standard,45,25.7,57.1,1
WATCH-009575,2025-08-04T01:24:00,Netherlands,Science fiction,Laptop,Standard,120,59.2,49.3,1
WATCH-009576,2025-06-08T15:15:00,France,Comedy,Laptop,Standard,120,10.5,8.8,2
WATCH-009577,2025-12-03T08:34:00,Italy,Thriller,Phone,Standard,90,87.3,97.0,1
WATCH-009578,2025-05-11T14:08:00,Sweden,Documentary,Laptop,Premium,45,38.1,84.7,3
WATCH-009579,2025-10-17T01:20:00,Germany,Drama,Tablet,Standard,60,35.8,59.7,1
WATCH-009580,2025-02-20T03:04:00,Netherlands,Animation,Laptop,Standard,30,26.2,87.3,5
WATCH-009581,2025-09-15T08:46:00,Netherlands,Science fiction,Tablet,Basic,30,14.0,46.7,4
WATCH-009582,2025-11-09T21:10:00,Italy,Comedy,TV,Basic,90,7.7,8.6,5
WATCH-009583,2025-07-27T15:52:00,Italy,Science fiction,Phone,Standard,30,24.8,82.7,1
WATCH-009584,2025-05-22T23:30:00,Sweden,Animation,Phone,Basic,90,72.0,,3
WATCH-009585,2025-06-25T17:04:00,France,Thriller,Phone,Premium,45,20.2,44.9,3
WATCH-009586,2025-07-22T04:12:00,Netherlands,Thriller,Laptop,Premium,22,17.7,80.5,1
WATCH-009587,2025-05-06T13:21:00,Netherlands,Comedy,Phone,Basic,90,59.3,65.9,4
WATCH-009588,2025-10-27T12:45:00,Spain,Science fiction,TV,Standard,45,26.3,58.4,4
WATCH-009589,2025-05-11T21:28:00,Spain,Comedy,Tablet,Standard,120,47.7,39.8,3
WATCH-009590,2025-04-23T01:51:00,Germany,Documentary,Phone,Premium,22,16.1,73.2,1
WATCH-009591,2025-03-30T11:30:00,Italy,Thriller,Tablet,Premium,30,2.2,7.3,3
WATCH-009592,2025-09-09T00:54:00,France,Animation,TV,Premium,45,26.2,58.2,1
WATCH-009593,2025-03-25T17:11:00,Spain,Thriller,Laptop,Premium,120,29.5,24.6,1
WATCH-009594,2025-08-18T01:54:00,Netherlands,Science fiction,Phone,Premium,60,45.0,75.0,4
WATCH-009595,2025-12-22T09:42:00,Germany,Science fiction,Tablet,Basic,45,28.0,62.2,1
WATCH-009596,2025-01-08T20:49:00,Spain,Drama,Laptop,Premium,120,17.0,14.2,2
WATCH-009597,2025-07-06T13:51:00,Italy,Science fiction,TV,Basic,30,1.8,6.0,2
WATCH-009598,2025-01-15T02:48:00,Netherlands,Science fiction,TV,Premium,120,61.9,51.6,3
WATCH-009599,2025-02-19T21:25:00,Italy,Animation,TV,Premium,120,56.5,47.1,1
WATCH-009600,2025-03-01T04:21:00,Netherlands,Drama,Phone,Basic,22,2.4,10.9,1
WATCH-009601,2025-11-20T14:21:00,Spain,Thriller,Tablet,Standard,120,63.2,52.7,5
WATCH-009602,2025-07-27T07:27:00,Netherlands,Animation,Tablet,Basic,60,12.5,20.8,4
WATCH-009603,2025-03-13T11:04:00,Germany,Animation,Phone,Premium,60,8.2,13.7,1
WATCH-009604,2025-06-23T05:43:00,Sweden,Comedy,Phone,Basic,90,41.3,45.9,1
WATCH-009605,2025-10-10T19:47:00,Italy,Science fiction,Phone,Basic,45,19.8,44.0,4
WATCH-009606,2025-05-27T20:09:00,Italy,Science fiction,Laptop,Basic,22,18.4,83.6,2
WATCH-009607,2025-07-02T21:55:00,Sweden,Science fiction,Phone,Basic,45,18.9,42.0,3
WATCH-009608,2025-04-09T21:23:00,Italy,Science fiction,Tablet,Basic,90,14.7,16.3,1
WATCH-009609,2025-04-12T03:42:00,Germany,Thriller,Phone,Premium,45,14.0,31.1,1
WATCH-009610,2025-11-30T03:00:00,Germany,Comedy,Phone,Standard,90,72.3,80.3,2
WATCH-009611,2025-11-03T21:01:00,Spain,Animation,TV,Standard,30,14.8,49.3,1
WATCH-009612,2025-11-04T09:59:00,Spain,Comedy,Laptop,Standard,60,10.4,17.3,1
WATCH-009613,2025-03-01T07:06:00,Germany,Science fiction,TV,Premium,22,14.1,64.1,4
WATCH-009614,2025-04-22T19:05:00,France,Science fiction,Phone,Standard,120,76.2,63.5,1
WATCH-009615,2025-07-30T01:35:00,Netherlands,Thriller,TV,Basic,120,114.0,95.0,2
WATCH-009616,2025-05-28T12:27:00,Netherlands,Drama,Phone,Basic,45,3.0,6.7,5
WATCH-009617,2025-06-01T09:39:00,Italy,Comedy,Phone,Premium,30,13.9,46.3,5
WATCH-009618,2025-06-11T05:17:00,Italy,Drama,TV,Standard,22,7.9,35.9,5
WATCH-009619,2025-02-24T20:52:00,Germany,Documentary,Phone,Premium,90,29.9,33.2,2
WATCH-009620,2025-12-30T14:26:00,Sweden,Drama,Tablet,Premium,120,82.3,68.6,3
WATCH-009621,2025-02-02T09:10:00,Italy,Drama,TV,Standard,45,39.4,,4
WATCH-009622,2025-01-04T22:05:00,Spain,Animation,Tablet,Standard,60,28.1,46.8,3
WATCH-009623,2025-05-12T16:08:00,Spain,Science fiction,TV,Standard,45,3.8,8.4,2
WATCH-009624,2025-09-04T11:36:00,Netherlands,Thriller,Laptop,Standard,30,6.9,23.0,1
WATCH-009625,2025-11-08T16:23:00,Germany,Animation,Laptop,Premium,45,40.1,89.1,4
WATCH-009626,2025-08-20T18:16:00,France,Comedy,TV,Standard,22,14.0,63.6,4
WATCH-009627,2025-08-17T23:57:00,Italy,Documentary,Phone,Premium,120,39.8,33.2,1
WATCH-009628,2025-12-27T06:13:00,Sweden,Drama,TV,Standard,90,44.0,48.9,3
WATCH-009629,2025-04-23T21:29:00,Spain,Science fiction,,Standard,22,20.0,90.9,3
WATCH-009630,2025-10-08T08:58:00,Germany,Thriller,TV,Standard,30,27.5,91.7,2
WATCH-009631,2025-10-16T03:28:00,Spain,Science fiction,TV,Standard,22,4.3,19.5,1
WATCH-009632,2025-08-02T16:49:00,Spain,Documentary,TV,Basic,120,29.7,24.8,3
WATCH-009633,2025-06-11T04:58:00,Spain,Documentary,TV,Basic,60,59.2,98.7,3
WATCH-009634,2025-01-20T14:40:00,Spain,Science fiction,Tablet,Premium,22,19.0,86.4,5
WATCH-009635,2025-10-02T10:08:00,Italy,Documentary,Tablet,Basic,30,10.9,36.3,5
WATCH-009636,2025-08-28T20:53:00,France,Comedy,Tablet,Premium,60,23.7,39.5,4
WATCH-009637,2025-11-06T06:22:00,Spain,Thriller,Tablet,Premium,60,51.9,86.5,1
WATCH-009638,2025-01-11T15:54:00,Netherlands,Drama,Laptop,Standard,120,7.8,6.5,1
WATCH-009639,2025-08-30T03:44:00,Italy,Thriller,Tablet,Premium,90,58.3,64.8,1
WATCH-009640,2025-06-15T02:09:00,Germany,Drama,TV,Standard,30,24.9,83.0,5
WATCH-009641,2025-10-12T15:41:00,France,Science fiction,Laptop,Basic,60,46.0,76.7,2
WATCH-009642,2025-11-06T21:01:00,Germany,Science fiction,Laptop,Premium,120,44.6,37.2,5
WATCH-009643,2025-03-30T07:51:00,France,Thriller,TV,Premium,90,8.5,9.4,2
WATCH-009644,2025-11-23T01:12:00,France,Documentary,TV,Premium,90,88.4,98.2,5
WATCH-009645,2025-05-02T03:36:00,Germany,Science fiction,Phone,Standard,22,9.6,43.6,5
WATCH-009646,2025-07-07T20:38:00,Sweden,Science fiction,Tablet,Basic,30,4.9,16.3,1
WATCH-009647,2025-03-06T11:25:00,Germany,Thriller,Phone,Standard,60,59.4,99.0,5
WATCH-009648,2025-11-25T00:46:00,France,Documentary,Tablet,Standard,60,54.8,91.3,2
WATCH-009649,2025-06-29T04:53:00,Italy,Comedy,Laptop,Premium,22,18.1,82.3,3
WATCH-009650,2025-07-25T12:30:00,Netherlands,Comedy,Laptop,Premium,45,24.7,54.9,3
WATCH-009651,2025-05-11T19:35:00,France,Thriller,TV,Basic,90,17.6,19.6,1
WATCH-009652,2025-04-22T00:33:00,Sweden,Documentary,Tablet,Basic,22,20.7,94.1,5
WATCH-009653,2025-04-17T10:35:00,France,Thriller,Tablet,Premium,60,46.4,77.3,3
WATCH-009654,2025-11-21T00:38:00,Germany,Comedy,Laptop,Standard,120,118.4,98.7,4
WATCH-009655,2025-12-22T22:07:00,Germany,Documentary,Laptop,Basic,45,37.3,82.9,3
WATCH-009656,2025-09-26T22:10:00,Sweden,Animation,Tablet,Standard,22,7.3,33.2,5
WATCH-009657,2025-07-22T08:22:00,Italy,Documentary,TV,Basic,30,28.3,94.3,1
WATCH-009658,2025-03-31T14:02:00,Sweden,Thriller,TV,Standard,120,109.9,,3
WATCH-009659,2025-11-13T19:12:00,Sweden,Animation,Tablet,Basic,120,93.4,77.8,4
WATCH-009660,2025-04-15T05:29:00,Netherlands,Comedy,Laptop,Premium,120,24.5,20.4,1
WATCH-009661,2025-04-15T14:42:00,Germany,Documentary,Tablet,Standard,60,8.3,13.8,5
WATCH-009662,2025-12-30T10:55:00,Italy,Documentary,Phone,Standard,22,11.8,53.6,5
WATCH-009663,2025-03-19T18:02:00,Netherlands,Science fiction,Tablet,Basic,90,66.0,73.3,2
WATCH-009664,2025-04-25T22:24:00,Netherlands,Documentary,TV,Basic,60,13.2,22.0,1
WATCH-009665,2025-01-08T02:18:00,France,Comedy,Phone,Basic,22,18.6,84.5,5
WATCH-009666,2025-10-10T03:52:00,Sweden,Comedy,Phone,Basic,45,9.7,21.6,3
WATCH-009667,2025-03-06T23:46:00,Spain,Animation,Tablet,Standard,45,27.0,60.0,4
WATCH-009668,2025-12-30T12:23:00,Spain,Animation,Tablet,Premium,30,7.1,23.7,4
WATCH-009669,2025-12-22T09:12:00,Germany,Documentary,Tablet,Premium,45,24.8,55.1,2
WATCH-009670,2025-06-27T05:28:00,Spain,Documentary,Tablet,Premium,60,9.6,16.0,5
WATCH-009671,2025-06-01T03:05:00,Netherlands,Documentary,Phone,Standard,90,88.3,98.1,4
WATCH-009672,2025-01-23T14:56:00,Sweden,Animation,Tablet,Standard,22,6.3,28.6,1
WATCH-009673,2025-08-26T06:54:00,Italy,Drama,Laptop,Basic,30,11.2,37.3,2
WATCH-009674,2025-12-06T22:51:00,Germany,Science fiction,Phone,Basic,120,70.5,58.8,2
WATCH-009675,2025-11-22T06:06:00,Sweden,Documentary,Tablet,Basic,60,42.4,70.7,4
WATCH-009676,2025-06-10T07:29:00,Germany,Drama,TV,Basic,60,43.5,72.5,4
WATCH-009677,2025-03-08T10:06:00,Spain,Comedy,Tablet,Basic,60,17.2,28.7,5
WATCH-009678,2025-06-29T09:40:00,Italy,Science fiction,Laptop,Basic,90,10.9,12.1,3
WATCH-009679,2025-02-26T17:14:00,Italy,Science fiction,Tablet,Premium,60,49.9,83.2,4
WATCH-009680,2025-01-26T22:58:00,Germany,Documentary,Phone,Basic,90,8.3,9.2,4
WATCH-009681,2025-12-23T17:40:00,France,Comedy,Tablet,Basic,60,11.4,19.0,2
WATCH-009682,2025-03-12T14:36:00,Netherlands,Animation,Tablet,Basic,30,17.6,58.7,5
WATCH-009683,2025-08-16T13:46:00,Germany,Thriller,Tablet,Standard,60,7.2,12.0,2
WATCH-009684,2025-09-21T02:48:00,Spain,Comedy,Laptop,Basic,22,12.6,57.3,3
WATCH-009685,2025-08-29T13:00:00,Germany,Animation,TV,Standard,60,50.6,84.3,2
WATCH-009686,2025-05-04T17:10:00,Netherlands,Science fiction,Phone,Premium,45,4.5,10.0,4
WATCH-009687,2025-02-08T16:49:00,Sweden,Science fiction,Laptop,Premium,60,39.2,65.3,1
WATCH-009688,2025-06-11T05:33:00,Spain,Documentary,TV,Standard,120,112.0,93.3,3
WATCH-009689,2025-03-23T23:49:00,Germany,Documentary,Tablet,Basic,60,53.5,89.2,5
WATCH-009690,2025-02-04T08:40:00,Sweden,Drama,TV,Basic,22,20.0,90.9,5
WATCH-009691,2025-05-17T08:19:00,Sweden,Comedy,Tablet,Premium,60,26.6,44.3,5
WATCH-009692,2025-05-08T21:51:00,Sweden,Drama,Tablet,Premium,120,36.4,30.3,3
WATCH-009693,2025-10-16T08:11:00,Spain,Animation,Phone,Standard,45,12.3,27.3,4
WATCH-009694,2025-09-11T11:51:00,Sweden,Comedy,Laptop,Basic,90,79.2,88.0,1
WATCH-009695,2025-09-18T11:09:00,Netherlands,Science fiction,TV,Standard,90,88.1,,3
WATCH-009696,2025-07-31T17:07:00,Sweden,Thriller,TV,Standard,90,13.9,15.4,1
WATCH-009697,2025-10-10T01:48:00,Netherlands,Comedy,Phone,Standard,30,4.3,14.3,5
WATCH-009698,2025-10-13T05:58:00,Spain,Thriller,Laptop,Basic,120,11.2,9.3,3
WATCH-009699,2025-12-18T07:08:00,Sweden,Comedy,Laptop,Premium,30,5.0,16.7,5
WATCH-009700,2025-01-28T01:39:00,Netherlands,Comedy,Phone,Basic,60,49.2,82.0,4
WATCH-009701,2025-01-24T19:29:00,Germany,Animation,TV,Basic,120,16.4,13.7,3
WATCH-009702,2025-07-02T20:43:00,Netherlands,Comedy,Tablet,Standard,30,11.9,39.7,3
WATCH-009703,2025-10-06T01:07:00,France,Documentary,Tablet,Basic,120,32.8,27.3,2
WATCH-009704,2025-01-03T21:33:00,Netherlands,Comedy,Tablet,Standard,90,26.9,29.9,4
WATCH-009705,2025-03-06T09:12:00,Italy,Comedy,Laptop,Premium,45,36.4,80.9,2
WATCH-009706,2025-07-27T23:32:00,Italy,Comedy,Phone,Standard,45,35.7,79.3,4
WATCH-009707,2025-09-24T07:02:00,Netherlands,Animation,TV,Premium,22,20.0,90.9,1
WATCH-009708,2025-10-17T07:22:00,Netherlands,Animation,Phone,Premium,60,41.0,68.3,3
WATCH-009709,2025-10-21T10:50:00,Sweden,Documentary,TV,Basic,22,5.3,24.1,3
WATCH-009710,2025-06-29T23:01:00,Germany,Comedy,Tablet,Premium,30,6.9,23.0,3
WATCH-009711,2025-02-11T12:03:00,Spain,Drama,Tablet,Premium,45,28.6,63.6,5
WATCH-009712,2025-09-12T14:32:00,Sweden,Thriller,,Premium,120,101.6,84.7,3
WATCH-009713,2025-04-17T16:55:00,France,Drama,Tablet,Standard,30,11.6,38.7,5
WATCH-009714,2025-07-03T01:33:00,Italy,Science fiction,TV,Premium,22,9.9,45.0,1
WATCH-009715,2025-07-15T04:55:00,Netherlands,Science fiction,Tablet,Standard,60,54.7,91.2,5
WATCH-009716,2025-05-29T13:43:00,Italy,Drama,TV,Premium,45,20.0,44.4,4
WATCH-009717,2025-11-04T00:37:00,Germany,Drama,TV,Standard,22,5.2,23.6,5
WATCH-009718,2025-05-24T18:23:00,France,Science fiction,TV,Premium,30,20.3,67.7,1
WATCH-009719,2025-11-12T01:19:00,France,Comedy,TV,Standard,22,20.4,92.7,3
WATCH-009720,2025-11-16T22:18:00,France,Science fiction,Phone,Basic,45,6.7,14.9,4
WATCH-009721,2025-10-01T12:38:00,Germany,Animation,Tablet,Standard,45,16.3,36.2,1
WATCH-009722,2025-09-06T09:29:00,Spain,Animation,Laptop,Standard,22,8.3,37.7,1
WATCH-009723,2025-12-25T09:43:00,Germany,Thriller,Laptop,Standard,45,16.1,35.8,4
WATCH-009724,2025-08-17T10:32:00,Sweden,Thriller,Laptop,Standard,120,118.3,98.6,4
WATCH-009725,2025-04-02T20:29:00,Italy,Thriller,Phone,Standard,90,60.3,67.0,3
WATCH-009726,2025-01-09T09:15:00,Sweden,Thriller,Phone,Standard,30,4.6,15.3,3
WATCH-009727,2025-10-09T05:52:00,Sweden,Animation,Phone,Premium,45,31.3,69.6,2
WATCH-009728,2025-03-16T03:37:00,Sweden,Documentary,TV,Premium,60,38.2,63.7,5
WATCH-009729,2025-11-04T23:20:00,Germany,Thriller,Tablet,Standard,120,115.1,95.9,5
WATCH-009730,2025-01-31T08:46:00,Germany,Thriller,Phone,Basic,30,8.3,27.7,4
WATCH-009731,2025-09-12T08:18:00,Spain,Drama,TV,Premium,22,7.7,35.0,4
WATCH-009732,2025-07-27T14:10:00,Netherlands,Comedy,TV,Basic,60,30.3,,3
WATCH-009733,2025-08-17T02:41:00,Sweden,Drama,Tablet,Standard,120,33.4,27.8,3
WATCH-009734,2025-10-17T11:42:00,France,Thriller,TV,Premium,30,28.4,94.7,3
WATCH-009735,2025-07-03T01:27:00,Germany,Comedy,Phone,Premium,22,15.0,68.2,2
WATCH-009736,2025-04-17T07:23:00,France,Documentary,Laptop,Standard,60,4.1,6.8,4
WATCH-009737,2025-07-28T09:16:00,Spain,Drama,Phone,Standard,45,8.4,18.7,3
WATCH-009738,2025-10-20T04:38:00,France,Comedy,Phone,Standard,120,41.5,34.6,2
WATCH-009739,2025-01-29T19:31:00,France,Thriller,Phone,Basic,120,69.3,57.8,5
WATCH-009740,2025-07-18T19:07:00,Italy,Thriller,TV,Premium,22,18.7,85.0,1
WATCH-009741,2025-09-12T22:40:00,Sweden,Thriller,Laptop,Premium,45,6.7,14.9,2
WATCH-009742,2025-06-23T04:06:00,Netherlands,Documentary,Tablet,Premium,90,79.8,88.7,1
WATCH-009743,2025-11-20T14:39:00,Italy,Comedy,Laptop,Standard,45,31.6,70.2,4
WATCH-009744,2025-05-06T05:32:00,Netherlands,Science fiction,Phone,Standard,60,49.7,82.8,4
WATCH-009745,2025-06-30T15:46:00,Sweden,Comedy,Phone,Standard,45,26.5,58.9,5
WATCH-009746,2025-09-01T06:04:00,Spain,Comedy,Laptop,Basic,45,17.9,39.8,2
WATCH-009747,2025-04-01T10:56:00,Netherlands,Comedy,Tablet,Premium,30,4.3,14.3,2
WATCH-009748,2025-05-17T21:56:00,Italy,Animation,Phone,Standard,45,34.7,77.1,3
WATCH-009749,2025-01-22T06:43:00,Germany,Science fiction,TV,Basic,60,37.8,63.0,1
WATCH-009750,2025-05-19T20:41:00,France,Animation,Phone,Standard,45,40.8,90.7,5
WATCH-009751,2025-11-27T12:44:00,Spain,Documentary,TV,Standard,45,38.2,84.9,2
WATCH-009752,2025-08-20T07:11:00,Germany,Animation,Phone,Basic,60,3.6,6.0,5
WATCH-009753,2025-05-29T09:18:00,Italy,Animation,Laptop,Basic,45,40.8,90.7,2
WATCH-009754,2025-05-10T04:18:00,Sweden,Animation,Phone,Premium,60,55.6,92.7,2
WATCH-009755,2025-05-04T03:26:00,Italy,Documentary,Phone,Basic,60,56.2,93.7,3
WATCH-009756,2025-05-07T10:15:00,Italy,Comedy,TV,Standard,45,5.2,11.6,3
WATCH-009757,2025-12-17T16:47:00,Germany,Drama,TV,Premium,30,10.4,34.7,4
WATCH-009758,2025-06-25T05:30:00,Sweden,Drama,TV,Basic,45,38.5,85.6,1
WATCH-009759,2025-02-01T12:41:00,Spain,Comedy,Phone,Premium,60,28.8,48.0,1
WATCH-009760,2025-11-16T10:43:00,Italy,Thriller,Tablet,Standard,60,26.2,43.7,1
WATCH-009761,2025-11-18T13:39:00,Italy,Comedy,Laptop,Basic,90,11.6,12.9,4
WATCH-009762,2025-10-21T03:33:00,Germany,Science fiction,Laptop,Standard,45,8.2,18.2,2
WATCH-009763,2025-01-24T16:58:00,Netherlands,Drama,Tablet,Basic,45,5.0,11.1,4
WATCH-009764,2025-10-23T14:44:00,Germany,Drama,Laptop,Standard,30,4.9,16.3,3
WATCH-009765,2025-12-25T10:04:00,Germany,Drama,TV,Premium,60,13.1,21.8,3
WATCH-009766,2025-11-13T23:52:00,Germany,Comedy,Laptop,Standard,30,3.0,10.0,5
WATCH-009767,2025-09-25T15:07:00,Sweden,Thriller,Laptop,Basic,30,17.2,57.3,4
WATCH-009768,2025-07-02T10:51:00,Sweden,Science fiction,Phone,Premium,30,17.0,56.7,1
WATCH-009769,2025-09-12T21:59:00,France,Science fiction,Phone,Standard,30,14.7,,2
WATCH-009770,2025-02-16T02:53:00,Germany,Science fiction,Tablet,Premium,22,10.7,48.6,4
WATCH-009771,2025-10-18T02:28:00,Italy,Comedy,Phone,Basic,120,71.4,59.5,1
WATCH-009772,2025-07-24T13:08:00,Italy,Comedy,Phone,Standard,60,30.4,50.7,3
WATCH-009773,2025-12-08T01:06:00,Germany,Comedy,Laptop,Basic,30,22.9,76.3,4
WATCH-009774,2025-09-10T20:47:00,Italy,Thriller,Phone,Premium,90,61.7,68.6,4
WATCH-009775,2025-03-31T13:44:00,Italy,Animation,TV,Standard,22,18.3,83.2,4
WATCH-009776,2025-06-19T22:48:00,France,Animation,TV,Standard,120,72.8,60.7,4
WATCH-009777,2025-07-24T11:57:00,Spain,Animation,Phone,Standard,30,19.9,66.3,2
WATCH-009778,2025-11-18T02:03:00,Italy,Comedy,Phone,Standard,90,39.6,44.0,4
WATCH-009779,2025-06-22T22:35:00,Netherlands,Animation,Phone,Basic,22,16.1,73.2,3
WATCH-009780,2025-05-10T11:32:00,Spain,Animation,Phone,Standard,90,30.5,33.9,1
WATCH-009781,2025-10-02T23:09:00,Sweden,Science fiction,Tablet,Premium,60,15.8,26.3,1
WATCH-009782,2025-07-15T10:32:00,Sweden,Drama,Laptop,Basic,45,24.6,54.7,5
WATCH-009783,2025-03-18T12:46:00,Sweden,Drama,Laptop,Basic,22,6.6,30.0,4
WATCH-009784,2025-04-18T16:00:00,Spain,Comedy,Laptop,Basic,90,41.5,46.1,2
WATCH-009785,2025-04-25T23:11:00,France,Comedy,Laptop,Standard,22,12.6,57.3,1
WATCH-009786,2025-06-15T15:46:00,Netherlands,Drama,TV,Standard,90,54.3,60.3,3
WATCH-009787,2025-03-13T06:22:00,Spain,Thriller,Tablet,Standard,90,20.7,23.0,1
WATCH-009788,2025-06-08T20:48:00,Spain,Documentary,Tablet,Standard,90,38.5,42.8,2
WATCH-009789,2025-06-12T11:35:00,Italy,Comedy,Tablet,Standard,22,15.0,68.2,5
WATCH-009790,2025-11-22T17:01:00,Spain,Science fiction,Phone,Standard,90,58.7,65.2,2
WATCH-009791,2025-07-24T07:26:00,Italy,Comedy,Phone,Standard,90,31.2,34.7,2
WATCH-009792,2025-01-14T00:06:00,Sweden,Documentary,TV,Premium,30,25.8,86.0,2
WATCH-009793,2025-12-30T10:17:00,France,Comedy,Laptop,Basic,30,28.1,93.7,1
WATCH-009794,2025-03-13T03:27:00,France,Documentary,TV,Standard,90,39.7,44.1,5
WATCH-009795,2025-06-21T08:34:00,Sweden,Thriller,,Standard,22,14.9,67.7,2
WATCH-009796,2025-08-13T18:32:00,Italy,Drama,Phone,Standard,60,35.4,59.0,3
WATCH-009797,2025-11-09T19:32:00,Netherlands,Animation,Phone,Premium,45,41.9,93.1,2
WATCH-009798,2025-11-02T04:58:00,Spain,Animation,Laptop,Standard,45,20.5,45.6,4
WATCH-009799,2025-10-31T18:48:00,France,Science fiction,TV,Premium,90,76.5,85.0,2
WATCH-009800,2025-05-21T02:28:00,Italy,Animation,TV,Premium,45,17.0,37.8,5
WATCH-009801,2025-02-10T21:46:00,France,Documentary,Laptop,Basic,30,12.1,40.3,4
WATCH-009802,2025-12-06T01:03:00,Italy,Documentary,Tablet,Standard,30,7.8,26.0,4
WATCH-009803,2025-11-15T06:39:00,Italy,Animation,Tablet,Premium,90,83.7,93.0,5
WATCH-009804,2025-12-26T11:13:00,Sweden,Animation,Tablet,Standard,30,26.8,89.3,1
WATCH-009805,2025-02-21T16:30:00,Germany,Drama,Laptop,Premium,45,42.8,95.1,3
WATCH-009806,2025-03-10T02:10:00,Sweden,Thriller,Laptop,Basic,30,3.3,,1
WATCH-009807,2025-08-20T07:24:00,Sweden,Drama,TV,Premium,30,29.3,97.7,5
WATCH-009808,2025-01-14T01:02:00,Sweden,Drama,Phone,Basic,60,11.8,19.7,2
WATCH-009809,2025-05-09T00:18:00,Netherlands,Animation,TV,Premium,30,7.9,26.3,1
WATCH-009810,2025-10-28T06:08:00,Italy,Drama,TV,Basic,22,9.7,44.1,5
WATCH-009811,2025-10-15T18:19:00,France,Science fiction,Phone,Standard,60,23.0,38.3,1
WATCH-009812,2025-10-23T00:25:00,Sweden,Documentary,Laptop,Standard,30,7.4,24.7,4
WATCH-009813,2025-05-13T02:47:00,Germany,Comedy,Laptop,Standard,22,8.0,36.4,5
WATCH-009814,2025-11-05T14:55:00,Sweden,Thriller,Phone,Premium,60,43.1,71.8,3
WATCH-009815,2025-02-09T14:40:00,Spain,Science fiction,Tablet,Premium,60,10.9,18.2,3
WATCH-009816,2025-10-19T12:32:00,Spain,Science fiction,Laptop,Basic,45,15.4,34.2,1
WATCH-009817,2025-03-25T10:09:00,Spain,Comedy,TV,Premium,45,40.6,90.2,1
WATCH-009818,2025-02-08T05:49:00,France,Documentary,Phone,Premium,60,20.0,33.3,1
WATCH-009819,2025-03-03T08:06:00,Germany,Thriller,Phone,Basic,90,49.9,55.4,3
WATCH-009820,2025-01-31T12:17:00,Germany,Comedy,Laptop,Standard,90,40.9,45.4,2
WATCH-009821,2025-07-22T17:34:00,France,Comedy,Tablet,Premium,45,2.4,5.3,4
WATCH-009822,2025-02-13T23:21:00,Germany,Science fiction,Phone,Standard,90,89.9,99.9,2
WATCH-009823,2025-04-30T21:43:00,Italy,Thriller,Laptop,Standard,90,71.3,79.2,5
WATCH-009824,2025-02-01T12:52:00,Sweden,Drama,TV,Standard,60,8.8,14.7,2
WATCH-009825,2025-07-26T11:58:00,Sweden,Documentary,Tablet,Standard,45,35.2,78.2,4
WATCH-009826,2025-11-26T03:20:00,Italy,Thriller,TV,Standard,45,29.8,66.2,1
WATCH-009827,2025-08-08T11:53:00,Spain,Drama,TV,Standard,30,2.4,8.0,2
WATCH-009828,2025-07-23T23:56:00,Spain,Comedy,Phone,Basic,120,118.9,99.1,2
WATCH-009829,2025-08-21T16:34:00,France,Drama,Phone,Premium,90,43.2,48.0,2
WATCH-009830,2025-04-20T01:02:00,Spain,Science fiction,Phone,Standard,45,3.1,6.9,1
WATCH-009831,2025-01-25T02:15:00,France,Comedy,Tablet,Standard,45,43.5,96.7,4
WATCH-009832,2025-12-24T05:01:00,Netherlands,Drama,Tablet,Standard,45,43.2,96.0,4
WATCH-009833,2025-04-16T21:51:00,Italy,Documentary,Tablet,Standard,22,14.0,63.6,4
WATCH-009834,2025-06-20T07:46:00,France,Comedy,TV,Premium,45,9.7,21.6,5
WATCH-009835,2025-03-12T18:30:00,Spain,Drama,Tablet,Premium,120,18.4,15.3,3
WATCH-009836,2025-05-05T23:57:00,Spain,Animation,Laptop,Standard,30,6.7,22.3,3
WATCH-009837,2025-04-29T23:33:00,France,Comedy,TV,Premium,45,12.8,28.4,2
WATCH-009838,2025-11-21T16:41:00,Netherlands,Science fiction,Laptop,Standard,60,23.5,39.2,3
WATCH-009839,2025-10-09T07:25:00,Spain,Thriller,Phone,Standard,60,6.7,11.2,1
WATCH-009840,2025-07-24T18:58:00,France,Science fiction,Tablet,Basic,120,25.6,21.3,2
WATCH-009841,2025-05-13T14:15:00,Italy,Comedy,Phone,Premium,45,40.7,90.4,2
WATCH-009842,2025-05-08T06:44:00,France,Drama,Tablet,Standard,22,18.8,85.5,2
WATCH-009843,2025-07-13T10:18:00,Netherlands,Comedy,Laptop,Standard,22,8.8,,4
WATCH-009844,2025-05-11T03:20:00,Sweden,Drama,Tablet,Premium,30,29.2,97.3,3
WATCH-009845,2025-01-23T19:00:00,Spain,Drama,Phone,Standard,90,20.5,22.8,4
WATCH-009846,2025-07-29T22:30:00,Spain,Thriller,Phone,Standard,60,47.6,79.3,1
WATCH-009847,2025-07-21T14:58:00,Italy,Science fiction,Laptop,Basic,60,22.9,38.2,1
WATCH-009848,2025-08-24T02:26:00,Italy,Animation,Laptop,Premium,30,18.9,63.0,4
WATCH-009849,2025-03-07T19:26:00,France,Science fiction,TV,Standard,90,57.6,64.0,1
WATCH-009850,2025-02-24T21:00:00,Netherlands,Science fiction,TV,Basic,90,43.7,48.6,4
WATCH-009851,2025-02-07T16:33:00,Sweden,Thriller,Tablet,Standard,90,80.0,88.9,5
WATCH-009852,2025-04-16T16:36:00,Sweden,Animation,Laptop,Standard,45,31.2,69.3,1
WATCH-009853,2025-09-09T17:03:00,France,Documentary,TV,Basic,45,44.5,98.9,3
WATCH-009854,2025-04-29T13:40:00,France,Drama,Tablet,Standard,90,80.2,89.1,3
WATCH-009855,2025-06-20T12:11:00,Germany,Thriller,Phone,Basic,30,15.9,53.0,4
WATCH-009856,2025-07-12T12:27:00,Germany,Comedy,Phone,Premium,60,57.8,96.3,5
WATCH-009857,2025-01-11T17:05:00,Germany,Animation,TV,Basic,30,21.4,71.3,3
WATCH-009858,2025-06-26T12:15:00,Spain,Thriller,Laptop,Basic,90,86.4,96.0,1
WATCH-009859,2025-10-01T21:31:00,Germany,Thriller,TV,Standard,60,28.8,48.0,3
WATCH-009860,2025-05-22T19:16:00,Germany,Drama,TV,Standard,30,28.1,93.7,1
WATCH-009861,2025-12-02T22:18:00,Netherlands,Drama,Tablet,Premium,90,64.1,71.2,5
WATCH-009862,2025-06-19T18:44:00,Spain,Thriller,Laptop,Standard,90,35.7,39.7,1
WATCH-009863,2025-06-27T14:25:00,France,Documentary,TV,Standard,30,20.9,69.7,5
WATCH-009864,2025-07-09T04:31:00,Germany,Documentary,TV,Basic,30,12.3,41.0,5
WATCH-009865,2025-10-07T20:06:00,Spain,Animation,Tablet,Premium,90,65.8,73.1,1
WATCH-009866,2025-09-07T03:31:00,Italy,Drama,TV,Basic,30,14.6,48.7,3
WATCH-009867,2025-05-20T05:37:00,Italy,Drama,Tablet,Basic,120,111.1,92.6,5
WATCH-009868,2025-11-02T22:41:00,Germany,Thriller,Phone,Standard,120,111.2,92.7,5
WATCH-009869,2025-04-08T15:04:00,Sweden,Documentary,Laptop,Standard,45,8.4,18.7,2
WATCH-009870,2025-10-08T16:26:00,Netherlands,Animation,Tablet,Standard,60,7.5,12.5,4
WATCH-009871,2025-03-23T14:47:00,Spain,Thriller,TV,Premium,90,72.8,80.9,4
WATCH-009872,2025-05-08T20:57:00,Germany,Comedy,TV,Standard,90,43.5,48.3,2
WATCH-009873,2025-12-26T11:42:00,France,Documentary,Tablet,Premium,60,49.1,81.8,5
WATCH-009874,2025-05-13T04:29:00,Germany,Documentary,Phone,Standard,120,77.8,64.8,4
WATCH-009875,2025-05-08T21:13:00,Sweden,Animation,Laptop,Standard,90,48.3,53.7,2
WATCH-009876,2025-01-21T00:34:00,Italy,Drama,Tablet,Standard,30,16.0,53.3,1
WATCH-009877,2025-03-13T22:51:00,Sweden,Drama,Tablet,Basic,90,34.3,38.1,5
WATCH-009878,2025-09-29T21:41:00,Germany,Science fiction,,Basic,22,21.0,95.5,5
WATCH-009879,2025-03-13T16:59:00,Sweden,Comedy,TV,Basic,30,27.5,91.7,3
WATCH-009880,2025-12-26T03:26:00,France,Thriller,Laptop,Standard,22,7.7,,5
WATCH-009881,2025-09-02T15:45:00,Germany,Drama,Tablet,Premium,22,20.1,91.4,1
WATCH-009882,2025-01-31T15:17:00,France,Drama,Tablet,Premium,22,6.0,27.3,1
WATCH-009883,2025-04-12T23:46:00,Germany,Science fiction,Phone,Premium,120,53.5,44.6,3
WATCH-009884,2025-05-19T19:50:00,Germany,Animation,Tablet,Premium,90,28.5,31.7,4
WATCH-009885,2025-09-22T00:00:00,Spain,Documentary,Tablet,Standard,22,21.1,95.9,5
WATCH-009886,2025-09-19T02:30:00,Germany,Science fiction,TV,Basic,45,5.4,12.0,4
WATCH-009887,2025-04-22T14:16:00,Sweden,Documentary,Phone,Basic,90,17.5,19.4,3
WATCH-009888,2025-01-11T06:52:00,Italy,Science fiction,Tablet,Premium,22,3.6,16.4,1
WATCH-009889,2025-09-12T00:08:00,Spain,Science fiction,TV,Premium,90,65.3,72.6,1
WATCH-009890,2025-07-03T11:12:00,Spain,Science fiction,Laptop,Basic,120,15.8,13.2,5
WATCH-009891,2025-03-31T02:21:00,Spain,Drama,Phone,Standard,22,14.7,66.8,2
WATCH-009892,2025-08-20T09:57:00,Spain,Science fiction,Tablet,Premium,22,3.9,17.7,5
WATCH-009893,2025-03-13T18:09:00,Netherlands,Documentary,TV,Standard,22,2.6,11.8,4
WATCH-009894,2025-11-11T04:10:00,Sweden,Documentary,TV,Standard,30,20.7,69.0,3
WATCH-009895,2025-05-16T17:01:00,Italy,Documentary,Laptop,Basic,120,72.7,60.6,3
WATCH-009896,2025-02-13T22:00:00,Sweden,Documentary,Tablet,Basic,45,31.6,70.2,5
WATCH-009897,2025-08-09T06:36:00,France,Science fiction,Laptop,Standard,120,60.5,50.4,5
WATCH-009898,2025-03-20T14:29:00,Germany,Drama,Tablet,Premium,30,7.3,24.3,5
WATCH-009899,2025-03-22T21:22:00,Sweden,Drama,Laptop,Basic,30,20.0,66.7,2
WATCH-009900,2025-03-22T17:41:00,Italy,Comedy,Laptop,Standard,90,44.3,49.2,5
WATCH-009901,2025-12-07T14:21:00,Germany,Thriller,Phone,Basic,60,21.8,36.3,4
WATCH-009902,2025-12-07T11:37:00,Netherlands,Documentary,Tablet,Basic,120,98.3,81.9,1
WATCH-009903,2025-07-22T10:36:00,Netherlands,Documentary,Phone,Basic,60,14.6,24.3,3
WATCH-009904,2025-09-18T19:20:00,Sweden,Animation,Tablet,Premium,45,22.6,50.2,2
WATCH-009905,2025-06-21T21:48:00,Netherlands,Drama,Tablet,Premium,45,28.9,64.2,4
WATCH-009906,2025-02-18T23:42:00,Germany,Comedy,Tablet,Basic,90,70.8,78.7,1
WATCH-009907,2025-04-11T01:06:00,Italy,Documentary,TV,Premium,45,38.5,85.6,3
WATCH-009908,2025-07-29T05:26:00,Spain,Comedy,Tablet,Standard,60,41.5,69.2,5
WATCH-009909,2025-07-09T10:24:00,Netherlands,Science fiction,Phone,Premium,30,15.8,52.7,1
WATCH-009910,2025-11-05T15:57:00,Germany,Comedy,Phone,Standard,90,41.0,45.6,1
WATCH-009911,2025-03-23T13:55:00,Spain,Drama,TV,Basic,45,7.4,16.4,2
WATCH-009912,2025-07-19T22:33:00,Germany,Thriller,Laptop,Premium,30,12.2,40.7,4
WATCH-009913,2025-05-11T13:16:00,Italy,Thriller,Laptop,Premium,90,18.0,20.0,5
WATCH-009914,2025-10-20T18:37:00,Spain,Science fiction,Tablet,Basic,22,8.0,36.4,4
WATCH-009915,2025-08-26T13:37:00,France,Documentary,TV,Basic,90,58.9,65.4,2
WATCH-009916,2025-12-09T22:06:00,Germany,Animation,Laptop,Basic,45,20.0,44.4,1
WATCH-009917,2025-06-25T08:56:00,France,Documentary,Phone,Basic,22,14.9,,3
WATCH-009918,2025-12-13T06:38:00,Italy,Thriller,Laptop,Premium,60,42.3,70.5,1
WATCH-009919,2025-08-15T05:22:00,France,Drama,Tablet,Basic,30,6.4,21.3,2
WATCH-009920,2025-08-02T05:50:00,Italy,Documentary,Laptop,Premium,90,29.1,32.3,5
WATCH-009921,2025-11-16T09:13:00,Netherlands,Documentary,Tablet,Standard,45,37.4,83.1,2
WATCH-009922,2025-05-21T19:36:00,Germany,Science fiction,TV,Basic,22,8.6,39.1,1
WATCH-009923,2025-09-08T23:02:00,Sweden,Comedy,TV,Premium,45,11.1,24.7,2
WATCH-009924,2025-05-04T05:47:00,Germany,Comedy,Phone,Standard,22,3.3,15.0,1
WATCH-009925,2025-05-22T18:51:00,Spain,Comedy,Phone,Standard,22,3.3,15.0,4
WATCH-009926,2025-12-10T06:00:00,Netherlands,Comedy,Laptop,Premium,120,114.7,95.6,3
WATCH-009927,2025-03-10T02:12:00,Italy,Animation,TV,Standard,45,29.7,66.0,2
WATCH-009928,2025-07-20T04:31:00,Germany,Science fiction,TV,Basic,90,82.4,91.6,3
WATCH-009929,2025-09-20T21:24:00,Italy,Comedy,Tablet,Premium,30,13.9,46.3,3
WATCH-009930,2025-07-16T02:54:00,France,Documentary,TV,Premium,30,29.4,98.0,3
WATCH-009931,2025-08-20T14:44:00,Sweden,Animation,Phone,Standard,30,20.5,68.3,2
WATCH-009932,2025-04-05T14:16:00,Italy,Documentary,Phone,Basic,22,2.1,9.5,4
WATCH-009933,2025-01-07T06:52:00,Sweden,Comedy,TV,Standard,60,42.4,70.7,2
WATCH-009934,2025-05-16T16:26:00,Spain,Thriller,Laptop,Premium,120,16.7,13.9,3
WATCH-009935,2025-08-09T06:52:00,Spain,Animation,Tablet,Standard,90,56.1,62.3,5
WATCH-009936,2025-06-04T23:16:00,Sweden,Drama,Laptop,Standard,22,1.6,7.3,2
WATCH-009937,2025-08-02T18:55:00,Spain,Science fiction,Tablet,Standard,30,24.7,82.3,3
WATCH-009938,2025-07-16T03:20:00,Netherlands,Drama,Tablet,Standard,22,14.3,65.0,1
WATCH-009939,2025-03-10T15:18:00,Germany,Drama,Laptop,Premium,22,1.5,6.8,5
WATCH-009940,2025-03-24T04:21:00,Germany,Animation,Phone,Basic,90,72.6,80.7,5
WATCH-009941,2025-03-14T09:02:00,France,Animation,TV,Premium,60,3.2,5.3,4
WATCH-009942,2025-03-06T17:46:00,Spain,Thriller,Tablet,Basic,90,19.6,21.8,1
WATCH-009943,2025-09-20T00:27:00,Italy,Animation,Laptop,Premium,60,36.1,60.2,4
WATCH-009944,2025-07-06T12:54:00,Germany,Science fiction,TV,Premium,60,5.0,8.3,5
WATCH-009945,2025-01-07T14:02:00,Germany,Thriller,Phone,Premium,30,5.1,17.0,4
WATCH-009946,2025-05-12T16:50:00,France,Documentary,Phone,Basic,30,29.8,99.3,4
WATCH-009947,2025-08-20T09:31:00,Netherlands,Drama,TV,Standard,22,15.9,72.3,3
WATCH-009948,2025-02-12T21:25:00,Spain,Science fiction,Tablet,Standard,30,18.5,61.7,1
WATCH-009949,2025-08-23T01:24:00,Spain,Animation,TV,Basic,120,11.4,9.5,2
WATCH-009950,2025-06-05T06:27:00,Netherlands,Comedy,Phone,Basic,60,9.8,16.3,5
WATCH-009951,2025-09-15T19:36:00,France,Drama,Tablet,Standard,90,89.8,99.8,3
WATCH-009952,2025-08-10T05:31:00,Italy,Drama,Laptop,Basic,90,44.0,48.9,3
WATCH-009953,2025-06-16T09:16:00,Spain,Animation,Laptop,Basic,90,70.8,78.7,1
WATCH-009954,2025-07-01T00:59:00,Spain,Documentary,TV,Premium,30,16.7,,5
WATCH-009955,2025-12-12T06:16:00,Italy,Thriller,TV,Standard,22,6.7,30.5,4
WATCH-009956,2025-05-04T12:57:00,France,Thriller,Laptop,Premium,60,54.3,90.5,5
WATCH-009957,2025-04-20T08:56:00,Spain,Science fiction,Laptop,Basic,22,12.4,56.4,3
WATCH-009958,2025-10-06T03:54:00,France,Animation,Laptop,Standard,45,37.8,84.0,1
WATCH-009959,2025-09-20T04:00:00,France,Documentary,TV,Standard,30,16.1,53.7,3
WATCH-009960,2025-02-04T17:38:00,Germany,Comedy,Tablet,Basic,90,60.8,67.6,2
WATCH-009961,2025-06-04T07:25:00,Sweden,Comedy,,Basic,30,24.7,82.3,3
WATCH-009962,2025-07-09T15:51:00,France,Thriller,TV,Premium,90,82.6,91.8,4
WATCH-009963,2025-06-17T02:28:00,Germany,Documentary,Phone,Standard,45,31.5,70.0,1
WATCH-009964,2025-12-31T20:17:00,Sweden,Documentary,Laptop,Basic,30,22.0,73.3,5
WATCH-009965,2025-03-14T22:10:00,Sweden,Thriller,Phone,Premium,30,12.0,40.0,1
WATCH-009966,2025-08-04T21:56:00,Italy,Drama,Laptop,Premium,22,19.9,90.5,5
WATCH-009967,2025-06-22T02:53:00,France,Drama,Laptop,Premium,45,9.2,20.4,1
WATCH-009968,2025-07-16T06:20:00,France,Science fiction,TV,Basic,45,37.5,83.3,5
WATCH-009969,2025-09-29T15:00:00,Italy,Drama,Tablet,Standard,30,18.0,60.0,2
WATCH-009970,2025-09-21T18:55:00,France,Documentary,Phone,Premium,90,31.5,35.0,2
WATCH-009971,2025-02-07T18:01:00,Italy,Documentary,Laptop,Standard,45,32.9,73.1,2
WATCH-009972,2025-08-14T00:33:00,Sweden,Thriller,Laptop,Standard,60,34.3,57.2,2
WATCH-009973,2025-01-12T00:15:00,Italy,Thriller,Laptop,Standard,90,47.2,52.4,3
WATCH-009974,2025-11-29T06:48:00,Netherlands,Comedy,Phone,Premium,45,34.7,77.1,2
WATCH-009975,2025-09-06T04:29:00,Sweden,Science fiction,Phone,Basic,120,90.7,75.6,4
WATCH-009976,2025-04-18T03:09:00,Netherlands,Documentary,Tablet,Basic,90,53.0,58.9,1
WATCH-009977,2025-02-07T18:03:00,Germany,Thriller,TV,Premium,60,59.9,99.8,2
WATCH-009978,2025-08-02T17:44:00,Spain,Drama,Phone,Standard,22,16.1,73.2,4
WATCH-009979,2025-01-14T23:01:00,France,Animation,TV,Basic,22,18.7,85.0,3
WATCH-009980,2025-05-14T08:37:00,France,Drama,Laptop,Standard,90,6.8,7.6,3
WATCH-009981,2025-06-06T08:02:00,Italy,Comedy,Laptop,Standard,30,14.4,48.0,5
WATCH-009982,2025-01-22T13:15:00,Sweden,Science fiction,Tablet,Premium,30,12.3,41.0,1
WATCH-009983,2025-12-16T01:05:00,Sweden,Animation,Tablet,Basic,22,5.7,25.9,3
WATCH-009984,2025-04-25T01:14:00,Italy,Documentary,Phone,Premium,60,57.4,95.7,4
WATCH-009985,2025-12-08T07:25:00,Sweden,Comedy,Phone,Basic,45,41.4,92.0,1
WATCH-009986,2025-10-21T02:15:00,Germany,Animation,Phone,Premium,30,13.7,45.7,5
WATCH-009987,2025-02-23T19:32:00,Spain,Science fiction,Phone,Standard,60,31.8,53.0,3
WATCH-009988,2025-03-21T15:09:00,Germany,Thriller,Tablet,Basic,90,87.6,97.3,5
WATCH-009989,2025-06-19T17:05:00,France,Animation,TV,Standard,120,15.7,13.1,1
WATCH-009990,2025-08-01T03:45:00,Netherlands,Documentary,TV,Premium,45,12.1,26.9,4
WATCH-009991,2025-05-29T11:31:00,Spain,Science fiction,Tablet,Basic,90,59.9,,1
WATCH-009992,2025-11-06T08:25:00,Italy,Science fiction,TV,Premium,22,4.4,20.0,5
WATCH-009993,2025-07-11T08:27:00,France,Science fiction,Tablet,Standard,22,13.2,60.0,1
WATCH-009994,2025-10-19T00:31:00,Germany,Documentary,TV,Premium,30,22.6,75.3,5
WATCH-009995,2025-02-17T23:28:00,France,Documentary,Phone,Standard,30,2.1,7.0,5
WATCH-009996,2025-06-27T02:18:00,Netherlands,Comedy,TV,Standard,22,5.8,26.4,1
WATCH-009997,2025-05-01T02:22:00,France,Thriller,Laptop,Premium,22,17.0,77.3,5
WATCH-009998,2025-05-17T15:41:00,Italy,Drama,TV,Standard,22,3.8,17.3,5
WATCH-009999,2025-05-18T09:23:00,France,Documentary,TV,Standard,22,6.7,30.5,2
WATCH-010000,2025-11-02T15:19:00,Netherlands,Comedy,Phone,Basic,60,48.6,81.0,5
WATCH-010001,2025-11-08T08:29:00,Italy,Animation,Tablet,Premium,30,25.2,84.0,5
WATCH-010002,2025-07-12T20:22:00,Spain,Animation,TV,Basic,60,20.5,34.2,2
WATCH-010003,2025-10-01T07:18:00,Italy,Drama,Phone,Premium,120,105.8,88.2,1
WATCH-010004,2025-10-01T16:23:00,Netherlands,Drama,Laptop,Basic,22,9.6,43.6,2
WATCH-010005,2025-05-26T22:33:00,Germany,Science fiction,TV,Premium,30,3.1,10.3,4
WATCH-010006,2025-09-16T04:10:00,Netherlands,Comedy,TV,Standard,30,9.1,30.3,3
WATCH-010007,2025-04-26T06:36:00,Italy,Drama,TV,Basic,22,6.9,31.4,1
WATCH-010008,2025-01-20T04:30:00,Sweden,Science fiction,Laptop,Standard,60,31.2,52.0,1
WATCH-010009,2025-06-16T11:12:00,Netherlands,Drama,Laptop,Premium,90,7.2,8.0,1
WATCH-010010,2025-03-23T10:17:00,France,Drama,Phone,Premium,30,15.4,51.3,2
WATCH-010011,2025-10-13T12:02:00,Italy,Animation,TV,Premium,60,25.6,42.7,1
WATCH-010012,2025-01-24T23:10:00,France,Drama,Tablet,Standard,120,117.2,97.7,5
WATCH-010013,2025-10-08T10:13:00,Sweden,Documentary,TV,Basic,22,11.2,50.9,3
WATCH-010014,2025-10-16T10:11:00,Germany,Comedy,Phone,Standard,120,115.5,96.2,5
WATCH-010015,2025-03-22T03:14:00,Spain,Drama,Laptop,Basic,22,16.0,72.7,4
WATCH-010016,2025-11-16T19:39:00,Germany,Thriller,Phone,Basic,22,5.8,26.4,3
WATCH-010017,2025-01-21T14:53:00,France,Thriller,Phone,Basic,90,76.1,84.6,3
WATCH-010018,2025-03-02T22:05:00,Netherlands,Animation,Laptop,Basic,60,9.7,16.2,1
WATCH-010019,2025-11-17T11:12:00,Netherlands,Science fiction,Tablet,Standard,90,47.0,52.2,3
WATCH-010020,2025-03-19T03:56:00,Netherlands,Comedy,Phone,Premium,30,25.7,85.7,5
WATCH-010021,2025-07-04T21:48:00,Sweden,Thriller,TV,Premium,120,106.0,88.3,1
WATCH-010022,2025-01-12T17:13:00,Spain,Thriller,Tablet,Premium,30,11.1,37.0,4
WATCH-010023,2025-04-18T07:40:00,France,Comedy,Phone,Standard,90,49.0,54.4,2
WATCH-010024,2025-05-31T00:17:00,Spain,Comedy,TV,Basic,22,19.2,87.3,3
WATCH-010025,2025-07-25T12:40:00,Spain,Documentary,Tablet,Premium,45,29.6,65.8,3
WATCH-010026,2025-02-12T06:13:00,Netherlands,Comedy,Laptop,Basic,90,32.9,36.6,5
WATCH-010027,2025-06-26T09:50:00,Spain,Thriller,TV,Premium,60,27.0,45.0,2
WATCH-010028,2025-02-13T13:13:00,Spain,Drama,Laptop,Premium,22,12.4,,3
WATCH-010029,2025-11-13T21:34:00,Netherlands,Drama,Laptop,Premium,60,23.7,39.5,2
WATCH-010030,2025-11-26T01:09:00,Spain,Animation,Phone,Basic,22,14.4,65.5,2
WATCH-010031,2025-03-22T15:07:00,France,Thriller,Tablet,Premium,60,46.7,77.8,2
WATCH-010032,2025-10-03T10:06:00,Sweden,Science fiction,TV,Basic,45,13.6,30.2,1
WATCH-010033,2025-08-06T15:02:00,Netherlands,Science fiction,TV,Basic,30,21.4,71.3,3
WATCH-010034,2025-04-17T04:23:00,Sweden,Comedy,Phone,Standard,30,12.8,42.7,2
WATCH-010035,2025-01-25T01:45:00,Spain,Animation,Phone,Premium,22,4.6,20.9,5
WATCH-010036,2025-12-28T11:09:00,Sweden,Thriller,Laptop,Premium,120,6.9,5.8,4
WATCH-010037,2025-03-20T15:34:00,Germany,Comedy,Phone,Standard,120,102.4,85.3,4
WATCH-010038,2025-07-27T18:25:00,Italy,Thriller,Tablet,Premium,60,26.1,43.5,3
WATCH-010039,2025-06-14T09:25:00,Spain,Animation,Tablet,Standard,30,17.1,57.0,4
WATCH-010040,2025-09-06T06:27:00,France,Thriller,Laptop,Basic,90,83.4,92.7,1
WATCH-010041,2025-12-01T07:43:00,Italy,Science fiction,Laptop,Standard,45,13.8,30.7,5
WATCH-010042,2025-08-27T02:09:00,Italy,Documentary,Laptop,Standard,60,31.4,52.3,2
WATCH-010043,2025-01-07T07:56:00,France,Thriller,Laptop,Premium,45,8.4,18.7,2
WATCH-010044,2025-01-06T16:38:00,Spain,Thriller,,Basic,22,10.2,46.4,4
WATCH-010045,2025-05-16T20:25:00,Sweden,Animation,TV,Premium,60,48.0,80.0,4
WATCH-010046,2025-01-07T05:55:00,Netherlands,Drama,TV,Premium,30,23.3,77.7,2
WATCH-010047,2025-08-27T08:20:00,Spain,Thriller,TV,Standard,30,22.7,75.7,2
WATCH-010048,2025-08-14T04:22:00,Spain,Drama,Tablet,Premium,45,2.7,6.0,3
WATCH-010049,2025-10-02T14:52:00,Italy,Comedy,Tablet,Basic,45,15.9,35.3,2
WATCH-010050,2025-12-12T14:58:00,France,Animation,Tablet,Standard,120,60.8,50.7,4
WATCH-010051,2025-11-09T14:01:00,France,Comedy,Tablet,Premium,22,7.3,33.2,1
WATCH-010052,2025-12-13T12:54:00,Netherlands,Documentary,TV,Basic,22,2.4,10.9,4
WATCH-010053,2025-07-10T02:58:00,Spain,Animation,TV,Premium,60,34.6,57.7,4
WATCH-010054,2025-09-28T07:34:00,Italy,Thriller,Tablet,Premium,120,13.1,10.9,3
WATCH-010055,2025-10-27T18:17:00,Spain,Comedy,TV,Basic,60,40.5,67.5,1
WATCH-010056,2025-01-23T18:31:00,Italy,Thriller,Tablet,Premium,45,23.2,51.6,4
WATCH-010057,2025-02-09T04:37:00,France,Comedy,Tablet,Basic,30,28.2,94.0,3
WATCH-010058,2025-10-22T19:31:00,Spain,Comedy,Phone,Basic,60,12.5,20.8,4
WATCH-010059,2025-03-29T03:07:00,Germany,Drama,TV,Basic,120,10.0,8.3,3
WATCH-010060,2025-09-02T06:54:00,Spain,Animation,Phone,Basic,22,5.9,26.8,2
WATCH-010061,2025-06-22T15:14:00,France,Science fiction,TV,Basic,22,5.1,23.2,5
WATCH-010062,2025-10-01T09:56:00,Spain,Documentary,Phone,Premium,22,1.8,8.2,2
WATCH-010063,2025-01-22T13:53:00,Italy,Drama,Tablet,Standard,22,19.5,88.6,5
WATCH-010064,2025-04-12T00:24:00,Germany,Drama,Phone,Standard,22,18.2,82.7,3
WATCH-010065,2025-04-08T22:07:00,Netherlands,Comedy,Laptop,Premium,60,14.9,,3
WATCH-010066,2025-08-03T02:39:00,Italy,Thriller,Phone,Standard,45,22.8,50.7,3
WATCH-010067,2025-02-03T16:45:00,France,Comedy,TV,Premium,22,10.3,46.8,5
WATCH-010068,2025-10-29T07:09:00,Germany,Animation,Phone,Premium,30,25.0,83.3,5
WATCH-010069,2025-04-10T06:40:00,France,Comedy,TV,Standard,120,76.6,63.8,4
WATCH-010070,2025-04-20T23:53:00,Sweden,Drama,Phone,Premium,45,36.1,80.2,3
WATCH-010071,2025-08-14T19:09:00,Sweden,Science fiction,TV,Standard,60,23.0,38.3,1
WATCH-010072,2025-07-25T06:46:00,Spain,Science fiction,Laptop,Premium,120,8.5,7.1,2
WATCH-010073,2025-04-18T14:18:00,Netherlands,Documentary,TV,Premium,22,3.5,15.9,2
WATCH-010074,2025-11-11T20:33:00,Sweden,Comedy,TV,Premium,22,1.5,6.8,4
WATCH-010075,2025-01-11T04:38:00,Germany,Thriller,TV,Premium,30,5.4,18.0,1
WATCH-010076,2025-05-23T20:46:00,Sweden,Documentary,Laptop,Standard,120,97.1,80.9,2
WATCH-010077,2025-09-28T12:27:00,France,Comedy,Phone,Basic,30,15.1,50.3,5
WATCH-010078,2025-12-03T14:16:00,Germany,Documentary,TV,Standard,120,32.6,27.2,1
WATCH-010079,2025-04-03T00:15:00,Sweden,Science fiction,Tablet,Standard,22,5.2,23.6,2
WATCH-010080,2025-02-05T06:12:00,Netherlands,Documentary,Tablet,Basic,30,21.5,71.7,1
WATCH-010081,2025-09-28T03:26:00,Netherlands,Thriller,TV,Standard,30,18.6,62.0,4
WATCH-010082,2025-05-29T07:49:00,Spain,Drama,Tablet,Basic,120,46.0,38.3,4
WATCH-010083,2025-09-04T03:47:00,France,Animation,Laptop,Standard,22,1.8,8.2,1
WATCH-010084,2025-06-24T12:05:00,Italy,Drama,TV,Premium,22,9.7,44.1,4
WATCH-010085,2025-12-13T19:16:00,Sweden,Drama,Tablet,Premium,60,59.8,99.7,1
WATCH-010086,2025-03-16T12:59:00,Spain,Comedy,TV,Premium,120,44.1,36.8,3
WATCH-010087,2025-12-30T08:43:00,France,Science fiction,Phone,Standard,22,21.6,98.2,1
WATCH-010088,2025-05-04T19:46:00,Spain,Science fiction,Laptop,Standard,45,17.0,37.8,2
WATCH-010089,2025-10-22T03:03:00,Netherlands,Science fiction,Laptop,Premium,60,18.4,30.7,5
WATCH-010090,2025-01-31T17:58:00,Italy,Science fiction,Tablet,Standard,90,56.9,63.2,3
WATCH-010091,2025-02-08T10:13:00,Netherlands,Documentary,Laptop,Standard,120,59.0,49.2,1
WATCH-010092,2025-07-14T09:46:00,Sweden,Comedy,Phone,Standard,30,7.7,25.7,4
WATCH-010093,2025-06-16T05:23:00,Spain,Comedy,Tablet,Basic,120,87.1,72.6,4
WATCH-010094,2025-09-12T09:12:00,Netherlands,Documentary,TV,Premium,45,18.8,41.8,4
WATCH-010095,2025-03-07T22:06:00,Sweden,Comedy,Phone,Premium,45,19.2,42.7,1
WATCH-010096,2025-04-19T00:12:00,France,Drama,Phone,Basic,30,28.8,96.0,4
WATCH-010097,2025-08-02T14:55:00,Germany,Animation,TV,Standard,30,16.6,55.3,5
WATCH-010098,2025-01-02T15:19:00,Italy,Animation,Phone,Standard,45,28.1,62.4,5
WATCH-010099,2025-06-18T15:12:00,Sweden,Comedy,Laptop,Premium,90,73.2,81.3,1
WATCH-010100,2025-01-24T03:49:00,Spain,Comedy,TV,Basic,90,8.2,9.1,3
WATCH-010101,2025-04-09T09:09:00,Spain,Animation,Tablet,Basic,90,49.6,55.1,5
WATCH-010102,2025-01-13T07:21:00,Germany,Animation,Tablet,Standard,22,4.2,,5
WATCH-010103,2025-03-13T20:43:00,France,Drama,Phone,Standard,22,1.7,7.7,1
WATCH-010104,2025-09-11T04:10:00,Germany,Drama,Phone,Premium,60,57.7,96.2,3
WATCH-010105,2025-08-14T17:27:00,Sweden,Science fiction,Phone,Basic,60,20.0,33.3,1
WATCH-010106,2025-12-18T11:01:00,Italy,Thriller,Tablet,Standard,30,25.6,85.3,1
WATCH-010107,2025-05-29T19:47:00,Sweden,Drama,Phone,Basic,120,79.2,66.0,1
WATCH-010108,2025-09-06T15:05:00,France,Documentary,Phone,Standard,45,28.6,63.6,2
WATCH-010109,2025-07-15T03:48:00,Germany,Documentary,Phone,Premium,60,44.4,74.0,4
WATCH-010110,2025-12-31T09:43:00,Sweden,Thriller,Phone,Premium,30,18.8,62.7,3
WATCH-010111,2025-11-18T14:04:00,Netherlands,Thriller,Phone,Premium,60,4.8,8.0,2
WATCH-010112,2025-01-16T13:42:00,Spain,Documentary,TV,Standard,30,27.3,91.0,4
WATCH-010113,2025-08-28T16:32:00,Germany,Documentary,TV,Standard,22,21.2,96.4,1
WATCH-010114,2025-08-20T09:57:00,Germany,Science fiction,TV,Premium,30,12.1,40.3,1
WATCH-010115,2025-12-03T22:05:00,Spain,Science fiction,Phone,Premium,30,15.5,51.7,2
WATCH-010116,2025-06-26T15:09:00,Netherlands,Comedy,Laptop,Basic,30,13.0,43.3,1
WATCH-010117,2025-06-17T04:52:00,Germany,Comedy,TV,Premium,45,11.8,26.2,5
WATCH-010118,2025-11-26T22:41:00,France,Thriller,Laptop,Premium,60,3.3,5.5,3
WATCH-010119,2025-11-08T05:54:00,Sweden,Documentary,Phone,Standard,22,14.9,67.7,1
WATCH-010120,2025-09-30T16:10:00,Spain,Science fiction,Laptop,Basic,90,30.4,33.8,2
WATCH-010121,2025-03-01T15:12:00,Netherlands,Drama,TV,Basic,45,5.1,11.3,4
WATCH-010122,2025-02-11T12:21:00,Sweden,Animation,TV,Basic,30,22.8,76.0,4
WATCH-010123,2025-06-19T00:32:00,Spain,Documentary,Tablet,Premium,22,15.1,68.6,2
WATCH-010124,2025-05-28T18:29:00,Germany,Animation,Phone,Standard,22,9.7,44.1,1
WATCH-010125,2025-11-25T03:46:00,Italy,Comedy,Phone,Premium,30,26.7,89.0,5
WATCH-010126,2025-08-12T14:40:00,France,Thriller,Tablet,Basic,120,93.5,77.9,2
WATCH-010127,2025-04-19T11:33:00,France,Drama,,Premium,45,12.6,28.0,2
WATCH-010128,2025-01-23T22:17:00,France,Documentary,Tablet,Premium,22,12.3,55.9,5
WATCH-010129,2025-02-23T01:35:00,France,Science fiction,Phone,Basic,60,55.8,93.0,2
WATCH-010130,2025-08-17T12:38:00,Sweden,Documentary,Tablet,Premium,22,14.3,65.0,5
WATCH-010131,2025-07-30T23:59:00,Sweden,Comedy,Laptop,Standard,30,6.8,22.7,1
WATCH-010132,2025-06-03T15:32:00,Sweden,Animation,Laptop,Premium,120,71.6,59.7,3
WATCH-010133,2025-08-20T03:06:00,Netherlands,Animation,Tablet,Basic,120,13.1,10.9,5
WATCH-010134,2025-04-07T20:21:00,Italy,Science fiction,Phone,Basic,30,24.6,82.0,4
WATCH-010135,2025-04-16T10:13:00,Germany,Comedy,Phone,Premium,22,19.6,89.1,3
WATCH-010136,2025-01-05T15:43:00,Italy,Comedy,Phone,Premium,90,82.8,92.0,1
WATCH-010137,2025-02-25T14:08:00,Germany,Drama,TV,Standard,90,20.6,22.9,4
WATCH-010138,2025-07-28T21:58:00,Netherlands,Science fiction,Tablet,Premium,30,23.0,76.7,2
WATCH-010139,2025-07-14T15:35:00,Italy,Science fiction,Phone,Standard,22,10.3,,5
WATCH-010140,2025-02-24T17:16:00,Netherlands,Science fiction,TV,Standard,60,30.9,51.5,5
WATCH-010141,2025-04-16T20:38:00,Spain,Documentary,Phone,Basic,60,10.1,16.8,3
WATCH-010142,2025-05-30T19:49:00,Spain,Thriller,Phone,Standard,90,65.2,72.4,4
WATCH-010143,2025-11-23T20:25:00,France,Animation,TV,Premium,60,20.0,33.3,5
WATCH-010144,2025-10-17T17:18:00,Netherlands,Animation,Tablet,Standard,45,30.6,68.0,4
WATCH-010145,2025-11-24T20:11:00,Germany,Animation,Laptop,Standard,45,18.1,40.2,2
WATCH-010146,2025-06-14T08:13:00,Italy,Animation,Laptop,Premium,120,59.9,49.9,1
WATCH-010147,2025-03-04T14:04:00,Spain,Animation,TV,Standard,22,20.4,92.7,1
WATCH-010148,2025-05-19T01:18:00,Germany,Science fiction,Phone,Standard,120,85.8,71.5,2
WATCH-010149,2025-12-05T23:48:00,Netherlands,Thriller,Tablet,Basic,60,19.3,32.2,2
WATCH-010150,2025-08-21T02:03:00,Spain,Drama,TV,Premium,90,78.2,86.9,2
WATCH-010151,2025-08-28T05:17:00,Germany,Science fiction,Tablet,Basic,60,31.3,52.2,4
WATCH-010152,2025-10-23T00:55:00,Germany,Documentary,Phone,Standard,60,28.7,47.8,2
WATCH-010153,2025-12-09T23:28:00,France,Drama,Laptop,Basic,22,11.2,50.9,2
WATCH-010154,2025-05-14T08:35:00,Italy,Science fiction,TV,Basic,90,52.7,58.6,3
WATCH-010155,2025-03-27T08:40:00,Italy,Documentary,TV,Standard,30,16.2,54.0,4
WATCH-010156,2025-06-02T06:45:00,France,Animation,TV,Standard,30,18.8,62.7,2
WATCH-010157,2025-10-22T16:25:00,Spain,Thriller,Tablet,Premium,90,5.8,6.4,1
WATCH-010158,2025-10-18T21:26:00,France,Drama,Laptop,Standard,120,72.4,60.3,5
WATCH-010159,2025-05-22T07:30:00,Netherlands,Documentary,Laptop,Basic,45,38.1,84.7,2
WATCH-010160,2025-01-07T17:32:00,Germany,Thriller,Tablet,Standard,45,28.1,62.4,3
WATCH-010161,2025-07-21T01:38:00,Netherlands,Documentary,Phone,Standard,60,15.7,26.2,5
WATCH-010162,2025-01-30T00:26:00,Sweden,Drama,Laptop,Standard,60,38.6,64.3,4
WATCH-010163,2025-03-28T05:14:00,France,Animation,TV,Basic,90,36.6,40.7,3
WATCH-010164,2025-09-03T08:46:00,Italy,Thriller,Tablet,Premium,120,24.0,20.0,5
WATCH-010165,2025-03-22T04:53:00,Italy,Documentary,Tablet,Premium,22,16.2,73.6,3
WATCH-010166,2025-12-29T02:55:00,Italy,Science fiction,TV,Standard,30,9.5,31.7,4
WATCH-010167,2025-02-16T12:40:00,Spain,Science fiction,TV,Premium,30,13.8,46.0,4
WATCH-010168,2025-11-13T03:39:00,Spain,Drama,Laptop,Premium,120,98.7,82.2,5
WATCH-010169,2025-04-26T03:21:00,Netherlands,Animation,Tablet,Premium,60,28.6,47.7,5
WATCH-010170,2025-04-03T03:13:00,Spain,Science fiction,TV,Premium,45,12.3,27.3,1
WATCH-010171,2025-01-07T05:02:00,Italy,Comedy,TV,Premium,30,4.1,13.7,2
WATCH-010172,2025-03-10T08:19:00,Netherlands,Comedy,Tablet,Basic,30,29.1,97.0,3
WATCH-010173,2025-04-12T20:24:00,France,Comedy,TV,Basic,60,12.5,20.8,4
WATCH-010174,2025-01-27T11:20:00,Germany,Documentary,Tablet,Premium,60,38.9,64.8,5
WATCH-010175,2025-12-08T20:02:00,Germany,Animation,Laptop,Standard,30,5.2,17.3,4
WATCH-010176,2025-04-19T09:44:00,Sweden,Drama,Phone,Basic,30,9.4,,4
WATCH-010177,2025-04-01T13:24:00,Spain,Documentary,Phone,Premium,120,42.9,35.8,1
WATCH-010178,2025-01-18T12:12:00,Italy,Documentary,Tablet,Basic,30,27.7,92.3,2
WATCH-010179,2025-04-23T19:37:00,Italy,Thriller,TV,Premium,60,9.9,16.5,4
WATCH-010180,2025-09-09T07:20:00,France,Science fiction,Tablet,Premium,30,16.1,53.7,1
WATCH-010181,2025-05-10T16:07:00,Italy,Documentary,Phone,Basic,60,52.5,87.5,1
WATCH-010182,2025-06-20T14:17:00,Spain,Drama,TV,Basic,22,7.9,35.9,3
WATCH-010183,2025-06-29T23:41:00,Italy,Documentary,Laptop,Premium,90,8.9,9.9,3
WATCH-010184,2025-05-10T14:49:00,Sweden,Drama,Laptop,Standard,45,39.7,88.2,2
WATCH-010185,2025-08-05T13:56:00,Italy,Documentary,TV,Premium,90,70.6,78.4,4
WATCH-010186,2025-09-15T12:12:00,France,Documentary,Tablet,Standard,120,26.5,22.1,3
WATCH-010187,2025-11-09T16:56:00,Germany,Documentary,Laptop,Standard,90,27.2,30.2,3
WATCH-010188,2025-02-02T21:49:00,Sweden,Thriller,Tablet,Premium,60,13.0,21.7,4
WATCH-010189,2025-01-22T19:36:00,Italy,Drama,Phone,Standard,45,16.5,36.7,3
WATCH-010190,2025-01-08T03:59:00,Sweden,Documentary,Laptop,Premium,120,95.7,79.8,2
WATCH-010191,2025-12-01T02:54:00,Spain,Animation,TV,Standard,45,42.9,95.3,5
WATCH-010192,2025-02-17T07:20:00,France,Comedy,Phone,Standard,45,32.7,72.7,5
WATCH-010193,2025-03-24T06:52:00,Germany,Documentary,TV,Standard,45,16.6,36.9,3
WATCH-010194,2025-05-20T05:27:00,Italy,Thriller,Phone,Standard,60,34.6,57.7,1
WATCH-010195,2025-05-13T11:01:00,Spain,Drama,Tablet,Premium,60,35.0,58.3,3
WATCH-010196,2025-11-14T02:04:00,Germany,Drama,Tablet,Standard,30,17.1,57.0,5
WATCH-010197,2025-11-17T07:58:00,France,Drama,TV,Basic,30,7.2,24.0,4
WATCH-010198,2025-05-22T00:42:00,Spain,Animation,Phone,Basic,30,20.9,69.7,3
WATCH-010199,2025-05-05T08:33:00,Spain,Thriller,Tablet,Premium,22,13.6,61.8,2
WATCH-010200,2025-06-18T15:31:00,Sweden,Science fiction,Phone,Basic,30,1.6,5.3,2
WATCH-010201,2025-10-03T23:55:00,Spain,Comedy,TV,Basic,45,37.1,82.4,1
WATCH-010202,2025-01-20T21:10:00,Germany,Comedy,TV,Premium,90,8.7,9.7,2
WATCH-010203,2025-07-17T03:33:00,France,Science fiction,TV,Standard,30,4.2,14.0,4
WATCH-010204,2025-02-04T03:51:00,Netherlands,Thriller,Phone,Basic,45,5.5,12.2,1
WATCH-010205,2025-07-29T05:29:00,Netherlands,Comedy,Tablet,Premium,60,60.0,100.0,5
WATCH-010206,2025-08-12T07:15:00,Italy,Drama,Laptop,Premium,90,23.8,26.4,5
WATCH-010207,2025-05-21T16:39:00,Germany,Drama,TV,Premium,45,6.6,14.7,3
WATCH-010208,2025-11-13T07:25:00,France,Documentary,Phone,Basic,60,35.8,59.7,5
WATCH-010209,2025-04-26T17:01:00,Germany,Comedy,Tablet,Premium,22,12.8,58.2,1
WATCH-010210,2025-05-06T20:15:00,Italy,Animation,,Basic,22,19.2,87.3,1
WATCH-010211,2025-11-13T20:54:00,Netherlands,Drama,Laptop,Basic,120,106.5,88.8,5
WATCH-010212,2025-12-29T00:13:00,Netherlands,Science fiction,Laptop,Basic,22,7.0,31.8,5
WATCH-010213,2025-05-03T14:14:00,Netherlands,Documentary,Tablet,Standard,120,19.1,,2
WATCH-010214,2025-11-26T12:46:00,Sweden,Comedy,TV,Basic,22,1.7,7.7,4
WATCH-010215,2025-07-02T08:04:00,Spain,Drama,Laptop,Basic,22,18.2,82.7,3
WATCH-010216,2025-12-26T14:36:00,France,Drama,TV,Premium,120,6.9,5.8,5
WATCH-010217,2025-12-27T21:00:00,Netherlands,Documentary,Laptop,Basic,30,15.8,52.7,1
WATCH-010218,2025-07-13T23:50:00,Spain,Science fiction,Phone,Basic,22,21.6,98.2,4
WATCH-010219,2025-05-05T18:53:00,Italy,Comedy,Laptop,Standard,22,3.2,14.5,5
WATCH-010220,2025-07-30T19:17:00,Italy,Thriller,Tablet,Premium,45,2.7,6.0,3
WATCH-010221,2025-03-06T00:27:00,France,Thriller,Tablet,Standard,90,86.2,95.8,1
WATCH-010222,2025-07-07T04:53:00,France,Comedy,Laptop,Premium,30,10.8,36.0,2
WATCH-010223,2025-12-03T13:33:00,Italy,Comedy,Phone,Basic,22,2.3,10.5,1
WATCH-010224,2025-03-11T07:54:00,France,Documentary,Tablet,Basic,90,42.3,47.0,1
WATCH-010225,2025-10-17T07:52:00,Spain,Comedy,Tablet,Basic,22,19.7,89.5,4
WATCH-010226,2025-06-23T14:52:00,Italy,Animation,Tablet,Premium,60,50.7,84.5,4
WATCH-010227,2025-11-14T16:53:00,Germany,Drama,TV,Premium,120,94.5,78.8,5
WATCH-010228,2025-01-27T18:26:00,France,Thriller,Laptop,Standard,45,9.1,20.2,1
WATCH-010229,2025-09-30T05:38:00,Netherlands,Documentary,TV,Basic,90,7.5,8.3,1
WATCH-010230,2025-12-07T21:46:00,Netherlands,Thriller,TV,Premium,90,33.0,36.7,3
WATCH-010231,2025-06-24T04:17:00,Sweden,Comedy,Laptop,Basic,120,56.9,47.4,5
WATCH-010232,2025-04-10T14:15:00,Germany,Documentary,Laptop,Basic,45,32.3,71.8,4
WATCH-010233,2025-12-30T04:30:00,Italy,Drama,TV,Standard,120,17.9,14.9,1
WATCH-010234,2025-06-24T10:07:00,Germany,Comedy,Laptop,Standard,90,49.7,55.2,5
WATCH-010235,2025-06-10T01:27:00,Spain,Science fiction,TV,Basic,60,18.2,30.3,1
WATCH-010236,2025-03-19T05:02:00,Germany,Documentary,Laptop,Basic,30,6.8,22.7,5
WATCH-010237,2025-06-21T15:09:00,Sweden,Animation,Tablet,Basic,120,20.2,16.8,4
WATCH-010238,2025-07-28T07:10:00,Spain,Drama,Phone,Basic,30,13.2,44.0,5
WATCH-010239,2025-12-12T12:29:00,Germany,Documentary,Laptop,Standard,60,35.6,59.3,5
WATCH-010240,2025-06-27T06:48:00,Netherlands,Animation,Tablet,Premium,120,32.9,27.4,2
WATCH-010241,2025-10-06T12:53:00,Netherlands,Drama,TV,Standard,90,27.0,30.0,4
WATCH-010242,2025-10-16T21:11:00,Italy,Science fiction,Laptop,Standard,60,4.7,7.8,2
WATCH-010243,2025-08-30T07:18:00,Italy,Documentary,Phone,Premium,60,17.3,28.8,5
WATCH-010244,2025-08-19T06:15:00,Sweden,Science fiction,Laptop,Standard,30,24.0,80.0,2
WATCH-010245,2025-02-07T05:40:00,France,Drama,Laptop,Standard,45,26.9,59.8,4
WATCH-010246,2025-08-01T21:16:00,Netherlands,Science fiction,Phone,Premium,90,75.5,83.9,2
WATCH-010247,2025-03-19T03:28:00,France,Thriller,Phone,Standard,60,34.9,58.2,1
WATCH-010248,2025-04-07T10:52:00,Italy,Documentary,Laptop,Premium,22,11.9,54.1,2
WATCH-010249,2025-09-17T21:58:00,Italy,Documentary,Laptop,Basic,120,64.2,53.5,2
WATCH-010250,2025-06-08T05:35:00,Netherlands,Science fiction,Tablet,Basic,45,44.3,,5
WATCH-010251,2025-09-16T14:35:00,Sweden,Science fiction,Phone,Standard,22,12.1,55.0,3
WATCH-010252,2025-03-27T02:19:00,France,Comedy,Tablet,Standard,120,70.2,58.5,5
WATCH-010253,2025-09-14T22:17:00,Spain,Thriller,Laptop,Standard,60,49.0,81.7,5
WATCH-010254,2025-05-19T23:21:00,Germany,Drama,TV,Premium,120,21.3,17.8,1
WATCH-010255,2025-03-02T23:43:00,Netherlands,Drama,Phone,Premium,45,2.7,6.0,5
WATCH-010256,2025-09-21T20:20:00,Spain,Animation,Laptop,Premium,60,6.9,11.5,1
WATCH-010257,2025-05-22T15:34:00,Italy,Thriller,Laptop,Premium,60,27.2,45.3,2
WATCH-010258,2025-05-21T15:47:00,Sweden,Comedy,Tablet,Standard,22,13.9,63.2,2
WATCH-010259,2025-03-04T12:01:00,Italy,Thriller,Phone,Premium,120,83.8,69.8,2
WATCH-010260,2025-02-21T19:20:00,Italy,Thriller,Laptop,Standard,120,85.2,71.0,2
WATCH-010261,2025-12-02T16:10:00,Netherlands,Science fiction,Laptop,Standard,30,17.0,56.7,2
WATCH-010262,2025-10-13T09:59:00,France,Thriller,Tablet,Premium,22,11.0,50.0,1
WATCH-010263,2025-08-08T09:46:00,France,Drama,TV,Standard,60,30.1,50.2,1
WATCH-010264,2025-12-17T01:45:00,Spain,Animation,Phone,Standard,22,12.5,56.8,3
WATCH-010265,2025-06-18T03:37:00,Germany,Animation,Tablet,Standard,22,6.4,29.1,5
WATCH-010266,2025-12-22T21:36:00,Sweden,Documentary,Laptop,Basic,30,25.0,83.3,5
WATCH-010267,2025-11-30T09:16:00,France,Science fiction,Tablet,Standard,45,39.4,87.6,3
WATCH-010268,2025-10-15T14:57:00,Italy,Documentary,Phone,Basic,120,101.3,84.4,1
WATCH-010269,2025-02-07T15:40:00,France,Drama,Laptop,Basic,22,11.0,50.0,2
WATCH-010270,2025-09-25T02:53:00,Italy,Thriller,Tablet,Basic,45,38.3,85.1,2
WATCH-010271,2025-07-03T13:26:00,France,Science fiction,TV,Standard,45,25.3,56.2,2
WATCH-010272,2025-04-06T23:20:00,Sweden,Comedy,Laptop,Premium,22,19.4,88.2,3
WATCH-010273,2025-07-27T14:54:00,Netherlands,Comedy,Tablet,Premium,45,16.1,35.8,4
WATCH-010274,2025-12-18T20:56:00,France,Animation,TV,Standard,120,109.2,91.0,3
WATCH-010275,2025-08-28T08:22:00,France,Thriller,TV,Basic,22,6.2,28.2,5
WATCH-010276,2025-06-24T02:21:00,Netherlands,Comedy,Tablet,Premium,22,4.8,21.8,5
WATCH-010277,2025-10-18T07:50:00,Sweden,Drama,Tablet,Standard,120,71.2,59.3,1
WATCH-010278,2025-09-23T21:38:00,Spain,Animation,Phone,Standard,90,87.2,96.9,3
WATCH-010279,2025-11-17T07:51:00,Germany,Science fiction,TV,Standard,120,88.0,73.3,2
WATCH-010280,2025-10-23T14:26:00,Sweden,Drama,Laptop,Basic,45,32.2,71.6,4
WATCH-010281,2025-12-02T09:56:00,Germany,Comedy,Phone,Premium,30,12.7,42.3,1
WATCH-010282,2025-10-30T16:56:00,Sweden,Comedy,Laptop,Premium,90,87.6,97.3,5
WATCH-010283,2025-08-03T14:33:00,France,Drama,TV,Basic,30,15.6,52.0,5
WATCH-010284,2025-08-13T12:47:00,Italy,Drama,Phone,Premium,22,9.2,41.8,5
WATCH-010285,2025-07-10T08:44:00,France,Thriller,TV,Standard,120,39.7,33.1,3
WATCH-010286,2025-10-24T18:58:00,Netherlands,Drama,Phone,Basic,30,14.3,47.7,1
WATCH-010287,2025-11-17T22:07:00,Spain,Documentary,Laptop,Basic,22,17.1,,5
WATCH-010288,2025-07-11T03:00:00,France,Drama,TV,Premium,60,12.3,20.5,3
WATCH-010289,2025-09-04T18:26:00,Netherlands,Documentary,TV,Standard,45,6.4,14.2,5
WATCH-010290,2025-04-20T04:03:00,Sweden,Comedy,Laptop,Standard,45,2.4,5.3,4
WATCH-010291,2025-12-27T19:47:00,Italy,Animation,Tablet,Standard,30,13.2,44.0,1
WATCH-010292,2025-01-02T18:05:00,Germany,Comedy,Laptop,Basic,60,45.7,76.2,1
WATCH-010293,2025-06-24T20:41:00,Germany,Thriller,,Premium,60,13.5,22.5,4
WATCH-010294,2025-10-30T16:10:00,Germany,Documentary,Tablet,Premium,22,12.5,56.8,5
WATCH-010295,2025-01-23T22:41:00,Germany,Science fiction,Tablet,Standard,60,46.1,76.8,3
WATCH-010296,2025-03-22T15:42:00,Netherlands,Thriller,Tablet,Basic,45,32.9,73.1,2
WATCH-010297,2025-03-10T22:47:00,Germany,Science fiction,Tablet,Standard,30,18.6,62.0,2
WATCH-010298,2025-11-15T19:54:00,France,Documentary,Laptop,Basic,90,20.6,22.9,1
WATCH-010299,2025-11-10T16:04:00,Sweden,Science fiction,Phone,Premium,22,5.2,23.6,2
WATCH-010300,2025-07-22T18:14:00,Italy,Comedy,Tablet,Premium,60,47.1,78.5,4
WATCH-010301,2025-03-27T08:00:00,Netherlands,Science fiction,Phone,Basic,22,21.2,96.4,3
WATCH-010302,2025-11-14T21:27:00,France,Animation,Tablet,Standard,45,37.2,82.7,2
WATCH-010303,2025-11-24T21:17:00,Netherlands,Science fiction,Phone,Standard,45,6.8,15.1,2
WATCH-010304,2025-01-27T04:36:00,Italy,Thriller,Phone,Standard,22,19.2,87.3,4
WATCH-010305,2025-04-23T19:12:00,Spain,Thriller,TV,Basic,60,47.2,78.7,1
WATCH-010306,2025-06-19T02:58:00,Spain,Comedy,Laptop,Standard,45,36.4,80.9,3
WATCH-010307,2025-12-10T08:16:00,Spain,Thriller,Tablet,Basic,120,111.4,92.8,2
WATCH-010308,2025-02-11T18:06:00,Netherlands,Thriller,Phone,Standard,60,55.9,93.2,1
WATCH-010309,2025-03-30T04:38:00,Sweden,Thriller,Phone,Premium,30,29.4,98.0,2
WATCH-010310,2025-08-09T03:41:00,Germany,Comedy,Tablet,Basic,90,29.8,33.1,1
WATCH-010311,2025-04-29T10:48:00,Sweden,Documentary,Tablet,Standard,90,67.1,74.6,5
WATCH-010312,2025-09-19T05:49:00,Netherlands,Animation,Tablet,Premium,30,25.7,85.7,1
WATCH-010313,2025-01-24T18:05:00,Netherlands,Thriller,TV,Premium,60,54.2,90.3,5
WATCH-010314,2025-06-23T00:24:00,Spain,Drama,Laptop,Premium,30,23.5,78.3,1
WATCH-010315,2025-05-23T18:46:00,Spain,Science fiction,Phone,Basic,90,58.3,64.8,3
WATCH-010316,2025-08-02T04:21:00,Germany,Comedy,Tablet,Premium,45,43.7,97.1,2
WATCH-010317,2025-11-02T16:20:00,Sweden,Drama,Tablet,Standard,90,16.5,18.3,5
WATCH-010318,2025-11-21T17:52:00,Netherlands,Documentary,Phone,Basic,90,61.7,68.6,3
WATCH-010319,2025-03-10T03:46:00,Germany,Science fiction,Phone,Premium,120,92.6,77.2,2
WATCH-010320,2025-04-06T16:30:00,Sweden,Thriller,Tablet,Basic,120,64.6,53.8,3
WATCH-010321,2025-07-01T19:27:00,Netherlands,Documentary,Phone,Premium,60,31.0,51.7,3
WATCH-010322,2025-11-05T02:33:00,Germany,Science fiction,Laptop,Basic,22,21.4,97.3,2
WATCH-010323,2025-03-10T14:27:00,Germany,Drama,TV,Premium,60,12.6,21.0,5
WATCH-010324,2025-06-03T05:31:00,Germany,Documentary,TV,Basic,45,22.0,,3
WATCH-010325,2025-07-28T16:20:00,Spain,Comedy,Laptop,Premium,90,58.7,65.2,3
WATCH-010326,2025-09-09T13:20:00,Germany,Science fiction,Phone,Premium,22,8.1,36.8,2
WATCH-010327,2025-08-20T09:17:00,Netherlands,Animation,Tablet,Standard,90,67.7,75.2,3
WATCH-010328,2025-11-29T16:01:00,France,Animation,TV,Basic,45,7.5,16.7,2
WATCH-010329,2025-09-14T14:45:00,Netherlands,Science fiction,Tablet,Basic,45,25.4,56.4,4
WATCH-010330,2025-10-18T16:56:00,Netherlands,Thriller,Laptop,Standard,60,25.3,42.2,3
WATCH-010331,2025-07-16T21:28:00,Sweden,Animation,Tablet,Premium,45,34.4,76.4,2
WATCH-010332,2025-08-06T06:36:00,Spain,Animation,Phone,Premium,120,46.0,38.3,2
WATCH-010333,2025-12-17T16:38:00,Sweden,Thriller,Phone,Standard,30,12.0,40.0,2
WATCH-010334,2025-04-27T15:00:00,France,Documentary,TV,Standard,90,7.5,8.3,4
WATCH-010335,2025-08-10T11:33:00,Italy,Documentary,Phone,Basic,22,21.2,96.4,1
WATCH-010336,2025-05-27T09:05:00,Spain,Drama,Phone,Basic,30,23.8,79.3,3
WATCH-010337,2025-11-09T18:40:00,Italy,Comedy,Phone,Premium,22,9.8,44.5,5
WATCH-010338,2025-01-02T20:20:00,Netherlands,Drama,Laptop,Standard,45,9.2,20.4,3
WATCH-010339,2025-05-04T09:45:00,Netherlands,Documentary,Laptop,Standard,22,5.7,25.9,1
WATCH-010340,2025-12-28T08:28:00,Spain,Documentary,TV,Standard,22,7.8,35.5,5
WATCH-010341,2025-06-23T18:51:00,Netherlands,Documentary,Laptop,Premium,22,7.6,34.5,2
WATCH-010342,2025-01-08T17:36:00,France,Comedy,TV,Premium,22,13.1,59.5,5
WATCH-010343,2025-12-05T06:59:00,France,Animation,Tablet,Premium,120,19.3,16.1,4
WATCH-010344,2025-01-22T08:14:00,Spain,Drama,Tablet,Standard,120,11.5,9.6,4
WATCH-010345,2025-07-15T08:03:00,Italy,Drama,Laptop,Basic,90,81.4,90.4,4
WATCH-010346,2025-12-18T13:18:00,Germany,Comedy,Phone,Standard,22,7.0,31.8,2
WATCH-010347,2025-09-08T11:26:00,France,Thriller,Phone,Basic,60,52.2,87.0,1
WATCH-010348,2025-02-01T16:02:00,Sweden,Comedy,Laptop,Standard,45,42.7,94.9,5
WATCH-010349,2025-04-23T06:50:00,Spain,Comedy,Phone,Standard,120,80.4,67.0,3
WATCH-010350,2025-08-20T19:54:00,Sweden,Animation,Laptop,Standard,30,10.4,34.7,2
WATCH-010351,2025-02-13T14:12:00,France,Documentary,TV,Standard,60,12.1,20.2,1
WATCH-010352,2025-02-08T04:41:00,Italy,Science fiction,Tablet,Premium,60,14.7,24.5,1
WATCH-010353,2025-11-26T03:18:00,Germany,Thriller,Laptop,Basic,120,37.4,31.2,3
WATCH-010354,2025-05-30T05:55:00,Italy,Thriller,Phone,Basic,45,30.6,68.0,5
WATCH-010355,2025-01-09T00:56:00,Spain,Thriller,TV,Basic,60,41.5,69.2,3
WATCH-010356,2025-11-16T21:47:00,Netherlands,Animation,TV,Basic,120,26.5,22.1,4
WATCH-010357,2025-01-21T18:32:00,Netherlands,Drama,Laptop,Premium,45,40.4,89.8,3
WATCH-010358,2025-08-19T18:58:00,France,Animation,Laptop,Basic,45,11.3,25.1,4
WATCH-010359,2025-02-22T10:29:00,Italy,Drama,Tablet,Basic,45,44.0,97.8,1
WATCH-010360,2025-08-13T14:32:00,Germany,Animation,Phone,Basic,45,44.0,97.8,4
WATCH-010361,2025-02-20T16:41:00,France,Thriller,TV,Standard,22,11.9,,3
WATCH-010362,2025-03-15T01:55:00,France,Documentary,TV,Standard,60,51.9,86.5,3
WATCH-010363,2025-02-25T01:53:00,Germany,Drama,Phone,Standard,45,36.8,81.8,3
WATCH-010364,2025-02-23T00:07:00,Sweden,Thriller,Laptop,Premium,30,13.1,43.7,1
WATCH-010365,2025-05-09T15:18:00,Spain,Documentary,TV,Basic,22,18.0,81.8,1
WATCH-010366,2025-04-23T16:42:00,Germany,Animation,Laptop,Basic,90,42.1,46.8,1
WATCH-010367,2025-12-05T03:02:00,Germany,Animation,TV,Premium,45,9.4,20.9,3
WATCH-010368,2025-12-30T07:41:00,Netherlands,Documentary,Tablet,Basic,120,58.4,48.7,2
WATCH-010369,2025-11-28T15:42:00,Italy,Science fiction,Phone,Standard,22,20.5,93.2,5
WATCH-010370,2025-08-28T20:06:00,France,Thriller,Phone,Basic,22,13.1,59.5,1
WATCH-010371,2025-08-11T11:10:00,Netherlands,Comedy,Laptop,Basic,60,4.7,7.8,5
WATCH-010372,2025-09-23T07:38:00,Sweden,Drama,Tablet,Premium,60,6.5,10.8,3
WATCH-010373,2025-01-09T21:46:00,Germany,Animation,Tablet,Basic,30,11.2,37.3,1
WATCH-010374,2025-08-31T11:16:00,Sweden,Comedy,Phone,Standard,30,19.0,63.3,5
WATCH-010375,2025-08-05T09:37:00,Germany,Drama,Tablet,Standard,60,15.6,26.0,5
WATCH-010376,2025-06-19T00:50:00,Netherlands,Drama,,Premium,45,3.0,6.7,2
WATCH-010377,2025-03-18T20:05:00,Spain,Science fiction,Phone,Basic,60,28.3,47.2,4
WATCH-010378,2025-04-17T21:50:00,Italy,Comedy,Laptop,Basic,45,39.3,87.3,3
WATCH-010379,2025-06-05T20:08:00,Italy,Science fiction,Tablet,Standard,45,15.9,35.3,1
WATCH-010380,2025-04-05T03:13:00,Netherlands,Animation,TV,Premium,45,11.7,26.0,5
WATCH-010381,2025-10-30T06:20:00,Netherlands,Drama,TV,Standard,90,22.2,24.7,1
WATCH-010382,2025-11-07T14:58:00,Sweden,Comedy,Tablet,Basic,45,9.5,21.1,4
WATCH-010383,2025-06-10T21:54:00,Germany,Documentary,Phone,Premium,90,23.1,25.7,3
WATCH-010384,2025-01-28T04:02:00,Sweden,Thriller,TV,Premium,60,23.7,39.5,3
WATCH-010385,2025-08-26T23:07:00,Netherlands,Documentary,Laptop,Premium,60,22.6,37.7,5
WATCH-010386,2025-01-27T06:19:00,Sweden,Drama,Phone,Basic,90,52.7,58.6,5
WATCH-010387,2025-01-22T19:08:00,France,Drama,Phone,Standard,120,95.0,79.2,1
WATCH-010388,2025-10-28T12:02:00,Germany,Documentary,Laptop,Premium,22,13.0,59.1,2
WATCH-010389,2025-08-01T21:43:00,Netherlands,Comedy,TV,Basic,90,35.9,39.9,1
WATCH-010390,2025-03-02T16:22:00,Italy,Thriller,Tablet,Standard,45,35.9,79.8,2
WATCH-010391,2025-09-25T04:26:00,Spain,Thriller,Phone,Premium,60,35.8,59.7,4
WATCH-010392,2025-06-19T17:52:00,France,Documentary,Phone,Standard,45,34.4,76.4,3
WATCH-010393,2025-11-15T04:59:00,Italy,Comedy,Laptop,Basic,120,81.6,68.0,2
WATCH-010394,2025-06-06T07:21:00,Netherlands,Comedy,Tablet,Standard,120,93.8,78.2,3
WATCH-010395,2025-02-12T23:52:00,Spain,Science fiction,Phone,Standard,120,96.3,80.2,1
WATCH-010396,2025-06-05T09:05:00,Sweden,Science fiction,Tablet,Premium,120,73.4,61.2,5
WATCH-010397,2025-03-26T10:19:00,Germany,Thriller,Phone,Standard,22,19.7,89.5,5
WATCH-010398,2025-11-08T14:54:00,Germany,Thriller,TV,Premium,120,61.9,,2
WATCH-010399,2025-07-04T10:17:00,Italy,Thriller,TV,Standard,60,21.3,35.5,2
WATCH-010400,2025-01-14T07:36:00,Spain,Comedy,TV,Basic,45,19.7,43.8,4
WATCH-010401,2025-05-03T22:07:00,Italy,Comedy,TV,Standard,45,4.0,8.9,5
WATCH-010402,2025-09-27T13:36:00,Netherlands,Comedy,TV,Basic,22,9.8,44.5,2
WATCH-010403,2025-11-05T14:24:00,Germany,Documentary,Tablet,Premium,30,27.1,90.3,1
WATCH-010404,2025-02-16T09:40:00,Italy,Comedy,Tablet,Standard,30,21.2,70.7,2
WATCH-010405,2025-11-05T08:45:00,Sweden,Comedy,Laptop,Basic,45,35.1,78.0,2
WATCH-010406,2025-01-22T23:22:00,Sweden,Drama,Phone,Basic,45,13.1,29.1,1
WATCH-010407,2025-03-24T13:12:00,Spain,Thriller,Laptop,Premium,30,19.3,64.3,3
WATCH-010408,2025-02-25T16:11:00,Netherlands,Animation,Tablet,Basic,22,1.3,5.9,3
WATCH-010409,2025-01-12T10:49:00,Netherlands,Science fiction,TV,Standard,60,43.6,72.7,1
WATCH-010410,2025-05-22T04:07:00,France,Animation,Laptop,Basic,60,40.4,67.3,3
WATCH-010411,2025-01-25T20:07:00,Germany,Documentary,TV,Standard,45,21.2,47.1,5
WATCH-010412,2025-08-16T15:08:00,Sweden,Comedy,Laptop,Premium,90,75.1,83.4,4
WATCH-010413,2025-01-12T05:54:00,Spain,Science fiction,Tablet,Standard,22,17.5,79.5,2
WATCH-010414,2025-10-20T15:22:00,France,Animation,Phone,Basic,90,79.5,88.3,2
WATCH-010415,2025-01-03T22:49:00,Germany,Science fiction,Tablet,Basic,45,18.3,40.7,4
WATCH-010416,2025-03-27T16:51:00,Spain,Documentary,Laptop,Standard,22,18.3,83.2,2
WATCH-010417,2025-09-23T06:26:00,Germany,Animation,TV,Standard,45,6.5,14.4,5
WATCH-010418,2025-11-19T09:39:00,Netherlands,Animation,Laptop,Basic,90,50.4,56.0,3
WATCH-010419,2025-11-11T12:32:00,Spain,Documentary,Phone,Basic,60,53.8,89.7,4
WATCH-010420,2025-05-31T14:04:00,Spain,Thriller,Tablet,Premium,60,46.7,77.8,3
WATCH-010421,2025-04-01T21:02:00,Sweden,Thriller,Laptop,Premium,120,112.0,93.3,4
WATCH-010422,2025-05-15T19:19:00,Italy,Documentary,Phone,Premium,60,37.2,62.0,3
WATCH-010423,2025-07-20T09:02:00,Germany,Documentary,TV,Basic,120,57.1,47.6,1
WATCH-010424,2025-11-21T04:45:00,Italy,Science fiction,Tablet,Premium,30,27.2,90.7,2
WATCH-010425,2025-09-13T04:08:00,Sweden,Documentary,Tablet,Basic,22,8.6,39.1,4
WATCH-010426,2025-12-03T09:05:00,France,Animation,TV,Premium,60,5.8,9.7,3
WATCH-010427,2025-03-26T15:26:00,Germany,Animation,Laptop,Basic,22,3.9,17.7,5
WATCH-010428,2025-12-21T15:28:00,Germany,Animation,Laptop,Premium,45,37.0,82.2,2
WATCH-010429,2025-09-27T06:04:00,Germany,Science fiction,TV,Basic,45,3.4,7.6,4
WATCH-010430,2025-04-17T12:12:00,Germany,Animation,Laptop,Premium,60,57.3,95.5,1
WATCH-010431,2025-08-24T21:28:00,Spain,Science fiction,Phone,Basic,90,49.5,55.0,3
WATCH-010432,2025-10-31T08:21:00,Germany,Drama,Laptop,Basic,45,15.8,35.1,5
WATCH-010433,2025-12-10T20:18:00,Italy,Animation,Phone,Premium,60,6.8,11.3,4
WATCH-010434,2025-11-19T07:55:00,France,Science fiction,Laptop,Premium,45,2.4,5.3,2
WATCH-010435,2025-11-09T12:05:00,Italy,Documentary,TV,Standard,30,25.2,,5
WATCH-010436,2025-11-11T23:34:00,Netherlands,Thriller,Laptop,Standard,30,4.9,16.3,1
WATCH-010437,2025-08-02T23:36:00,Germany,Science fiction,Tablet,Basic,30,7.6,25.3,5
WATCH-010438,2025-10-09T14:29:00,Sweden,Science fiction,Tablet,Premium,120,111.8,93.2,5
WATCH-010439,2025-12-29T02:40:00,France,Thriller,TV,Standard,60,30.2,50.3,2
WATCH-010440,2025-11-05T02:24:00,Germany,Thriller,Laptop,Premium,90,67.6,75.1,2
WATCH-010441,2025-07-14T19:55:00,Sweden,Comedy,Phone,Standard,90,9.0,10.0,2
WATCH-010442,2025-03-02T12:48:00,Germany,Thriller,Tablet,Basic,60,5.1,8.5,2
WATCH-010443,2025-01-10T13:20:00,France,Science fiction,Laptop,Standard,22,18.2,82.7,4
WATCH-010444,2025-10-11T05:09:00,France,Animation,Laptop,Standard,30,3.0,10.0,2
WATCH-010445,2025-11-27T02:10:00,Spain,Drama,TV,Premium,60,12.2,20.3,1
WATCH-010446,2025-05-21T20:15:00,Sweden,Thriller,Phone,Standard,120,75.1,62.6,2
WATCH-010447,2025-07-19T05:57:00,Sweden,Documentary,Phone,Premium,30,2.9,9.7,1
WATCH-010448,2025-02-16T08:57:00,Sweden,Documentary,Laptop,Standard,120,86.3,71.9,2
WATCH-010449,2025-06-21T23:50:00,France,Drama,Phone,Basic,120,57.0,47.5,1
WATCH-010450,2025-06-03T01:03:00,Italy,Comedy,Laptop,Standard,22,13.4,60.9,1
WATCH-010451,2025-06-16T23:14:00,Netherlands,Animation,Tablet,Basic,22,2.4,10.9,4
WATCH-010452,2025-09-03T16:23:00,Netherlands,Animation,Tablet,Premium,60,31.1,51.8,1
WATCH-010453,2025-02-27T06:10:00,Netherlands,Animation,Laptop,Basic,60,10.5,17.5,4
WATCH-010454,2025-12-07T06:04:00,Italy,Animation,TV,Basic,90,65.9,73.2,5
WATCH-010455,2025-11-22T00:00:00,Netherlands,Drama,Tablet,Basic,120,40.2,33.5,4
WATCH-010456,2025-08-19T10:09:00,Sweden,Drama,TV,Standard,90,33.4,37.1,1
WATCH-010457,2025-03-22T12:08:00,Netherlands,Animation,Phone,Premium,45,39.6,88.0,4
WATCH-010458,2025-09-12T18:21:00,Spain,Science fiction,Laptop,Premium,30,18.4,61.3,5
WATCH-010459,2025-04-17T14:09:00,France,Science fiction,,Premium,60,48.8,81.3,3
WATCH-010460,2025-07-13T22:42:00,France,Science fiction,Laptop,Premium,90,77.7,86.3,3
WATCH-010461,2025-12-15T12:44:00,Netherlands,Documentary,Laptop,Premium,45,33.6,74.7,5
WATCH-010462,2025-12-19T03:41:00,Germany,Thriller,Laptop,Basic,120,74.0,61.7,2
WATCH-010463,2025-10-02T11:16:00,Sweden,Thriller,Tablet,Premium,60,51.0,85.0,4
WATCH-010464,2025-10-18T11:52:00,Sweden,Thriller,Laptop,Basic,90,30.1,33.4,4
WATCH-010465,2025-01-31T10:38:00,Italy,Documentary,Phone,Premium,90,10.6,11.8,4
WATCH-010466,2025-04-24T11:18:00,Sweden,Animation,Laptop,Standard,22,16.8,76.4,2
WATCH-010467,2025-04-15T17:02:00,Netherlands,Drama,TV,Standard,60,51.0,85.0,1
WATCH-010468,2025-01-20T19:38:00,France,Thriller,Laptop,Standard,30,17.4,58.0,3
WATCH-010469,2025-09-22T04:04:00,Netherlands,Drama,Phone,Premium,90,45.2,50.2,2
WATCH-010470,2025-03-17T18:23:00,Germany,Comedy,Phone,Premium,120,69.3,57.8,5
WATCH-010471,2025-08-03T12:23:00,Italy,Drama,Tablet,Premium,90,40.9,45.4,4
WATCH-010472,2025-04-11T12:08:00,Sweden,Drama,Tablet,Standard,60,16.7,,1
WATCH-010473,2025-05-01T10:32:00,Germany,Comedy,Phone,Premium,90,77.1,85.7,3
WATCH-010474,2025-06-20T05:51:00,France,Animation,TV,Standard,120,80.8,67.3,3
WATCH-010475,2025-04-08T01:41:00,France,Documentary,Laptop,Premium,45,32.2,71.6,4
WATCH-010476,2025-03-10T04:40:00,Netherlands,Thriller,Tablet,Basic,90,87.7,97.4,1
WATCH-010477,2025-06-17T11:04:00,Germany,Comedy,Phone,Standard,30,27.3,91.0,5
WATCH-010478,2025-02-28T19:45:00,Sweden,Science fiction,Laptop,Standard,30,23.8,79.3,4
WATCH-010479,2025-10-30T05:31:00,Italy,Thriller,Phone,Premium,22,8.7,39.5,1
WATCH-010480,2025-06-19T19:32:00,Sweden,Animation,Phone,Premium,22,1.2,5.5,4
WATCH-010481,2025-12-08T19:36:00,Italy,Comedy,Phone,Premium,60,15.6,26.0,2
WATCH-010482,2025-03-10T16:27:00,Netherlands,Animation,TV,Premium,45,29.8,66.2,2
WATCH-010483,2025-12-01T15:41:00,Sweden,Thriller,Phone,Premium,45,44.1,98.0,3
WATCH-010484,2025-09-02T12:11:00,Spain,Science fiction,Phone,Premium,22,15.7,71.4,5
WATCH-010485,2025-06-18T13:44:00,Netherlands,Animation,Phone,Basic,90,66.9,74.3,2
WATCH-010486,2025-01-13T12:22:00,Italy,Animation,Laptop,Standard,22,16.7,75.9,5
WATCH-010487,2025-03-16T21:03:00,Spain,Documentary,Phone,Basic,90,77.9,86.6,3
WATCH-010488,2025-05-15T17:45:00,Sweden,Drama,Laptop,Standard,22,12.9,58.6,1
WATCH-010489,2025-12-11T07:00:00,Netherlands,Comedy,Tablet,Standard,45,14.3,31.8,1
WATCH-010490,2025-05-21T13:31:00,Sweden,Drama,Tablet,Premium,60,53.2,88.7,3
WATCH-010491,2025-11-11T18:50:00,Netherlands,Animation,Tablet,Standard,120,115.5,96.2,3
WATCH-010492,2025-06-04T22:24:00,Germany,Science fiction,TV,Basic,45,12.0,26.7,3
WATCH-010493,2025-05-29T01:01:00,Netherlands,Comedy,Laptop,Standard,60,5.1,8.5,2
WATCH-010494,2025-06-25T22:38:00,Netherlands,Documentary,Phone,Basic,45,29.3,65.1,2
WATCH-010495,2025-07-19T09:38:00,Netherlands,Comedy,Phone,Basic,30,22.3,74.3,3
WATCH-010496,2025-09-26T08:00:00,France,Drama,Phone,Premium,60,11.6,19.3,2
WATCH-010497,2025-11-19T17:15:00,Italy,Thriller,Laptop,Standard,90,12.3,13.7,3
WATCH-010498,2025-11-27T08:22:00,Italy,Comedy,TV,Standard,90,5.5,6.1,1
WATCH-010499,2025-03-26T18:06:00,Spain,Science fiction,Laptop,Standard,90,26.0,28.9,2
WATCH-010500,2025-07-07T23:08:00,Italy,Science fiction,Laptop,Basic,45,21.0,46.7,4
WATCH-010501,2025-03-21T13:50:00,Sweden,Animation,Phone,Basic,22,5.3,24.1,1
WATCH-010502,2025-04-04T04:16:00,Netherlands,Documentary,Laptop,Standard,120,116.6,97.2,1
WATCH-010503,2025-02-05T12:05:00,Sweden,Science fiction,Tablet,Standard,120,32.5,27.1,2
WATCH-010504,2025-10-24T14:14:00,Sweden,Comedy,Phone,Premium,120,91.7,76.4,1
WATCH-010505,2025-02-15T11:36:00,Germany,Science fiction,Tablet,Premium,60,36.5,60.8,1
WATCH-010506,2025-05-30T06:29:00,Germany,Drama,Tablet,Premium,120,13.9,11.6,1
WATCH-010507,2025-03-03T17:25:00,France,Comedy,Tablet,Premium,30,15.0,50.0,1
WATCH-010508,2025-08-01T19:56:00,Spain,Documentary,Laptop,Basic,45,32.1,71.3,2
WATCH-010509,2025-01-10T16:48:00,Germany,Animation,Tablet,Basic,22,2.0,,1
WATCH-010510,2025-11-03T06:26:00,Germany,Science fiction,Phone,Premium,90,40.4,44.9,3
WATCH-010511,2025-08-05T04:50:00,Germany,Documentary,Tablet,Premium,30,29.3,97.7,5
WATCH-010512,2025-08-14T18:30:00,Sweden,Comedy,Tablet,Standard,120,37.5,31.2,4
WATCH-010513,2025-08-09T04:52:00,Germany,Documentary,TV,Standard,90,89.6,99.6,1
WATCH-010514,2025-12-08T17:37:00,Italy,Comedy,Laptop,Basic,90,61.8,68.7,1
WATCH-010515,2025-12-22T03:16:00,Sweden,Documentary,Tablet,Basic,22,20.7,94.1,3
WATCH-010516,2025-03-12T22:13:00,Netherlands,Comedy,Tablet,Premium,60,19.8,33.0,2
WATCH-010517,2025-02-20T20:15:00,Italy,Science fiction,Tablet,Standard,90,19.6,21.8,2
WATCH-010518,2025-05-28T08:03:00,Netherlands,Thriller,Tablet,Basic,120,93.0,77.5,4
WATCH-010519,2025-06-25T01:15:00,Sweden,Comedy,Phone,Standard,30,4.6,15.3,2
WATCH-010520,2025-09-30T20:37:00,Spain,Drama,TV,Premium,22,21.9,99.5,5
WATCH-010521,2025-10-11T15:47:00,Germany,Thriller,Laptop,Standard,30,20.3,67.7,5
WATCH-010522,2025-02-21T06:25:00,Netherlands,Drama,TV,Premium,120,58.8,49.0,2
WATCH-010523,2025-07-23T20:27:00,Netherlands,Comedy,Tablet,Standard,120,45.7,38.1,1
WATCH-010524,2025-01-18T08:49:00,Netherlands,Documentary,TV,Premium,30,1.8,6.0,5
WATCH-010525,2025-06-18T02:29:00,Germany,Science fiction,Phone,Premium,120,102.4,85.3,5
WATCH-010526,2025-01-10T00:59:00,Spain,Comedy,TV,Basic,120,86.3,71.9,2
WATCH-010527,2025-07-16T08:36:00,Netherlands,Documentary,Laptop,Standard,30,9.5,31.7,1
WATCH-010528,2025-08-05T19:24:00,Spain,Documentary,TV,Standard,22,21.6,98.2,5
WATCH-010529,2025-04-16T05:48:00,Italy,Animation,Tablet,Basic,45,43.8,97.3,5
WATCH-010530,2025-06-26T10:01:00,Sweden,Drama,TV,Basic,45,36.7,81.6,2
WATCH-010531,2025-12-16T07:21:00,Netherlands,Animation,TV,Premium,90,44.6,49.6,3
WATCH-010532,2025-03-09T13:48:00,Sweden,Drama,Laptop,Basic,90,25.0,27.8,5
WATCH-010533,2025-12-13T08:36:00,Spain,Animation,TV,Basic,30,20.8,69.3,5
WATCH-010534,2025-10-20T19:05:00,France,Animation,Tablet,Premium,60,17.8,29.7,1
WATCH-010535,2025-06-01T03:51:00,Germany,Science fiction,TV,Premium,120,66.7,55.6,4
WATCH-010536,2025-08-06T01:36:00,France,Documentary,TV,Premium,22,10.2,46.4,3
WATCH-010537,2025-06-11T20:07:00,Netherlands,Documentary,Phone,Basic,45,15.2,33.8,5
WATCH-010538,2025-05-11T16:04:00,Italy,Animation,Tablet,Standard,22,11.6,52.7,3
WATCH-010539,2025-02-14T01:10:00,Spain,Documentary,Phone,Basic,45,14.9,33.1,5
WATCH-010540,2025-01-05T18:03:00,Germany,Thriller,Phone,Premium,22,14.8,67.3,5
WATCH-010541,2025-03-16T17:07:00,Italy,Drama,TV,Basic,22,15.6,70.9,2
WATCH-010542,2025-02-24T10:17:00,Germany,Drama,,Premium,30,14.9,49.7,4
WATCH-010543,2025-05-18T22:06:00,Sweden,Documentary,TV,Premium,30,21.1,70.3,5
WATCH-010544,2025-11-03T08:44:00,Sweden,Comedy,Laptop,Standard,60,23.1,38.5,5
WATCH-010545,2025-03-31T18:37:00,Germany,Animation,Phone,Premium,30,2.0,6.7,1
WATCH-010546,2025-07-19T16:15:00,France,Drama,Laptop,Premium,30,9.7,,5
WATCH-010547,2025-04-21T07:47:00,Italy,Thriller,Laptop,Basic,22,6.6,30.0,3
WATCH-010548,2025-02-08T15:40:00,Sweden,Thriller,TV,Standard,30,4.2,14.0,3
WATCH-010549,2025-11-04T01:57:00,Netherlands,Documentary,TV,Premium,120,65.5,54.6,4
WATCH-010550,2025-06-26T15:17:00,France,Animation,TV,Premium,90,36.5,40.6,2
WATCH-010551,2025-03-08T09:52:00,Sweden,Documentary,Phone,Basic,60,4.7,7.8,2
WATCH-010552,2025-09-06T06:36:00,Germany,Science fiction,Phone,Basic,22,10.4,47.3,4
WATCH-010553,2025-09-19T10:19:00,France,Thriller,Laptop,Standard,45,23.5,52.2,1
WATCH-010554,2025-06-19T04:55:00,Italy,Thriller,Laptop,Premium,30,28.3,94.3,3
WATCH-010555,2025-01-14T01:38:00,Italy,Documentary,TV,Premium,30,4.0,13.3,2
WATCH-010556,2025-02-10T02:41:00,Spain,Drama,TV,Basic,120,101.4,84.5,5
WATCH-010557,2025-10-19T21:24:00,Italy,Drama,Phone,Premium,120,91.8,76.5,3
WATCH-010558,2025-10-24T20:11:00,France,Documentary,Laptop,Standard,22,15.5,70.5,5
WATCH-010559,2025-02-21T09:41:00,Netherlands,Drama,Laptop,Premium,90,35.9,39.9,5
WATCH-010560,2025-09-16T23:45:00,Germany,Animation,Laptop,Premium,60,40.1,66.8,1
WATCH-010561,2025-06-24T19:18:00,Germany,Drama,Tablet,Standard,90,27.0,30.0,2
WATCH-010562,2025-04-26T08:19:00,Sweden,Animation,TV,Premium,90,78.0,86.7,2
WATCH-010563,2025-07-04T10:19:00,Sweden,Drama,TV,Basic,45,7.1,15.8,4
WATCH-010564,2025-08-08T23:39:00,Netherlands,Drama,Laptop,Premium,60,54.8,91.3,2
WATCH-010565,2025-02-15T23:33:00,France,Thriller,Tablet,Premium,90,50.0,55.6,4
WATCH-010566,2025-10-08T06:54:00,Sweden,Drama,TV,Standard,120,10.6,8.8,3
WATCH-010567,2025-02-07T06:13:00,Germany,Documentary,Phone,Standard,22,14.8,67.3,3
WATCH-010568,2025-03-28T04:04:00,Sweden,Science fiction,TV,Premium,120,41.7,34.8,1
WATCH-010569,2025-12-19T08:31:00,Germany,Thriller,Tablet,Standard,120,11.4,9.5,3
WATCH-010570,2025-08-11T23:16:00,Germany,Thriller,Phone,Premium,22,16.3,74.1,1
WATCH-010571,2025-11-14T06:51:00,Italy,Comedy,Laptop,Standard,30,4.0,13.3,4
WATCH-010572,2025-09-18T04:53:00,France,Science fiction,TV,Basic,120,65.3,54.4,3
WATCH-010573,2025-03-21T02:30:00,Sweden,Animation,Tablet,Basic,45,30.7,68.2,3
WATCH-010574,2025-12-02T23:34:00,Germany,Drama,TV,Premium,60,54.7,91.2,4
WATCH-010575,2025-11-17T13:20:00,Netherlands,Science fiction,TV,Standard,30,11.1,37.0,5
WATCH-010576,2025-08-07T08:41:00,France,Documentary,Tablet,Basic,30,14.0,46.7,3
WATCH-010577,2025-02-06T02:46:00,France,Animation,Phone,Standard,30,8.4,28.0,2
WATCH-010578,2025-12-21T03:22:00,Italy,Science fiction,Phone,Standard,22,13.6,61.8,2
WATCH-010579,2025-03-02T16:51:00,Sweden,Animation,Laptop,Standard,45,28.4,63.1,3
WATCH-010580,2025-09-22T03:03:00,Germany,Documentary,TV,Basic,90,60.0,66.7,3
WATCH-010581,2025-08-12T10:36:00,Germany,Animation,Tablet,Premium,120,16.6,13.8,1
WATCH-010582,2025-08-13T23:53:00,Spain,Drama,Laptop,Basic,30,27.1,90.3,2
WATCH-010583,2025-11-06T20:06:00,Sweden,Animation,TV,Basic,90,28.7,,2
WATCH-010584,2025-01-27T03:44:00,Germany,Thriller,Tablet,Basic,30,21.0,70.0,3
WATCH-010585,2025-05-01T22:42:00,France,Thriller,TV,Standard,45,4.4,9.8,2
WATCH-010586,2025-05-01T11:16:00,Netherlands,Drama,TV,Standard,22,6.1,27.7,1
WATCH-010587,2025-12-03T08:49:00,Netherlands,Documentary,Phone,Basic,30,20.6,68.7,5
WATCH-010588,2025-08-30T19:13:00,Italy,Comedy,Tablet,Basic,60,21.5,35.8,1
WATCH-010589,2025-10-16T08:27:00,France,Drama,Phone,Standard,45,19.6,43.6,1
WATCH-010590,2025-02-13T06:08:00,Sweden,Comedy,Laptop,Premium,60,50.8,84.7,2
WATCH-010591,2025-06-11T04:11:00,Italy,Comedy,Laptop,Basic,90,24.3,27.0,4
WATCH-010592,2025-03-06T19:30:00,Germany,Science fiction,TV,Basic,30,18.6,62.0,3
WATCH-010593,2025-12-08T07:13:00,Germany,Thriller,TV,Premium,60,43.5,72.5,5
WATCH-010594,2025-10-11T00:39:00,Sweden,Documentary,Tablet,Premium,30,13.2,44.0,1
WATCH-010595,2025-09-07T08:20:00,Netherlands,Animation,Tablet,Basic,120,64.2,53.5,1
WATCH-010596,2025-07-02T05:04:00,Netherlands,Animation,Tablet,Premium,90,20.8,23.1,4
WATCH-010597,2025-06-24T02:28:00,Netherlands,Animation,Tablet,Standard,22,1.8,8.2,3
WATCH-010598,2025-04-01T01:11:00,Sweden,Thriller,TV,Basic,120,106.1,88.4,2
WATCH-010599,2025-11-16T01:33:00,France,Comedy,TV,Standard,30,21.8,72.7,4
WATCH-010600,2025-11-14T16:05:00,Spain,Animation,TV,Basic,60,20.5,34.2,5
WATCH-010601,2025-06-13T20:24:00,Italy,Thriller,TV,Standard,60,46.0,76.7,1
WATCH-010602,2025-08-28T15:17:00,Netherlands,Documentary,Tablet,Premium,45,4.0,8.9,4
WATCH-010603,2025-04-08T01:16:00,Sweden,Animation,Phone,Premium,90,30.7,34.1,5
WATCH-010604,2025-03-23T20:02:00,Spain,Documentary,Phone,Standard,120,58.3,48.6,5
WATCH-010605,2025-03-08T23:58:00,Netherlands,Thriller,TV,Basic,45,28.3,62.9,2
WATCH-010606,2025-04-23T22:37:00,Spain,Animation,Tablet,Premium,90,11.4,12.7,4
WATCH-010607,2025-11-06T00:40:00,Germany,Thriller,Tablet,Premium,30,9.6,32.0,1
WATCH-010608,2025-03-11T22:40:00,Netherlands,Drama,Laptop,Premium,30,13.5,45.0,5
WATCH-010609,2025-04-11T09:04:00,France,Animation,Tablet,Premium,30,5.1,17.0,3
WATCH-010610,2025-05-07T16:20:00,Spain,Comedy,Phone,Premium,90,33.5,37.2,1
WATCH-010611,2025-05-04T10:19:00,Netherlands,Comedy,Tablet,Basic,45,16.2,36.0,1
WATCH-010612,2025-06-12T21:51:00,France,Documentary,TV,Premium,30,2.6,8.7,4
WATCH-010613,2025-06-02T15:46:00,Germany,Comedy,Laptop,Standard,22,6.7,30.5,3
WATCH-010614,2025-11-26T10:28:00,Italy,Animation,Tablet,Standard,60,5.6,9.3,3
WATCH-010615,2025-07-18T06:14:00,Germany,Science fiction,Phone,Standard,120,44.1,36.8,5
WATCH-010616,2025-06-10T07:52:00,Italy,Documentary,Laptop,Premium,45,23.7,52.7,3
WATCH-010617,2025-10-15T17:46:00,Spain,Thriller,Laptop,Premium,30,27.8,92.7,1
WATCH-010618,2025-08-20T04:32:00,France,Thriller,Laptop,Premium,90,25.8,28.7,4
WATCH-010619,2025-06-04T03:36:00,Netherlands,Comedy,Laptop,Premium,22,3.3,15.0,1
WATCH-010620,2025-03-27T15:14:00,Netherlands,Science fiction,Tablet,Standard,30,24.3,,4
WATCH-010621,2025-06-08T03:59:00,Sweden,Animation,Laptop,Standard,60,51.9,86.5,5
WATCH-010622,2025-03-30T02:35:00,France,Animation,Tablet,Standard,30,21.8,72.7,1
WATCH-010623,2025-08-10T20:49:00,Germany,Science fiction,Tablet,Standard,22,18.6,84.5,2
WATCH-010624,2025-07-21T09:33:00,France,Documentary,Laptop,Basic,60,9.6,16.0,2
WATCH-010625,2025-12-03T11:02:00,Sweden,Documentary,,Standard,90,60.7,67.4,2
WATCH-010626,2025-10-12T23:57:00,France,Comedy,Phone,Basic,45,11.7,26.0,2
WATCH-010627,2025-12-20T15:03:00,Italy,Documentary,Tablet,Basic,45,12.0,26.7,3
WATCH-010628,2025-12-10T17:42:00,Spain,Drama,Laptop,Basic,45,36.4,80.9,4
WATCH-010629,2025-07-10T15:49:00,Germany,Drama,TV,Standard,120,14.2,11.8,3
WATCH-010630,2025-08-26T07:02:00,Italy,Science fiction,TV,Premium,30,2.2,7.3,1
WATCH-010631,2025-09-13T07:20:00,Italy,Comedy,TV,Premium,22,6.6,30.0,2
WATCH-010632,2025-05-05T21:28:00,Germany,Drama,Tablet,Basic,22,17.9,81.4,5
WATCH-010633,2025-02-27T11:29:00,France,Thriller,Laptop,Standard,45,21.2,47.1,5
WATCH-010634,2025-08-07T23:50:00,Italy,Animation,Phone,Premium,45,8.5,18.9,3
WATCH-010635,2025-08-30T20:23:00,Italy,Drama,Laptop,Basic,120,21.1,17.6,3
WATCH-010636,2025-01-19T00:49:00,Germany,Science fiction,Phone,Standard,45,21.8,48.4,1
WATCH-010637,2025-01-05T05:22:00,Spain,Thriller,Tablet,Premium,30,11.9,39.7,2
WATCH-010638,2025-01-24T22:56:00,Netherlands,Science fiction,Laptop,Basic,45,41.9,93.1,2
WATCH-010639,2025-07-31T06:45:00,Sweden,Comedy,Laptop,Basic,120,41.1,34.2,5
WATCH-010640,2025-11-28T20:37:00,Sweden,Science fiction,TV,Premium,22,15.1,68.6,3
WATCH-010641,2025-08-10T10:13:00,France,Thriller,Laptop,Standard,30,15.4,51.3,2
WATCH-010642,2025-07-21T08:15:00,Netherlands,Thriller,Phone,Standard,90,10.3,11.4,5
WATCH-010643,2025-09-09T12:02:00,France,Thriller,Phone,Premium,22,15.1,68.6,3
WATCH-010644,2025-08-08T12:02:00,Germany,Animation,TV,Premium,30,17.5,58.3,5
WATCH-010645,2025-07-07T21:40:00,Sweden,Comedy,Tablet,Premium,60,30.3,50.5,2
WATCH-010646,2025-08-03T03:58:00,Spain,Thriller,Laptop,Basic,60,14.5,24.2,1
WATCH-010647,2025-08-07T09:54:00,France,Documentary,Laptop,Standard,30,25.5,85.0,3
WATCH-010648,2025-08-02T18:09:00,Italy,Thriller,Tablet,Standard,30,6.3,21.0,3
WATCH-010649,2025-03-23T09:16:00,Sweden,Comedy,Phone,Standard,120,120.0,100.0,3
WATCH-010650,2025-09-22T07:38:00,France,Thriller,TV,Premium,90,34.7,38.6,5
WATCH-010651,2025-09-04T22:29:00,Netherlands,Comedy,Laptop,Standard,22,6.5,29.5,4
WATCH-010652,2025-07-10T17:15:00,Germany,Animation,TV,Standard,30,18.4,61.3,3
WATCH-010653,2025-07-21T10:31:00,Germany,Animation,Phone,Basic,120,45.9,38.2,5
WATCH-010654,2025-03-14T18:37:00,Sweden,Comedy,Laptop,Standard,22,6.0,27.3,5
WATCH-010655,2025-03-06T16:03:00,France,Documentary,Phone,Premium,22,6.0,27.3,4
WATCH-010656,2025-10-29T20:17:00,Germany,Science fiction,Laptop,Standard,60,16.9,28.2,5
WATCH-010657,2025-12-15T23:36:00,Germany,Comedy,Tablet,Standard,45,4.0,,5
WATCH-010658,2025-08-19T14:06:00,Germany,Comedy,TV,Basic,120,32.7,27.3,4
WATCH-010659,2025-02-14T15:23:00,Netherlands,Animation,TV,Basic,60,17.5,29.2,3
WATCH-010660,2025-05-20T17:26:00,Spain,Documentary,Tablet,Premium,90,11.0,12.2,2
WATCH-010661,2025-11-30T03:20:00,Italy,Drama,Phone,Basic,60,39.5,65.8,3
WATCH-010662,2025-10-26T23:09:00,Germany,Documentary,Phone,Standard,60,21.9,36.5,3
WATCH-010663,2025-06-12T00:29:00,Netherlands,Documentary,Tablet,Basic,45,19.8,44.0,4
WATCH-010664,2025-10-17T01:42:00,Italy,Animation,TV,Standard,90,79.8,88.7,1
WATCH-010665,2025-05-09T19:11:00,France,Science fiction,Phone,Premium,45,25.4,56.4,4
WATCH-010666,2025-08-27T11:34:00,France,Comedy,Laptop,Premium,120,108.7,90.6,5
WATCH-010667,2025-06-14T11:30:00,Germany,Thriller,Tablet,Premium,30,27.0,90.0,5
WATCH-010668,2025-05-09T23:50:00,Germany,Animation,Tablet,Premium,30,27.9,93.0,4
WATCH-010669,2025-08-24T08:24:00,Spain,Documentary,Tablet,Standard,22,8.5,38.6,2
WATCH-010670,2025-11-27T15:33:00,Italy,Thriller,TV,Standard,60,34.6,57.7,3
WATCH-010671,2025-05-14T22:51:00,Spain,Comedy,Tablet,Standard,30,4.6,15.3,1
WATCH-010672,2025-05-15T03:05:00,Italy,Animation,Laptop,Basic,45,40.4,89.8,5
WATCH-010673,2025-06-02T12:32:00,Italy,Thriller,TV,Standard,30,11.3,37.7,3
WATCH-010674,2025-04-22T19:04:00,Italy,Science fiction,Phone,Premium,120,102.5,85.4,1
WATCH-010675,2025-05-15T14:19:00,Netherlands,Science fiction,TV,Standard,120,106.4,88.7,2
WATCH-010676,2025-10-23T12:21:00,Sweden,Documentary,Tablet,Premium,90,58.2,64.7,5
WATCH-010677,2025-04-04T16:15:00,Germany,Drama,Tablet,Basic,22,2.8,12.7,3
WATCH-010678,2025-09-27T05:27:00,Netherlands,Comedy,Phone,Basic,22,17.8,80.9,1
WATCH-010679,2025-12-05T18:20:00,France,Science fiction,TV,Standard,45,16.3,36.2,1
WATCH-010680,2025-01-28T18:26:00,France,Comedy,Tablet,Basic,60,46.2,77.0,4
WATCH-010681,2025-01-12T22:23:00,Sweden,Comedy,Phone,Premium,22,10.6,48.2,4
WATCH-010682,2025-06-15T17:09:00,Spain,Drama,Laptop,Basic,90,12.5,13.9,4
WATCH-010683,2025-03-13T20:48:00,Sweden,Animation,Laptop,Basic,120,50.4,42.0,3
WATCH-010684,2025-06-08T22:39:00,Italy,Documentary,Tablet,Standard,90,39.4,43.8,2
WATCH-010685,2025-11-24T09:03:00,France,Animation,Tablet,Premium,90,36.0,40.0,1
WATCH-010686,2025-06-20T17:38:00,Sweden,Animation,TV,Standard,45,24.2,53.8,2
WATCH-010687,2025-09-27T01:49:00,Netherlands,Documentary,Laptop,Premium,60,50.9,84.8,4
WATCH-010688,2025-01-03T04:43:00,Italy,Science fiction,TV,Premium,60,32.9,54.8,4
WATCH-010689,2025-08-08T07:08:00,Netherlands,Documentary,Tablet,Standard,30,5.2,17.3,5
WATCH-010690,2025-07-13T11:15:00,Netherlands,Documentary,Laptop,Premium,60,20.3,33.8,3
WATCH-010691,2025-12-26T16:19:00,France,Science fiction,Tablet,Premium,30,5.6,18.7,2
WATCH-010692,2025-09-19T14:05:00,Sweden,Comedy,Tablet,Standard,120,119.2,99.3,5
WATCH-010693,2025-05-17T11:49:00,France,Animation,TV,Standard,45,43.8,97.3,1
WATCH-010694,2025-11-02T16:04:00,Italy,Documentary,Tablet,Basic,30,4.3,,1
WATCH-010695,2025-05-06T21:19:00,Germany,Comedy,Laptop,Standard,90,21.0,23.3,2
WATCH-010696,2025-05-26T18:27:00,Germany,Comedy,Tablet,Basic,30,16.2,54.0,1
WATCH-010697,2025-11-14T00:46:00,Spain,Documentary,TV,Premium,90,19.9,22.1,1
WATCH-010698,2025-12-16T03:30:00,Sweden,Documentary,Laptop,Premium,45,35.4,78.7,5
WATCH-010699,2025-02-26T20:25:00,France,Thriller,TV,Basic,60,48.6,81.0,3
WATCH-010700,2025-05-05T11:33:00,France,Documentary,Tablet,Standard,90,66.4,73.8,4
WATCH-010701,2025-09-25T19:44:00,Italy,Documentary,Phone,Premium,120,10.0,8.3,5
WATCH-010702,2025-01-10T13:38:00,Germany,Documentary,Phone,Standard,30,12.0,40.0,3
WATCH-010703,2025-08-17T06:40:00,Germany,Comedy,TV,Premium,45,7.9,17.6,1
WATCH-010704,2025-05-30T09:03:00,Sweden,Comedy,Tablet,Standard,22,6.5,29.5,1
WATCH-010705,2025-04-15T10:41:00,Sweden,Drama,TV,Standard,90,24.7,27.4,1
WATCH-010706,2025-04-05T06:37:00,Germany,Comedy,TV,Premium,120,46.1,38.4,4
WATCH-010707,2025-05-06T15:05:00,Italy,Comedy,Tablet,Premium,90,74.3,82.6,2
WATCH-010708,2025-12-02T16:54:00,Germany,Drama,,Standard,22,14.2,64.5,1
WATCH-010709,2025-08-12T01:40:00,France,Animation,Laptop,Premium,90,31.0,34.4,1
WATCH-010710,2025-10-01T21:38:00,Germany,Thriller,TV,Standard,90,77.3,85.9,5
WATCH-010711,2025-07-23T14:48:00,Italy,Thriller,TV,Premium,120,81.7,68.1,5
WATCH-010712,2025-09-19T14:07:00,France,Drama,TV,Basic,30,8.5,28.3,5
WATCH-010713,2025-02-15T17:59:00,Italy,Drama,Laptop,Premium,120,56.9,47.4,2
WATCH-010714,2025-11-20T05:16:00,Netherlands,Science fiction,Phone,Basic,45,35.4,78.7,3
WATCH-010715,2025-07-12T17:04:00,Netherlands,Thriller,Phone,Premium,30,24.4,81.3,4
WATCH-010716,2025-02-20T06:55:00,France,Drama,TV,Standard,22,10.9,49.5,2
WATCH-010717,2025-06-05T14:53:00,Italy,Comedy,TV,Premium,120,90.6,75.5,3
WATCH-010718,2025-07-14T17:12:00,Italy,Science fiction,Tablet,Standard,45,2.8,6.2,4
WATCH-010719,2025-09-24T22:35:00,Sweden,Thriller,Phone,Basic,60,17.5,29.2,5
WATCH-010720,2025-03-03T08:42:00,Spain,Documentary,TV,Standard,90,55.1,61.2,3
WATCH-010721,2025-08-16T00:16:00,Germany,Animation,Phone,Basic,22,7.0,31.8,5
WATCH-010722,2025-12-28T06:06:00,Sweden,Science fiction,Laptop,Premium,22,16.6,75.5,2
WATCH-010723,2025-08-01T23:57:00,Germany,Comedy,Tablet,Basic,22,11.5,52.3,1
WATCH-010724,2025-07-16T05:38:00,Italy,Comedy,Phone,Basic,120,81.0,67.5,2
WATCH-010725,2025-02-17T03:21:00,Sweden,Science fiction,Phone,Basic,45,42.4,94.2,5
WATCH-010726,2025-10-31T16:13:00,Spain,Science fiction,TV,Standard,90,64.2,71.3,5
WATCH-010727,2025-09-10T10:36:00,Sweden,Animation,Laptop,Premium,22,9.7,44.1,2
WATCH-010728,2025-07-24T22:08:00,Netherlands,Comedy,Phone,Basic,22,21.2,96.4,3
WATCH-010729,2025-04-08T05:29:00,Spain,Drama,Tablet,Premium,30,18.6,62.0,4
WATCH-010730,2025-10-17T12:10:00,Germany,Thriller,Tablet,Premium,90,77.5,86.1,1
WATCH-010731,2025-03-13T11:42:00,Germany,Science fiction,Laptop,Premium,90,45.4,,2
WATCH-010732,2025-12-07T06:26:00,Netherlands,Documentary,Tablet,Basic,22,13.2,60.0,3
WATCH-010733,2025-12-01T20:05:00,Sweden,Thriller,Phone,Premium,60,50.0,83.3,5
WATCH-010734,2025-02-16T10:45:00,Italy,Drama,TV,Premium,120,47.5,39.6,4
WATCH-010735,2025-07-02T23:41:00,Italy,Drama,TV,Premium,120,83.6,69.7,4
WATCH-010736,2025-05-23T03:20:00,Spain,Animation,TV,Basic,60,58.0,96.7,2
WATCH-010737,2025-02-04T02:01:00,France,Animation,TV,Premium,30,10.8,36.0,2
WATCH-010738,2025-11-14T02:02:00,France,Documentary,Tablet,Premium,22,2.4,10.9,1
WATCH-010739,2025-01-06T05:41:00,Spain,Drama,Laptop,Basic,45,11.0,24.4,5
WATCH-010740,2025-04-27T20:22:00,Germany,Science fiction,Laptop,Premium,22,12.9,58.6,5
WATCH-010741,2025-06-14T07:12:00,France,Thriller,Laptop,Standard,60,43.9,73.2,5
WATCH-010742,2025-02-28T09:19:00,Italy,Thriller,Phone,Standard,60,24.2,40.3,5
WATCH-010743,2025-07-04T22:57:00,Netherlands,Animation,Phone,Premium,60,41.0,68.3,1
WATCH-010744,2025-05-04T08:25:00,Netherlands,Documentary,TV,Basic,90,60.7,67.4,3
WATCH-010745,2025-02-15T09:07:00,Italy,Science fiction,TV,Premium,30,28.4,94.7,5
WATCH-010746,2025-10-09T04:05:00,Spain,Thriller,TV,Standard,120,54.7,45.6,1
WATCH-010747,2025-02-19T18:39:00,Germany,Science fiction,Phone,Premium,120,18.9,15.8,2
WATCH-010748,2025-03-01T14:01:00,Spain,Drama,TV,Premium,22,13.0,59.1,3
WATCH-010749,2025-05-28T15:15:00,Spain,Documentary,Laptop,Premium,22,14.3,65.0,4
WATCH-010750,2025-03-26T01:47:00,France,Comedy,Tablet,Premium,120,56.5,47.1,4
WATCH-010751,2025-03-05T20:46:00,Netherlands,Documentary,TV,Standard,45,14.5,32.2,5
WATCH-010752,2025-02-07T16:47:00,Netherlands,Animation,Tablet,Standard,60,40.1,66.8,5
WATCH-010753,2025-10-01T02:06:00,France,Documentary,Laptop,Premium,60,23.2,38.7,3
WATCH-010754,2025-10-04T03:19:00,Netherlands,Comedy,TV,Standard,120,114.7,95.6,1
WATCH-010755,2025-06-05T07:20:00,Italy,Thriller,Laptop,Premium,30,21.5,71.7,5
WATCH-010756,2025-01-10T17:19:00,France,Animation,TV,Basic,60,41.0,68.3,2
WATCH-010757,2025-09-19T17:50:00,Germany,Animation,Tablet,Standard,60,30.3,50.5,5
WATCH-010758,2025-01-28T03:52:00,Spain,Drama,Phone,Standard,90,20.5,22.8,5
WATCH-010759,2025-06-21T18:44:00,Germany,Thriller,Laptop,Premium,45,28.1,62.4,3
WATCH-010760,2025-02-13T12:40:00,Italy,Drama,Tablet,Premium,45,42.5,94.4,3
WATCH-010761,2025-03-29T03:05:00,Spain,Thriller,Phone,Premium,90,38.0,42.2,5
WATCH-010762,2025-09-22T23:10:00,Netherlands,Comedy,Tablet,Standard,60,16.8,28.0,4
WATCH-010763,2025-08-16T21:19:00,Spain,Documentary,Tablet,Basic,120,39.2,32.7,3
WATCH-010764,2025-09-04T14:05:00,Italy,Comedy,Phone,Basic,60,28.2,47.0,5
WATCH-010765,2025-11-27T14:06:00,France,Drama,Phone,Premium,60,38.1,63.5,3
WATCH-010766,2025-04-16T01:47:00,Spain,Animation,Laptop,Standard,120,114.8,95.7,3
WATCH-010767,2025-12-08T10:29:00,France,Science fiction,TV,Premium,30,2.3,7.7,2
WATCH-010768,2025-04-10T15:16:00,Germany,Comedy,Tablet,Premium,45,5.8,,5
WATCH-010769,2025-11-30T20:30:00,France,Documentary,Phone,Basic,30,8.0,26.7,5
WATCH-010770,2025-05-04T09:57:00,Spain,Comedy,Laptop,Standard,120,28.0,23.3,1
WATCH-010771,2025-05-29T20:13:00,Netherlands,Science fiction,Phone,Premium,45,35.3,78.4,4
WATCH-010772,2025-05-23T01:43:00,Italy,Documentary,Laptop,Premium,60,54.4,90.7,3
WATCH-010773,2025-12-01T10:13:00,Netherlands,Animation,Phone,Standard,120,77.0,64.2,4
WATCH-010774,2025-08-13T06:20:00,Italy,Drama,Laptop,Basic,22,9.7,44.1,5
WATCH-010775,2025-06-16T19:51:00,Germany,Science fiction,Tablet,Basic,22,17.1,77.7,2
WATCH-010776,2025-01-31T09:32:00,Sweden,Animation,Laptop,Basic,60,11.0,18.3,2
WATCH-010777,2025-10-20T13:24:00,France,Drama,Tablet,Premium,60,8.4,14.0,3
WATCH-010778,2025-10-21T13:29:00,France,Comedy,Laptop,Basic,45,12.4,27.6,1
WATCH-010779,2025-03-07T05:07:00,Netherlands,Comedy,TV,Standard,30,8.6,28.7,4
WATCH-010780,2025-03-15T08:01:00,Netherlands,Comedy,Tablet,Premium,120,90.9,75.8,4
WATCH-010781,2025-08-16T12:47:00,Italy,Drama,Tablet,Premium,22,17.4,79.1,1
WATCH-010782,2025-09-07T12:54:00,Italy,Thriller,Tablet,Basic,22,2.6,11.8,2
WATCH-010783,2025-06-07T10:12:00,Netherlands,Animation,TV,Standard,22,17.6,80.0,3
WATCH-010784,2025-06-19T00:34:00,Germany,Comedy,Phone,Basic,22,12.7,57.7,5
WATCH-010785,2025-03-30T12:15:00,France,Science fiction,Tablet,Basic,90,81.1,90.1,2
WATCH-010786,2025-07-21T08:02:00,Netherlands,Comedy,TV,Standard,60,5.9,9.8,2
WATCH-010787,2025-12-21T11:34:00,Sweden,Thriller,Phone,Basic,60,15.9,26.5,5
WATCH-010788,2025-01-13T08:43:00,Sweden,Science fiction,Laptop,Standard,90,54.3,60.3,1
WATCH-010789,2025-07-15T06:48:00,Netherlands,Comedy,Laptop,Basic,45,22.1,49.1,3
WATCH-010790,2025-10-18T23:48:00,Netherlands,Comedy,Tablet,Basic,30,13.0,43.3,5
WATCH-010791,2025-06-30T08:06:00,Italy,Comedy,,Premium,45,26.7,59.3,1
WATCH-010792,2025-08-09T00:27:00,Sweden,Science fiction,Tablet,Basic,60,56.0,93.3,5
WATCH-010793,2025-05-12T01:00:00,Sweden,Science fiction,TV,Basic,60,55.6,92.7,4
WATCH-010794,2025-05-29T12:29:00,Netherlands,Thriller,Tablet,Standard,22,18.2,82.7,3
WATCH-010795,2025-08-28T12:59:00,Germany,Comedy,Phone,Basic,30,21.9,73.0,1
WATCH-010796,2025-11-06T08:01:00,Spain,Science fiction,Laptop,Basic,22,18.4,83.6,1
WATCH-010797,2025-10-07T17:26:00,Netherlands,Science fiction,TV,Basic,60,37.9,63.2,4
WATCH-010798,2025-05-25T06:31:00,Sweden,Science fiction,Tablet,Premium,120,50.7,42.3,3
WATCH-010799,2025-03-12T23:39:00,Sweden,Documentary,Phone,Premium,60,19.4,32.3,2
WATCH-010800,2025-03-19T09:46:00,France,Animation,Laptop,Premium,22,11.7,53.2,3
WATCH-010801,2025-10-11T10:24:00,Spain,Animation,Phone,Basic,22,8.6,39.1,2
WATCH-010802,2025-04-16T06:03:00,Germany,Comedy,TV,Standard,22,6.5,29.5,5
WATCH-010803,2025-05-31T00:27:00,Italy,Drama,Tablet,Standard,30,15.4,51.3,1
WATCH-010804,2025-07-15T11:31:00,Netherlands,Comedy,Phone,Basic,22,12.5,56.8,4
WATCH-010805,2025-05-03T09:57:00,Netherlands,Thriller,Tablet,Basic,90,29.4,,3
WATCH-010806,2025-03-27T11:38:00,France,Thriller,Phone,Basic,90,41.3,45.9,2
WATCH-010807,2025-11-05T01:14:00,France,Drama,Tablet,Standard,22,13.9,63.2,2
WATCH-010808,2025-08-24T05:32:00,Netherlands,Documentary,Laptop,Standard,120,46.1,38.4,2
WATCH-010809,2025-07-04T12:51:00,Sweden,Drama,Laptop,Basic,22,15.4,70.0,4
WATCH-010810,2025-04-06T02:03:00,Italy,Drama,Phone,Standard,45,8.1,18.0,2
WATCH-010811,2025-11-08T22:10:00,Italy,Comedy,Phone,Basic,30,16.8,56.0,1
WATCH-010812,2025-09-23T21:41:00,Netherlands,Drama,Tablet,Premium,120,112.4,93.7,1
WATCH-010813,2025-04-14T16:32:00,Netherlands,Drama,TV,Premium,22,8.6,39.1,3
WATCH-010814,2025-02-07T22:55:00,Germany,Science fiction,Phone,Basic,45,29.4,65.3,3
WATCH-010815,2025-02-08T05:28:00,France,Animation,Laptop,Standard,60,37.5,62.5,3
WATCH-010816,2025-06-27T05:06:00,Sweden,Thriller,Laptop,Basic,45,31.3,69.6,4
WATCH-010817,2025-10-06T21:16:00,Italy,Comedy,Laptop,Premium,45,6.1,13.6,2
WATCH-010818,2025-04-29T12:32:00,Netherlands,Thriller,Phone,Standard,120,24.8,20.7,4
WATCH-010819,2025-01-23T09:56:00,France,Comedy,TV,Basic,30,21.3,71.0,3
WATCH-010820,2025-12-27T21:59:00,France,Science fiction,Phone,Standard,30,4.4,14.7,1
WATCH-010821,2025-12-31T04:56:00,Italy,Comedy,Tablet,Standard,30,9.3,31.0,4
WATCH-010822,2025-11-07T15:46:00,Netherlands,Drama,Laptop,Standard,30,6.0,20.0,1
WATCH-010823,2025-01-23T06:23:00,Netherlands,Science fiction,Tablet,Basic,90,83.5,92.8,5
WATCH-010824,2025-08-02T03:02:00,France,Documentary,Phone,Standard,120,98.9,82.4,3
WATCH-010825,2025-09-12T22:48:00,France,Thriller,TV,Premium,45,26.0,57.8,1
WATCH-010826,2025-06-11T11:47:00,Netherlands,Drama,Tablet,Premium,22,18.9,85.9,2
WATCH-010827,2025-07-08T06:47:00,France,Thriller,TV,Standard,22,1.2,5.5,1
WATCH-010828,2025-09-24T00:03:00,Netherlands,Animation,Laptop,Basic,45,43.7,97.1,1
WATCH-010829,2025-07-18T08:03:00,France,Drama,Phone,Standard,120,66.1,55.1,2
WATCH-010830,2025-02-26T02:36:00,Netherlands,Animation,Phone,Premium,90,37.8,42.0,4
WATCH-010831,2025-12-25T07:32:00,France,Thriller,Tablet,Basic,120,33.9,28.2,3
WATCH-010832,2025-10-02T09:06:00,Sweden,Documentary,TV,Premium,30,5.8,19.3,2
WATCH-010833,2025-05-12T05:20:00,Spain,Drama,Tablet,Premium,60,52.1,86.8,1
WATCH-010834,2025-02-15T06:17:00,Netherlands,Animation,TV,Standard,60,54.7,91.2,5
WATCH-010835,2025-04-04T15:11:00,Spain,Comedy,Laptop,Standard,30,7.3,24.3,3
WATCH-010836,2025-01-30T19:06:00,Spain,Documentary,Phone,Premium,22,16.7,75.9,2
WATCH-010837,2025-05-17T08:17:00,Sweden,Drama,TV,Basic,60,8.1,13.5,3
WATCH-010838,2025-10-22T06:00:00,France,Science fiction,TV,Premium,22,10.6,48.2,3
WATCH-010839,2025-01-02T00:58:00,France,Science fiction,Laptop,Standard,30,7.1,23.7,5
WATCH-010840,2025-08-02T12:02:00,Italy,Animation,Laptop,Premium,60,16.1,26.8,3
WATCH-010841,2025-06-08T21:28:00,France,Science fiction,Phone,Basic,60,29.1,48.5,5
WATCH-010842,2025-01-12T20:04:00,Germany,Comedy,Phone,Premium,30,9.7,,4
WATCH-010843,2025-10-24T07:04:00,France,Science fiction,TV,Premium,45,5.0,11.1,3
WATCH-010844,2025-11-02T23:11:00,Italy,Thriller,Tablet,Standard,60,12.3,20.5,3
WATCH-010845,2025-07-14T20:59:00,Netherlands,Documentary,Phone,Premium,120,98.5,82.1,3
WATCH-010846,2025-11-11T19:12:00,Sweden,Drama,Phone,Basic,45,44.4,98.7,2
WATCH-010847,2025-07-05T11:34:00,Netherlands,Documentary,TV,Premium,60,5.8,9.7,5
WATCH-010848,2025-04-13T14:06:00,France,Drama,TV,Basic,90,11.5,12.8,1
WATCH-010849,2025-10-15T17:11:00,Spain,Thriller,Phone,Standard,90,81.2,90.2,5
WATCH-010850,2025-03-09T04:35:00,Italy,Thriller,Phone,Standard,22,20.3,92.3,3
WATCH-010851,2025-12-21T17:35:00,Netherlands,Science fiction,Tablet,Premium,120,78.6,65.5,5
WATCH-010852,2025-11-14T18:03:00,Spain,Comedy,Phone,Basic,22,5.8,26.4,1
WATCH-010853,2025-09-14T21:47:00,Spain,Drama,Laptop,Basic,90,85.7,95.2,3
WATCH-010854,2025-06-18T07:26:00,Italy,Science fiction,TV,Premium,45,35.8,79.6,1
WATCH-010855,2025-02-11T04:24:00,Spain,Drama,Laptop,Standard,60,14.1,23.5,3
WATCH-010856,2025-06-25T05:50:00,Sweden,Animation,TV,Basic,45,24.9,55.3,4
WATCH-010857,2025-02-08T20:40:00,Italy,Thriller,TV,Basic,90,81.8,90.9,4
WATCH-010858,2025-01-04T10:25:00,Spain,Thriller,Phone,Standard,45,40.8,90.7,1
WATCH-010859,2025-12-21T22:02:00,France,Thriller,Phone,Standard,30,16.0,53.3,5
WATCH-010860,2025-01-27T14:04:00,Spain,Science fiction,TV,Premium,22,16.1,73.2,4
WATCH-010861,2025-08-29T04:27:00,France,Science fiction,Laptop,Basic,120,118.5,98.8,3
WATCH-010862,2025-03-02T14:25:00,Spain,Comedy,Phone,Standard,90,65.0,72.2,1
WATCH-010863,2025-12-09T22:36:00,Spain,Science fiction,Tablet,Standard,22,18.8,85.5,1
WATCH-010864,2025-03-31T02:44:00,Italy,Animation,Laptop,Premium,30,2.9,9.7,4
WATCH-010865,2025-11-02T15:48:00,Spain,Drama,Phone,Standard,45,22.2,49.3,1
WATCH-010866,2025-11-10T00:41:00,Germany,Science fiction,Phone,Standard,30,14.6,48.7,2
WATCH-010867,2025-12-31T14:22:00,Spain,Thriller,Laptop,Standard,120,78.2,65.2,1
WATCH-010868,2025-02-12T12:04:00,Netherlands,Drama,Tablet,Standard,30,8.8,29.3,3
WATCH-010869,2025-01-31T10:51:00,Germany,Drama,TV,Basic,120,47.5,39.6,3
WATCH-010870,2025-09-17T21:33:00,France,Drama,Tablet,Basic,60,14.1,23.5,1
WATCH-010871,2025-08-26T09:46:00,France,Thriller,TV,Standard,90,51.9,57.7,5
WATCH-010872,2025-04-24T22:40:00,France,Science fiction,TV,Standard,22,16.9,76.8,1
WATCH-010873,2025-03-24T13:07:00,Netherlands,Comedy,Tablet,Standard,22,16.9,76.8,1
WATCH-010874,2025-05-30T02:50:00,Italy,Drama,,Standard,90,63.6,70.7,4
WATCH-010875,2025-02-15T03:17:00,Spain,Comedy,Phone,Basic,22,18.7,85.0,4
WATCH-010876,2025-07-27T16:20:00,Netherlands,Comedy,Laptop,Premium,22,9.1,41.4,3
WATCH-010877,2025-11-26T12:39:00,Sweden,Drama,Phone,Premium,30,6.2,20.7,5
WATCH-010878,2025-07-23T16:51:00,Spain,Thriller,Phone,Standard,120,65.4,54.5,4
WATCH-010879,2025-11-07T18:13:00,Germany,Science fiction,Tablet,Basic,30,29.7,,4
WATCH-010880,2025-04-06T22:51:00,France,Science fiction,Phone,Standard,30,18.5,61.7,4
WATCH-010881,2025-10-04T15:05:00,Sweden,Thriller,Tablet,Basic,30,11.7,39.0,2
WATCH-010882,2025-03-26T11:04:00,Italy,Science fiction,Tablet,Basic,120,88.8,74.0,5
WATCH-010883,2025-05-29T11:32:00,Germany,Drama,Laptop,Standard,60,29.8,49.7,3
WATCH-010884,2025-06-11T12:30:00,Spain,Animation,Laptop,Standard,60,59.0,98.3,3
WATCH-010885,2025-12-31T12:01:00,Spain,Thriller,Laptop,Basic,120,10.2,8.5,4
WATCH-010886,2025-11-05T13:50:00,Netherlands,Science fiction,Laptop,Standard,90,85.1,94.6,5
WATCH-010887,2025-11-21T13:52:00,Netherlands,Science fiction,Phone,Premium,120,90.9,75.8,4
WATCH-010888,2025-03-08T11:27:00,Netherlands,Comedy,Tablet,Standard,120,93.0,77.5,4
WATCH-010889,2025-09-18T09:22:00,Germany,Science fiction,Tablet,Basic,60,30.9,51.5,5
WATCH-010890,2025-08-17T04:54:00,Spain,Drama,Phone,Basic,90,24.2,26.9,3
WATCH-010891,2025-08-21T08:12:00,Italy,Comedy,Tablet,Standard,30,27.1,90.3,5
WATCH-010892,2025-09-08T19:03:00,Netherlands,Documentary,Tablet,Premium,45,35.7,79.3,5
WATCH-010893,2025-05-28T01:18:00,Netherlands,Animation,Tablet,Premium,60,26.0,43.3,3
WATCH-010894,2025-08-27T04:28:00,Sweden,Drama,TV,Standard,45,40.4,89.8,1
WATCH-010895,2025-04-26T00:22:00,Germany,Thriller,Tablet,Basic,60,46.8,78.0,5
WATCH-010896,2025-03-30T14:52:00,Spain,Thriller,Laptop,Basic,120,73.1,60.9,2
WATCH-010897,2025-12-24T07:07:00,Italy,Documentary,TV,Basic,45,28.4,63.1,1
WATCH-010898,2025-04-20T14:21:00,Sweden,Comedy,TV,Standard,30,6.7,22.3,1
WATCH-010899,2025-08-14T06:45:00,Netherlands,Comedy,Tablet,Premium,60,30.6,51.0,2
WATCH-010900,2025-09-08T00:00:00,France,Animation,TV,Basic,22,18.2,82.7,1
WATCH-010901,2025-12-01T12:35:00,Italy,Thriller,Tablet,Basic,60,11.2,18.7,3
WATCH-010902,2025-08-23T20:40:00,Italy,Science fiction,TV,Standard,120,43.6,36.3,2
WATCH-010903,2025-09-29T07:25:00,Italy,Thriller,Tablet,Standard,30,29.8,99.3,2
WATCH-010904,2025-11-04T09:19:00,Netherlands,Documentary,Tablet,Basic,120,71.7,59.8,5
WATCH-010905,2025-07-27T04:55:00,Germany,Science fiction,Phone,Premium,60,5.3,8.8,5
WATCH-010906,2025-04-18T13:02:00,Germany,Drama,Laptop,Standard,22,21.6,98.2,2
WATCH-010907,2025-10-14T17:59:00,Germany,Animation,Phone,Premium,22,3.7,16.8,1
WATCH-010908,2025-09-30T05:15:00,Sweden,Comedy,Laptop,Premium,45,37.7,83.8,4
WATCH-010909,2025-09-12T09:04:00,Netherlands,Science fiction,Laptop,Standard,90,16.8,18.7,1
WATCH-010910,2025-05-10T16:04:00,Italy,Documentary,TV,Premium,120,90.6,75.5,3
WATCH-010911,2025-04-01T08:06:00,Italy,Thriller,Laptop,Standard,60,7.6,12.7,1
WATCH-010912,2025-08-17T15:29:00,Netherlands,Science fiction,Tablet,Basic,90,10.1,11.2,5
WATCH-010913,2025-06-26T02:22:00,Sweden,Comedy,Tablet,Standard,90,22.6,25.1,5
WATCH-010914,2025-08-14T10:51:00,Sweden,Drama,Laptop,Standard,30,9.9,33.0,5
WATCH-010915,2025-11-12T10:21:00,Italy,Comedy,TV,Premium,120,15.8,13.2,3
WATCH-010916,2025-08-13T15:35:00,Sweden,Drama,Laptop,Premium,90,19.7,,4
WATCH-010917,2025-12-16T21:03:00,France,Animation,Tablet,Basic,22,8.1,36.8,2
WATCH-010918,2025-08-05T00:37:00,Sweden,Comedy,Phone,Standard,22,10.7,48.6,2
WATCH-010919,2025-08-03T19:43:00,Sweden,Thriller,Laptop,Premium,22,15.2,69.1,4
WATCH-010920,2025-10-07T18:52:00,Sweden,Thriller,TV,Premium,60,58.2,97.0,1
WATCH-010921,2025-10-05T13:05:00,Sweden,Science fiction,Tablet,Standard,22,17.1,77.7,2
WATCH-010922,2025-04-15T21:22:00,Italy,Science fiction,TV,Basic,120,14.3,11.9,3
WATCH-010923,2025-11-14T18:14:00,Italy,Drama,TV,Premium,45,22.9,50.9,1
WATCH-010924,2025-01-15T05:34:00,France,Drama,Tablet,Standard,22,18.1,82.3,4
WATCH-010925,2025-09-20T04:39:00,Germany,Documentary,Tablet,Basic,30,28.8,96.0,3
WATCH-010926,2025-05-26T19:40:00,France,Science fiction,Phone,Standard,22,8.4,38.2,2
WATCH-010927,2025-06-06T20:10:00,Italy,Drama,Tablet,Standard,30,16.2,54.0,1
WATCH-010928,2025-01-18T09:42:00,Sweden,Comedy,Laptop,Premium,90,6.9,7.7,5
WATCH-010929,2025-08-07T11:03:00,Spain,Drama,Laptop,Basic,30,13.1,43.7,5
WATCH-010930,2025-10-10T00:59:00,Italy,Thriller,Tablet,Premium,45,15.2,33.8,1
WATCH-010931,2025-12-28T16:32:00,France,Science fiction,TV,Premium,45,34.0,75.6,5
WATCH-010932,2025-02-03T04:32:00,Germany,Drama,Tablet,Basic,22,21.9,99.5,4
WATCH-010933,2025-05-28T08:11:00,Italy,Science fiction,Laptop,Basic,30,5.7,19.0,1
WATCH-010934,2025-02-03T18:49:00,Spain,Thriller,Laptop,Premium,90,10.3,11.4,4
WATCH-010935,2025-06-06T01:29:00,Germany,Documentary,Phone,Standard,30,22.0,73.3,4
WATCH-010936,2025-02-28T21:42:00,Italy,Documentary,Laptop,Standard,45,25.1,55.8,1
WATCH-010937,2025-10-02T12:20:00,Sweden,Comedy,Tablet,Premium,60,12.4,20.7,3
WATCH-010938,2025-10-25T18:54:00,Sweden,Comedy,TV,Basic,22,18.5,84.1,2
WATCH-010939,2025-12-25T19:13:00,Germany,Drama,TV,Premium,60,13.8,23.0,5
WATCH-010940,2025-08-06T08:34:00,Netherlands,Animation,Phone,Premium,60,23.1,38.5,4
WATCH-010941,2025-01-28T01:25:00,Italy,Drama,Laptop,Basic,120,66.9,55.8,1
WATCH-010942,2025-02-13T14:16:00,Spain,Science fiction,Laptop,Basic,45,8.9,19.8,3
WATCH-010943,2025-04-14T06:16:00,Italy,Documentary,TV,Premium,60,58.9,98.2,1
WATCH-010944,2025-11-03T10:50:00,Italy,Thriller,TV,Standard,120,100.3,83.6,2
WATCH-010945,2025-04-08T10:45:00,Sweden,Science fiction,Laptop,Standard,90,17.9,19.9,1
WATCH-010946,2025-05-25T15:34:00,Spain,Science fiction,TV,Standard,30,16.0,53.3,2
WATCH-010947,2025-05-26T07:02:00,Sweden,Documentary,Tablet,Standard,22,2.4,10.9,4
WATCH-010948,2025-03-23T09:24:00,France,Science fiction,Phone,Premium,90,23.6,26.2,2
WATCH-010949,2025-02-01T14:08:00,Netherlands,Comedy,Tablet,Premium,90,77.6,86.2,5
WATCH-010950,2025-02-14T11:46:00,France,Animation,Phone,Premium,120,44.9,37.4,3
WATCH-010951,2025-08-14T06:08:00,Italy,Drama,TV,Standard,90,43.0,47.8,3
WATCH-010952,2025-07-30T22:18:00,France,Drama,Tablet,Standard,90,34.4,38.2,4
WATCH-010953,2025-03-26T19:56:00,Netherlands,Comedy,TV,Premium,90,41.7,,2
WATCH-010954,2025-10-25T01:10:00,Germany,Drama,Phone,Basic,30,9.7,32.3,5
WATCH-010955,2025-03-08T03:41:00,Italy,Comedy,Tablet,Standard,22,14.2,64.5,4
WATCH-010956,2025-05-05T20:33:00,Italy,Comedy,Laptop,Premium,45,26.9,59.8,5
WATCH-010957,2025-01-27T04:45:00,Italy,Drama,,Standard,22,1.4,6.4,5
WATCH-010958,2025-06-18T08:29:00,Spain,Animation,Laptop,Basic,60,41.7,69.5,3
WATCH-010959,2025-05-05T07:26:00,Italy,Animation,Laptop,Basic,30,24.4,81.3,4
WATCH-010960,2025-01-01T04:58:00,Netherlands,Documentary,Phone,Standard,120,94.9,79.1,1
WATCH-010961,2025-04-17T18:11:00,Sweden,Animation,Laptop,Premium,120,107.8,89.8,3
WATCH-010962,2025-02-13T20:05:00,Germany,Animation,TV,Basic,45,8.2,18.2,3
WATCH-010963,2025-12-20T16:48:00,Netherlands,Comedy,Tablet,Basic,30,14.6,48.7,5
WATCH-010964,2025-03-08T15:11:00,France,Animation,Tablet,Basic,22,11.0,50.0,5
WATCH-010965,2025-01-29T19:43:00,Spain,Science fiction,Tablet,Premium,30,22.8,76.0,1
WATCH-010966,2025-06-14T08:01:00,Spain,Comedy,Laptop,Premium,90,76.5,85.0,5
WATCH-010967,2025-02-25T20:09:00,France,Comedy,TV,Standard,22,10.8,49.1,4
WATCH-010968,2025-04-22T15:14:00,Netherlands,Science fiction,TV,Standard,90,75.4,83.8,4
WATCH-010969,2025-10-14T20:09:00,Netherlands,Drama,Laptop,Premium,90,80.3,89.2,4
WATCH-010970,2025-12-12T17:40:00,Netherlands,Comedy,Tablet,Premium,30,25.0,83.3,5
WATCH-010971,2025-12-14T03:16:00,Germany,Drama,Tablet,Basic,22,10.9,49.5,5
WATCH-010972,2025-05-04T00:01:00,Italy,Drama,Tablet,Standard,22,16.1,73.2,1
WATCH-010973,2025-02-26T08:21:00,Spain,Science fiction,Phone,Standard,45,12.1,26.9,1
WATCH-010974,2025-04-07T18:48:00,Germany,Science fiction,Laptop,Standard,45,8.7,19.3,2
WATCH-010975,2025-04-07T02:36:00,Italy,Animation,Phone,Standard,120,80.8,67.3,2
WATCH-010976,2025-04-27T17:16:00,Italy,Documentary,Phone,Standard,22,7.5,34.1,2
WATCH-010977,2025-12-04T19:02:00,Germany,Animation,TV,Standard,30,26.2,87.3,4
WATCH-010978,2025-06-10T20:34:00,Spain,Comedy,Laptop,Standard,45,37.9,84.2,3
WATCH-010979,2025-05-05T23:02:00,France,Comedy,TV,Basic,22,20.2,91.8,4
WATCH-010980,2025-01-06T13:50:00,France,Science fiction,Laptop,Standard,60,49.6,82.7,2
WATCH-010981,2025-12-13T01:05:00,Netherlands,Comedy,Phone,Premium,45,7.2,16.0,4
WATCH-010982,2025-11-19T06:31:00,Italy,Thriller,Tablet,Premium,30,12.3,41.0,4
WATCH-010983,2025-07-02T03:19:00,Spain,Comedy,Tablet,Basic,45,33.9,75.3,5
WATCH-010984,2025-01-27T21:40:00,Spain,Drama,Tablet,Basic,45,37.4,83.1,2
WATCH-010985,2025-12-07T03:39:00,France,Animation,Phone,Standard,90,46.6,51.8,1
WATCH-010986,2025-04-24T17:29:00,Spain,Thriller,Tablet,Basic,22,15.6,70.9,4
WATCH-010987,2025-02-05T10:54:00,Sweden,Thriller,TV,Standard,60,14.1,23.5,1
WATCH-010988,2025-12-14T05:35:00,Italy,Drama,Phone,Standard,90,61.1,67.9,4
WATCH-010989,2025-10-12T20:34:00,Spain,Comedy,Phone,Premium,90,74.3,82.6,1
WATCH-010990,2025-11-07T18:37:00,Germany,Thriller,Laptop,Basic,120,73.6,,4
WATCH-010991,2025-03-03T10:22:00,Netherlands,Documentary,Tablet,Basic,90,54.6,60.7,5
WATCH-010992,2025-01-28T18:27:00,Italy,Documentary,Laptop,Premium,30,5.8,19.3,4
WATCH-010993,2025-08-26T03:48:00,Spain,Science fiction,Phone,Basic,45,35.1,78.0,3
WATCH-010994,2025-10-07T18:42:00,Italy,Science fiction,Phone,Standard,45,17.9,39.8,1
WATCH-010995,2025-04-05T11:51:00,Sweden,Documentary,Tablet,Standard,120,51.4,42.8,3
WATCH-010996,2025-10-16T13:42:00,Netherlands,Comedy,Phone,Basic,120,52.6,43.8,5
WATCH-010997,2025-03-12T04:17:00,Italy,Drama,Laptop,Premium,30,17.8,59.3,3
WATCH-010998,2025-08-16T21:46:00,Netherlands,Thriller,Laptop,Premium,60,9.2,15.3,2
WATCH-010999,2025-11-21T13:29:00,Germany,Thriller,TV,Standard,22,12.6,57.3,4
WATCH-011000,2025-06-06T03:39:00,Germany,Documentary,Laptop,Standard,22,2.7,12.3,5
WATCH-011001,2025-01-30T03:27:00,Spain,Drama,Phone,Standard,22,14.6,66.4,5
WATCH-011002,2025-06-29T16:42:00,Germany,Drama,Tablet,Premium,45,15.5,34.4,5
WATCH-011003,2025-09-17T12:50:00,Netherlands,Comedy,Tablet,Standard,45,41.6,92.4,4
WATCH-011004,2025-09-13T00:38:00,Sweden,Documentary,Tablet,Standard,30,29.3,97.7,4
WATCH-011005,2025-05-21T07:08:00,Spain,Science fiction,Phone,Basic,120,44.0,36.7,3
WATCH-011006,2025-11-30T14:30:00,Netherlands,Documentary,Tablet,Basic,90,65.4,72.7,1
WATCH-011007,2025-12-25T13:16:00,Sweden,Documentary,Laptop,Standard,90,72.2,80.2,3
WATCH-011008,2025-11-19T04:01:00,France,Animation,Tablet,Premium,60,22.6,37.7,5
WATCH-011009,2025-04-11T08:35:00,Germany,Animation,Tablet,Standard,22,7.5,34.1,1
WATCH-011010,2025-05-18T04:19:00,Germany,Comedy,Laptop,Premium,45,17.6,39.1,2
WATCH-011011,2025-12-06T05:30:00,Sweden,Science fiction,Tablet,Premium,45,12.9,28.7,1
WATCH-011012,2025-09-11T08:44:00,France,Drama,Tablet,Basic,30,25.5,85.0,1
WATCH-011013,2025-03-11T19:21:00,Spain,Thriller,Tablet,Premium,90,36.6,40.7,5
WATCH-011014,2025-02-17T05:37:00,Sweden,Animation,Phone,Standard,45,10.8,24.0,3
WATCH-011015,2025-07-15T05:04:00,Netherlands,Thriller,TV,Basic,60,23.6,39.3,1
WATCH-011016,2025-08-03T00:08:00,Italy,Animation,Phone,Basic,90,63.5,70.6,2
WATCH-011017,2025-05-14T17:15:00,Netherlands,Science fiction,TV,Standard,120,94.3,78.6,4
WATCH-011018,2025-09-08T11:39:00,Germany,Documentary,TV,Standard,45,25.6,56.9,4
WATCH-011019,2025-12-29T10:31:00,Sweden,Comedy,Laptop,Basic,90,42.5,47.2,5
WATCH-011020,2025-05-19T12:51:00,Germany,Comedy,Laptop,Basic,22,19.9,90.5,2
WATCH-011021,2025-05-20T15:46:00,Italy,Drama,Phone,Basic,30,25.8,86.0,3
WATCH-011022,2025-04-13T09:30:00,Germany,Documentary,Laptop,Standard,120,72.3,60.2,1
WATCH-011023,2025-07-23T03:44:00,Germany,Documentary,Tablet,Basic,30,22.4,74.7,3
WATCH-011024,2025-09-27T01:42:00,Italy,Science fiction,Phone,Basic,120,40.6,33.8,3
WATCH-011025,2025-02-16T03:59:00,Spain,Drama,Phone,Basic,22,12.0,54.5,3
WATCH-011026,2025-06-02T18:48:00,Germany,Comedy,Tablet,Premium,30,4.5,15.0,3
WATCH-011027,2025-07-27T12:21:00,Netherlands,Drama,TV,Premium,90,19.9,,3
WATCH-011028,2025-10-01T15:44:00,Sweden,Comedy,Tablet,Premium,45,18.9,42.0,1
WATCH-011029,2025-12-30T18:26:00,Netherlands,Thriller,Tablet,Basic,30,11.7,39.0,4
WATCH-011030,2025-12-09T02:09:00,Germany,Comedy,Phone,Basic,120,52.5,43.8,1
WATCH-011031,2025-10-18T09:30:00,Italy,Documentary,Tablet,Standard,30,16.7,55.7,2
WATCH-011032,2025-12-27T07:12:00,Spain,Comedy,TV,Standard,120,51.9,43.2,1
WATCH-011033,2025-07-27T01:42:00,Spain,Thriller,Phone,Basic,22,6.9,31.4,4
WATCH-011034,2025-10-11T10:08:00,Spain,Comedy,Tablet,Basic,120,100.5,83.8,3
WATCH-011035,2025-12-15T18:37:00,Netherlands,Documentary,Tablet,Standard,60,47.1,78.5,4
WATCH-011036,2025-12-25T21:54:00,Italy,Documentary,TV,Premium,22,14.8,67.3,5
WATCH-011037,2025-03-04T15:15:00,France,Comedy,TV,Basic,22,9.9,45.0,4
WATCH-011038,2025-04-14T02:55:00,Sweden,Science fiction,Phone,Basic,60,47.7,79.5,5
WATCH-011039,2025-02-22T18:14:00,Italy,Thriller,TV,Standard,45,30.5,67.8,3
WATCH-011040,2025-03-03T00:26:00,Germany,Animation,,Basic,90,64.6,71.8,4
WATCH-011041,2025-11-09T10:09:00,Italy,Comedy,Phone,Standard,22,4.9,22.3,2
WATCH-011042,2025-11-13T06:23:00,Sweden,Comedy,Tablet,Premium,22,12.0,54.5,4
WATCH-011043,2025-02-16T01:46:00,Germany,Animation,Phone,Premium,45,4.0,8.9,3
WATCH-011044,2025-03-31T10:49:00,Netherlands,Comedy,TV,Standard,120,96.7,80.6,3
WATCH-011045,2025-09-23T18:10:00,Spain,Documentary,TV,Standard,30,16.9,56.3,1
WATCH-011046,2025-03-12T19:01:00,France,Animation,Phone,Basic,120,10.6,8.8,2
WATCH-011047,2025-11-28T04:54:00,Spain,Science fiction,Tablet,Standard,45,39.3,87.3,2
WATCH-011048,2025-03-13T23:02:00,Sweden,Science fiction,Laptop,Premium,90,58.1,64.6,1
WATCH-011049,2025-11-03T13:11:00,Italy,Drama,TV,Basic,30,15.2,50.7,3
WATCH-011050,2025-01-27T23:05:00,Sweden,Science fiction,Phone,Basic,30,26.3,87.7,3
WATCH-011051,2025-04-16T00:42:00,Netherlands,Thriller,Laptop,Premium,45,42.3,94.0,4
WATCH-011052,2025-07-13T14:02:00,Sweden,Animation,Laptop,Standard,22,11.2,50.9,3
WATCH-011053,2025-05-10T11:33:00,Spain,Drama,Laptop,Basic,90,45.2,50.2,1
WATCH-011054,2025-02-12T05:17:00,Spain,Documentary,TV,Basic,120,87.6,73.0,4
WATCH-011055,2025-10-20T20:06:00,France,Animation,Tablet,Standard,30,1.7,5.7,4
WATCH-011056,2025-10-01T02:26:00,Spain,Thriller,Tablet,Standard,22,21.1,95.9,5
WATCH-011057,2025-07-21T10:09:00,Sweden,Drama,Phone,Basic,30,13.8,46.0,4
WATCH-011058,2025-01-08T19:49:00,Spain,Thriller,Tablet,Basic,22,12.7,57.7,3
WATCH-011059,2025-01-18T02:47:00,Sweden,Science fiction,TV,Standard,90,58.4,64.9,1
WATCH-011060,2025-02-26T18:56:00,Germany,Documentary,TV,Basic,90,40.3,44.8,1
WATCH-011061,2025-11-25T03:37:00,France,Science fiction,TV,Basic,90,30.9,34.3,5
WATCH-011062,2025-07-07T08:36:00,Sweden,Science fiction,Laptop,Standard,120,52.5,43.8,3
WATCH-011063,2025-05-17T21:53:00,Italy,Documentary,Phone,Basic,30,18.7,62.3,4
WATCH-011064,2025-08-11T20:05:00,France,Animation,TV,Basic,22,15.6,,4
WATCH-011065,2025-09-21T10:21:00,Sweden,Thriller,Laptop,Basic,45,24.8,55.1,1
WATCH-011066,2025-10-15T17:15:00,Germany,Documentary,Laptop,Basic,90,60.8,67.6,3
WATCH-011067,2025-07-13T22:20:00,Germany,Animation,Tablet,Basic,120,94.2,78.5,4
WATCH-011068,2025-07-27T02:53:00,Italy,Science fiction,Laptop,Standard,22,12.3,55.9,1
WATCH-011069,2025-09-13T04:21:00,Germany,Comedy,Phone,Basic,22,20.2,91.8,2
WATCH-011070,2025-10-23T04:31:00,Italy,Drama,Tablet,Premium,90,51.4,57.1,3
WATCH-011071,2025-03-20T19:14:00,Sweden,Animation,Phone,Premium,120,76.5,63.7,1
WATCH-011072,2025-11-12T11:30:00,Sweden,Science fiction,TV,Basic,30,12.9,43.0,3
WATCH-011073,2025-10-31T16:24:00,Netherlands,Thriller,Laptop,Premium,30,17.0,56.7,5
WATCH-011074,2025-01-29T09:02:00,Spain,Documentary,Laptop,Standard,30,24.6,82.0,4
WATCH-011075,2025-09-08T07:25:00,Sweden,Thriller,Phone,Standard,30,1.8,6.0,4
WATCH-011076,2025-05-20T21:24:00,Netherlands,Science fiction,Tablet,Premium,22,17.0,77.3,5
WATCH-011077,2025-10-23T12:59:00,Netherlands,Drama,TV,Basic,120,99.9,83.2,1
WATCH-011078,2025-07-24T11:37:00,France,Animation,Tablet,Standard,90,60.6,67.3,4
WATCH-011079,2025-12-20T10:53:00,Spain,Thriller,TV,Basic,60,39.5,65.8,3
WATCH-011080,2025-01-31T18:45:00,France,Thriller,Tablet,Standard,45,4.8,10.7,3
WATCH-011081,2025-06-25T18:52:00,Spain,Documentary,Tablet,Standard,60,57.2,95.3,2
WATCH-011082,2025-08-20T13:32:00,Spain,Drama,Phone,Basic,22,8.1,36.8,2
WATCH-011083,2025-07-23T22:02:00,Germany,Thriller,Tablet,Basic,120,89.3,74.4,2
WATCH-011084,2025-02-01T09:41:00,Netherlands,Thriller,Tablet,Basic,120,116.9,97.4,2
WATCH-011085,2025-05-10T06:49:00,Italy,Drama,Laptop,Basic,30,7.9,26.3,1
WATCH-011086,2025-09-04T08:12:00,Netherlands,Animation,Tablet,Standard,22,16.0,72.7,1
WATCH-011087,2025-11-16T09:36:00,France,Comedy,TV,Basic,90,90.0,100.0,5
WATCH-011088,2025-04-05T14:11:00,Netherlands,Science fiction,TV,Premium,90,66.1,73.4,3
WATCH-011089,2025-02-16T21:32:00,Sweden,Documentary,Laptop,Standard,90,14.7,16.3,2
WATCH-011090,2025-10-03T08:30:00,Spain,Drama,TV,Basic,90,52.7,58.6,4
WATCH-011091,2025-10-18T04:48:00,Sweden,Animation,TV,Premium,45,27.8,61.8,3
WATCH-011092,2025-01-05T07:22:00,Netherlands,Animation,Laptop,Premium,30,14.5,48.3,5
WATCH-011093,2025-08-01T07:39:00,Italy,Comedy,Phone,Basic,30,12.6,42.0,5
WATCH-011094,2025-09-08T20:57:00,Italy,Comedy,Phone,Standard,90,69.3,77.0,2
WATCH-011095,2025-08-06T19:11:00,Germany,Comedy,TV,Basic,60,19.0,31.7,2
WATCH-011096,2025-05-09T07:39:00,Sweden,Drama,Laptop,Premium,90,38.2,42.4,3
WATCH-011097,2025-05-27T09:14:00,Netherlands,Documentary,Tablet,Premium,120,75.7,63.1,1
WATCH-011098,2025-07-01T21:57:00,Germany,Thriller,Tablet,Standard,22,11.1,50.5,1
WATCH-011099,2025-09-08T23:14:00,France,Science fiction,Tablet,Premium,30,27.6,92.0,5
WATCH-011100,2025-11-12T10:46:00,Sweden,Thriller,TV,Standard,60,48.1,80.2,3
WATCH-011101,2025-09-11T11:45:00,Germany,Drama,Laptop,Premium,60,11.5,,3
WATCH-011102,2025-07-16T13:12:00,Sweden,Comedy,Laptop,Basic,60,39.1,65.2,5
WATCH-011103,2025-07-09T01:35:00,France,Animation,Tablet,Basic,120,106.2,88.5,4
WATCH-011104,2025-11-15T03:41:00,Netherlands,Animation,Laptop,Basic,22,3.7,16.8,2
WATCH-011105,2025-02-11T02:12:00,Spain,Animation,Phone,Basic,60,50.0,83.3,1
WATCH-011106,2025-07-02T11:56:00,Italy,Thriller,Laptop,Basic,30,10.6,35.3,1
WATCH-011107,2025-09-27T03:07:00,France,Drama,Laptop,Premium,45,40.5,90.0,2
WATCH-011108,2025-03-09T18:21:00,Sweden,Animation,Laptop,Basic,90,79.2,88.0,1
WATCH-011109,2025-06-17T00:14:00,Germany,Animation,Tablet,Standard,22,15.1,68.6,3
WATCH-011110,2025-06-26T20:11:00,Germany,Comedy,Phone,Standard,90,33.7,37.4,3
WATCH-011111,2025-09-22T15:20:00,France,Drama,Tablet,Premium,45,31.5,70.0,1
WATCH-011112,2025-12-11T11:46:00,France,Thriller,Phone,Premium,60,44.5,74.2,3
WATCH-011113,2025-04-04T03:50:00,Sweden,Thriller,Laptop,Basic,120,36.6,30.5,2
WATCH-011114,2025-11-18T12:18:00,Germany,Drama,Laptop,Premium,120,15.1,12.6,1
WATCH-011115,2025-12-24T03:23:00,Netherlands,Documentary,Phone,Premium,22,5.2,23.6,4
WATCH-011116,2025-06-11T11:53:00,Italy,Drama,TV,Basic,120,61.8,51.5,5
WATCH-011117,2025-07-01T18:32:00,Spain,Documentary,Tablet,Standard,45,30.6,68.0,4
WATCH-011118,2025-05-07T17:56:00,Germany,Thriller,Laptop,Standard,90,7.1,7.9,1
WATCH-011119,2025-10-21T06:32:00,Germany,Drama,Tablet,Basic,120,115.8,96.5,4
WATCH-011120,2025-10-28T02:10:00,Italy,Documentary,Phone,Standard,90,85.8,95.3,3
WATCH-011121,2025-02-20T12:32:00,Spain,Comedy,Laptop,Basic,22,12.9,58.6,3
WATCH-011122,2025-11-19T15:19:00,Spain,Drama,TV,Basic,22,1.9,8.6,5
WATCH-011123,2025-10-03T04:23:00,Italy,Thriller,,Basic,22,9.7,44.1,1
WATCH-011124,2025-06-19T17:41:00,Italy,Comedy,Tablet,Premium,45,20.8,46.2,3
WATCH-011125,2025-01-13T03:14:00,Germany,Drama,Phone,Basic,22,1.8,8.2,4
WATCH-011126,2025-03-02T19:33:00,Sweden,Comedy,Laptop,Premium,120,47.8,39.8,1
WATCH-011127,2025-01-04T02:23:00,France,Animation,TV,Basic,120,77.2,64.3,5
WATCH-011128,2025-12-29T04:45:00,Spain,Comedy,Tablet,Basic,22,20.1,91.4,5
WATCH-011129,2025-02-26T18:17:00,Sweden,Science fiction,TV,Standard,45,43.3,96.2,1
WATCH-011130,2025-09-26T08:34:00,France,Thriller,Tablet,Standard,90,6.2,6.9,4
WATCH-011131,2025-01-08T06:06:00,Spain,Thriller,TV,Basic,90,40.6,45.1,1
WATCH-011132,2025-04-03T03:38:00,Netherlands,Animation,Phone,Standard,90,5.3,5.9,4
WATCH-011133,2025-11-01T18:01:00,Germany,Comedy,TV,Premium,30,6.6,22.0,2
WATCH-011134,2025-02-01T14:26:00,Sweden,Animation,Tablet,Premium,90,63.4,70.4,4
WATCH-011135,2025-02-14T02:59:00,Sweden,Animation,Laptop,Premium,90,70.4,78.2,5
WATCH-011136,2025-10-13T14:35:00,Spain,Comedy,Tablet,Premium,60,49.6,82.7,4
WATCH-011137,2025-01-09T01:55:00,Netherlands,Drama,TV,Standard,30,24.2,80.7,2
WATCH-011138,2025-11-22T11:40:00,Sweden,Comedy,TV,Standard,60,34.1,,1
WATCH-011139,2025-03-15T04:28:00,Sweden,Thriller,Laptop,Basic,45,11.8,26.2,1
WATCH-011140,2025-03-16T00:23:00,Sweden,Comedy,Laptop,Standard,90,74.6,82.9,5
WATCH-011141,2025-09-19T17:43:00,Germany,Animation,TV,Premium,45,12.9,28.7,1
WATCH-011142,2025-06-26T12:36:00,Germany,Thriller,Phone,Standard,60,16.6,27.7,3
WATCH-011143,2025-07-29T08:34:00,Germany,Science fiction,Laptop,Premium,22,2.1,9.5,2
WATCH-011144,2025-07-30T01:51:00,Germany,Drama,TV,Basic,90,33.0,36.7,1
WATCH-011145,2025-02-18T15:28:00,Netherlands,Documentary,Tablet,Premium,120,95.3,79.4,2
WATCH-011146,2025-01-27T05:11:00,France,Science fiction,TV,Basic,90,85.9,95.4,5
WATCH-011147,2025-12-03T04:40:00,Netherlands,Comedy,TV,Premium,30,10.9,36.3,4
WATCH-011148,2025-09-07T04:59:00,Germany,Comedy,Phone,Premium,120,94.6,78.8,5
WATCH-011149,2025-01-23T02:27:00,Italy,Science fiction,Laptop,Basic,120,8.0,6.7,1
WATCH-011150,2025-12-17T08:48:00,Netherlands,Animation,Laptop,Standard,90,54.8,60.9,1
WATCH-011151,2025-10-01T00:12:00,Sweden,Comedy,Tablet,Premium,90,76.7,85.2,1
WATCH-011152,2025-12-10T14:28:00,Sweden,Animation,Phone,Basic,22,1.5,6.8,1
WATCH-011153,2025-04-15T15:38:00,Netherlands,Thriller,Tablet,Basic,60,33.8,56.3,5
WATCH-011154,2025-06-22T05:35:00,Netherlands,Drama,Phone,Basic,45,29.2,64.9,4
WATCH-011155,2025-10-22T01:04:00,Netherlands,Thriller,TV,Standard,22,4.5,20.5,2
WATCH-011156,2025-01-20T10:43:00,Sweden,Science fiction,Tablet,Premium,120,17.7,14.8,2
WATCH-011157,2025-05-26T16:29:00,Sweden,Documentary,Tablet,Basic,45,20.3,45.1,1
WATCH-011158,2025-08-15T21:47:00,Netherlands,Documentary,Tablet,Basic,45,12.3,27.3,2
WATCH-011159,2025-01-08T00:38:00,Germany,Drama,TV,Basic,22,8.9,40.5,5
WATCH-011160,2025-10-04T12:25:00,Germany,Animation,Laptop,Basic,22,3.3,15.0,4
WATCH-011161,2025-06-03T07:16:00,Italy,Documentary,Laptop,Premium,120,21.8,18.2,5
WATCH-011162,2025-07-11T00:33:00,Netherlands,Documentary,Tablet,Standard,45,7.0,15.6,2
WATCH-011163,2025-02-16T14:40:00,Netherlands,Comedy,Tablet,Standard,120,118.9,99.1,3
WATCH-011164,2025-11-29T00:55:00,Spain,Drama,Phone,Basic,90,70.1,77.9,1
WATCH-011165,2025-09-29T01:50:00,Spain,Documentary,Tablet,Standard,120,92.2,76.8,1
WATCH-011166,2025-02-06T07:16:00,Spain,Thriller,Tablet,Basic,90,75.6,84.0,1
WATCH-011167,2025-05-27T16:47:00,Germany,Comedy,TV,Standard,22,6.2,28.2,3
WATCH-011168,2025-12-11T03:50:00,Germany,Science fiction,Tablet,Premium,30,13.5,45.0,2
WATCH-011169,2025-03-25T17:39:00,Italy,Thriller,Phone,Standard,22,6.3,28.6,4
WATCH-011170,2025-08-26T16:23:00,Spain,Science fiction,TV,Standard,60,52.8,88.0,5
WATCH-011171,2025-10-12T01:13:00,France,Thriller,Phone,Basic,22,13.1,59.5,4
WATCH-011172,2025-02-26T09:32:00,France,Comedy,Tablet,Standard,45,14.7,32.7,4
WATCH-011173,2025-06-30T11:08:00,Netherlands,Animation,TV,Standard,120,116.6,97.2,5
WATCH-011174,2025-07-05T14:41:00,Germany,Comedy,TV,Standard,60,18.4,30.7,5
WATCH-011175,2025-06-26T01:47:00,Germany,Documentary,Phone,Basic,60,31.8,,3
WATCH-011176,2025-11-07T18:46:00,Spain,Comedy,TV,Basic,30,9.2,30.7,2
WATCH-011177,2025-11-10T23:13:00,Italy,Documentary,Tablet,Standard,22,2.2,10.0,4
WATCH-011178,2025-09-10T11:46:00,Italy,Thriller,Phone,Premium,90,89.6,99.6,5
WATCH-011179,2025-09-03T02:50:00,Italy,Science fiction,Tablet,Basic,120,96.5,80.4,1
WATCH-011180,2025-07-28T04:54:00,Spain,Drama,Tablet,Basic,60,42.1,70.2,4
WATCH-011181,2025-02-19T01:35:00,France,Science fiction,Laptop,Standard,30,2.3,7.7,5
WATCH-011182,2025-09-14T18:05:00,Spain,Science fiction,Phone,Basic,60,10.0,16.7,5
WATCH-011183,2025-01-24T01:42:00,Sweden,Comedy,Tablet,Standard,60,29.0,48.3,1
WATCH-011184,2025-01-30T17:50:00,Germany,Drama,TV,Standard,30,12.3,41.0,5
WATCH-011185,2025-07-29T02:14:00,Spain,Thriller,TV,Standard,30,6.0,20.0,1
WATCH-011186,2025-04-02T11:12:00,Italy,Science fiction,Tablet,Standard,90,49.8,55.3,3
WATCH-011187,2025-11-05T11:12:00,Netherlands,Comedy,TV,Standard,120,31.7,26.4,2
WATCH-011188,2025-09-08T23:27:00,Spain,Thriller,TV,Premium,30,26.1,87.0,4
WATCH-011189,2025-09-06T10:11:00,Italy,Science fiction,Tablet,Premium,120,28.1,23.4,3
WATCH-011190,2025-08-17T13:07:00,Netherlands,Comedy,Laptop,Basic,90,81.7,90.8,5
WATCH-011191,2025-01-25T18:20:00,Netherlands,Documentary,Laptop,Basic,22,11.2,50.9,3
WATCH-011192,2025-06-19T12:57:00,France,Science fiction,Phone,Basic,30,25.1,83.7,3
WATCH-011193,2025-04-08T10:43:00,Netherlands,Thriller,Phone,Standard,60,24.3,40.5,1
WATCH-011194,2025-05-04T20:07:00,Germany,Comedy,Tablet,Premium,45,4.6,10.2,1
WATCH-011195,2025-06-10T18:24:00,Spain,Animation,Tablet,Basic,60,36.9,61.5,1
WATCH-011196,2025-04-09T00:41:00,Spain,Drama,Phone,Premium,30,7.9,26.3,4
WATCH-011197,2025-07-15T09:15:00,France,Thriller,TV,Basic,60,13.9,23.2,4
WATCH-011198,2025-01-18T13:39:00,Italy,Animation,Tablet,Standard,120,56.3,46.9,2
WATCH-011199,2025-05-18T06:18:00,Germany,Drama,Laptop,Standard,22,5.8,26.4,4
WATCH-011200,2025-03-03T11:41:00,Spain,Drama,TV,Basic,30,26.4,88.0,4
WATCH-011201,2025-06-17T18:06:00,Italy,Drama,Tablet,Basic,60,54.5,90.8,2
WATCH-011202,2025-10-21T19:23:00,Spain,Drama,Phone,Basic,60,33.9,56.5,4
WATCH-011203,2025-12-20T00:12:00,France,Animation,Tablet,Basic,30,18.0,60.0,5
WATCH-011204,2025-04-05T11:30:00,Spain,Drama,Tablet,Premium,45,35.0,77.8,1
WATCH-011205,2025-12-04T10:47:00,Netherlands,Thriller,Phone,Premium,60,16.7,27.8,2
WATCH-011206,2025-10-02T05:28:00,Germany,Thriller,,Standard,60,57.9,96.5,2
WATCH-011207,2025-04-16T23:13:00,Sweden,Drama,TV,Premium,90,58.5,65.0,5
WATCH-011208,2025-11-22T10:57:00,Sweden,Thriller,Phone,Standard,45,20.1,44.7,2
WATCH-011209,2025-05-05T23:40:00,France,Documentary,TV,Basic,30,9.0,30.0,4
WATCH-011210,2025-04-10T18:03:00,France,Science fiction,Laptop,Premium,45,40.8,90.7,3
WATCH-011211,2025-05-28T14:10:00,France,Drama,TV,Standard,60,30.3,50.5,2
WATCH-011212,2025-06-21T15:03:00,Italy,Science fiction,Phone,Premium,90,81.2,,5
WATCH-011213,2025-07-13T16:25:00,Germany,Drama,Phone,Premium,45,21.4,47.6,1
WATCH-011214,2025-10-19T21:46:00,Sweden,Thriller,Tablet,Basic,45,25.4,56.4,2
WATCH-011215,2025-09-18T23:52:00,Germany,Thriller,Tablet,Basic,60,11.6,19.3,3
WATCH-011216,2025-08-24T07:19:00,Germany,Documentary,Laptop,Standard,45,40.6,90.2,2
WATCH-011217,2025-07-20T23:40:00,Germany,Drama,Laptop,Premium,30,10.9,36.3,2
WATCH-011218,2025-05-22T16:13:00,France,Animation,TV,Standard,60,46.1,76.8,2
WATCH-011219,2025-06-27T01:12:00,Germany,Thriller,TV,Standard,90,75.1,83.4,5
WATCH-011220,2025-02-14T06:34:00,France,Comedy,Tablet,Standard,120,36.2,30.2,3
WATCH-011221,2025-01-03T18:24:00,Italy,Comedy,Laptop,Standard,45,5.4,12.0,1
WATCH-011222,2025-06-05T19:20:00,Netherlands,Science fiction,Phone,Basic,22,12.6,57.3,5
WATCH-011223,2025-11-24T09:42:00,Sweden,Thriller,Phone,Standard,120,43.8,36.5,3
WATCH-011224,2025-03-21T01:14:00,Netherlands,Thriller,Phone,Basic,22,19.6,89.1,3
WATCH-011225,2025-12-23T20:08:00,Spain,Thriller,Tablet,Standard,45,12.1,26.9,3
WATCH-011226,2025-05-06T06:41:00,Sweden,Animation,Tablet,Standard,45,4.7,10.4,1
WATCH-011227,2025-09-28T10:52:00,Spain,Science fiction,Tablet,Basic,22,9.5,43.2,4
WATCH-011228,2025-06-24T11:28:00,Sweden,Drama,Phone,Standard,120,35.2,29.3,5
WATCH-011229,2025-07-07T06:05:00,Italy,Science fiction,Laptop,Standard,60,40.5,67.5,5
WATCH-011230,2025-04-25T21:43:00,France,Science fiction,Phone,Standard,45,12.9,28.7,4
WATCH-011231,2025-05-28T13:41:00,Sweden,Science fiction,TV,Basic,60,52.2,87.0,5
WATCH-011232,2025-08-06T11:14:00,France,Drama,Tablet,Basic,90,76.5,85.0,4
WATCH-011233,2025-04-21T07:36:00,Germany,Thriller,Laptop,Basic,30,3.9,13.0,3
WATCH-011234,2025-09-02T12:34:00,Italy,Drama,Tablet,Premium,60,32.8,54.7,1
WATCH-011235,2025-03-28T06:55:00,Spain,Science fiction,Phone,Basic,120,72.1,60.1,5
WATCH-011236,2025-01-24T01:39:00,Netherlands,Comedy,Phone,Basic,30,7.8,26.0,5
WATCH-011237,2025-08-08T05:11:00,Germany,Thriller,Phone,Basic,60,25.0,41.7,2
WATCH-011238,2025-03-06T02:56:00,France,Thriller,Phone,Standard,30,26.0,86.7,3
WATCH-011239,2025-05-07T03:51:00,France,Thriller,Laptop,Premium,90,68.4,76.0,3
WATCH-011240,2025-06-11T20:23:00,Sweden,Thriller,TV,Basic,120,13.1,10.9,2
WATCH-011241,2025-05-10T21:01:00,Italy,Science fiction,Tablet,Basic,90,17.5,19.4,3
WATCH-011242,2025-01-12T20:39:00,Spain,Documentary,Laptop,Premium,22,11.4,51.8,3
WATCH-011243,2025-01-15T23:21:00,Italy,Science fiction,TV,Standard,90,83.4,92.7,4
WATCH-011244,2025-10-28T02:07:00,Netherlands,Science fiction,Tablet,Standard,90,10.9,12.1,4
WATCH-011245,2025-10-04T18:22:00,Italy,Animation,Tablet,Standard,30,7.9,26.3,1
WATCH-011246,2025-10-07T01:16:00,France,Thriller,Tablet,Premium,60,34.2,57.0,2
WATCH-011247,2025-05-31T12:33:00,Germany,Documentary,Tablet,Standard,60,57.3,95.5,3
WATCH-011248,2025-06-26T11:01:00,Italy,Science fiction,TV,Basic,60,11.7,19.5,3
WATCH-011249,2025-02-27T17:04:00,Sweden,Science fiction,TV,Standard,45,2.7,,2
WATCH-011250,2025-04-26T21:20:00,Spain,Animation,Laptop,Basic,45,38.3,85.1,1
WATCH-011251,2025-01-09T11:09:00,Spain,Animation,Tablet,Premium,60,38.3,63.8,3
WATCH-011252,2025-10-22T19:28:00,Netherlands,Documentary,Laptop,Basic,90,49.5,55.0,1
WATCH-011253,2025-02-23T15:04:00,Italy,Drama,Phone,Basic,22,16.3,74.1,4
WATCH-011254,2025-08-21T02:32:00,France,Drama,Laptop,Premium,30,4.4,14.7,3
WATCH-011255,2025-11-21T23:43:00,Netherlands,Drama,TV,Standard,60,50.1,83.5,5
WATCH-011256,2025-01-02T09:47:00,Netherlands,Science fiction,TV,Basic,30,17.6,58.7,4
WATCH-011257,2025-05-27T13:28:00,France,Comedy,Tablet,Basic,45,10.1,22.4,3
WATCH-011258,2025-11-19T15:30:00,Italy,Drama,Phone,Standard,90,79.3,88.1,5
WATCH-011259,2025-10-14T07:56:00,France,Animation,Phone,Premium,45,41.8,92.9,5
WATCH-011260,2025-12-03T01:19:00,Germany,Animation,Phone,Standard,120,34.7,28.9,3
WATCH-011261,2025-09-13T15:22:00,Germany,Drama,Tablet,Basic,60,15.1,25.2,3
WATCH-011262,2025-03-31T01:54:00,France,Animation,Laptop,Basic,22,21.4,97.3,5
WATCH-011263,2025-09-15T02:43:00,Sweden,Comedy,Phone,Basic,45,31.9,70.9,5
WATCH-011264,2025-10-24T13:44:00,Netherlands,Science fiction,Phone,Basic,22,20.8,94.5,5
WATCH-011265,2025-02-19T12:21:00,France,Comedy,Laptop,Basic,22,6.2,28.2,1
WATCH-011266,2025-05-20T13:05:00,Spain,Drama,Phone,Standard,22,14.3,65.0,1
WATCH-011267,2025-10-15T03:32:00,France,Comedy,Phone,Premium,120,98.3,81.9,5
WATCH-011268,2025-02-14T13:08:00,France,Animation,Phone,Premium,120,60.7,50.6,4
WATCH-011269,2025-03-05T12:07:00,Spain,Documentary,Tablet,Premium,120,117.7,98.1,1
WATCH-011270,2025-11-25T13:36:00,Germany,Comedy,Laptop,Standard,30,15.0,50.0,5
WATCH-011271,2025-01-10T21:04:00,Sweden,Drama,TV,Premium,60,30.5,50.8,2
WATCH-011272,2025-09-11T14:42:00,Germany,Comedy,Tablet,Basic,22,10.4,47.3,1
WATCH-011273,2025-09-08T06:43:00,France,Comedy,TV,Basic,30,17.6,58.7,4
WATCH-011274,2025-06-28T16:15:00,Spain,Animation,Phone,Premium,22,8.7,39.5,1
WATCH-011275,2025-07-30T06:04:00,Sweden,Drama,Tablet,Basic,120,90.7,75.6,3
WATCH-011276,2025-06-26T00:39:00,Netherlands,Science fiction,Phone,Standard,120,50.3,41.9,2
WATCH-011277,2025-08-20T19:37:00,Netherlands,Comedy,TV,Basic,45,23.5,52.2,4
WATCH-011278,2025-02-01T22:54:00,France,Thriller,Tablet,Standard,120,45.1,37.6,1
WATCH-011279,2025-12-15T07:20:00,Italy,Thriller,Phone,Premium,22,16.4,74.5,4
WATCH-011280,2025-12-08T09:43:00,Sweden,Thriller,Phone,Basic,90,30.0,33.3,2
WATCH-011281,2025-05-16T17:46:00,Sweden,Comedy,Tablet,Standard,30,13.0,43.3,4
WATCH-011282,2025-02-23T02:21:00,Sweden,Documentary,Phone,Standard,45,5.4,12.0,2
WATCH-011283,2025-08-25T08:16:00,Germany,Thriller,Tablet,Premium,90,82.5,91.7,5
WATCH-011284,2025-12-11T23:54:00,Sweden,Science fiction,Laptop,Premium,120,49.5,41.2,2
WATCH-011285,2025-01-03T05:05:00,Netherlands,Thriller,Laptop,Premium,90,27.6,30.7,3
WATCH-011286,2025-05-18T05:43:00,France,Thriller,Laptop,Basic,30,27.8,,1
WATCH-011287,2025-12-18T13:09:00,France,Drama,Tablet,Basic,90,27.5,30.6,2
WATCH-011288,2025-09-16T14:58:00,France,Science fiction,Laptop,Premium,90,14.8,16.4,3
WATCH-011289,2025-06-14T14:42:00,France,Comedy,,Premium,22,18.8,85.5,4
WATCH-011290,2025-01-17T02:41:00,Netherlands,Thriller,Laptop,Premium,22,15.6,70.9,5
WATCH-011291,2025-10-28T17:39:00,Spain,Animation,TV,Premium,30,27.2,90.7,4
WATCH-011292,2025-04-16T15:16:00,Sweden,Comedy,Phone,Premium,60,32.2,53.7,3
WATCH-011293,2025-04-06T10:03:00,Spain,Comedy,Tablet,Standard,30,3.2,10.7,1
WATCH-011294,2025-07-09T14:33:00,France,Drama,Laptop,Standard,90,79.8,88.7,5
WATCH-011295,2025-05-12T16:00:00,Netherlands,Documentary,Tablet,Premium,45,32.8,72.9,5
WATCH-011296,2025-12-19T17:07:00,France,Drama,Tablet,Premium,22,6.1,27.7,2
WATCH-011297,2025-12-20T05:49:00,Netherlands,Comedy,Phone,Premium,120,73.1,60.9,1
WATCH-011298,2025-07-04T09:51:00,Italy,Thriller,Laptop,Standard,120,90.6,75.5,5
WATCH-011299,2025-02-06T04:13:00,Netherlands,Science fiction,Laptop,Standard,45,7.2,16.0,1
WATCH-011300,2025-09-07T21:33:00,Spain,Thriller,Laptop,Standard,60,55.5,92.5,1
WATCH-011301,2025-08-30T16:59:00,Germany,Drama,TV,Basic,45,10.3,22.9,5
WATCH-011302,2025-07-06T04:53:00,Sweden,Documentary,Laptop,Basic,60,29.2,48.7,1
WATCH-011303,2025-05-04T08:48:00,Sweden,Animation,Phone,Premium,45,38.3,85.1,3
WATCH-011304,2025-08-24T05:25:00,France,Comedy,Laptop,Standard,22,8.3,37.7,2
WATCH-011305,2025-12-24T04:30:00,France,Comedy,Phone,Premium,60,39.0,65.0,1
WATCH-011306,2025-08-24T14:40:00,Italy,Drama,Tablet,Premium,45,43.0,95.6,2
WATCH-011307,2025-01-05T11:28:00,Italy,Science fiction,TV,Basic,45,3.1,6.9,3
WATCH-011308,2025-08-24T10:11:00,Germany,Animation,TV,Basic,45,25.9,57.6,1
WATCH-011309,2025-11-28T14:22:00,Germany,Animation,Laptop,Basic,30,17.0,56.7,2
WATCH-011310,2025-05-03T04:30:00,Italy,Drama,TV,Standard,30,23.9,79.7,4
WATCH-011311,2025-05-05T08:16:00,Italy,Animation,TV,Standard,60,32.4,54.0,3
WATCH-011312,2025-01-31T18:41:00,France,Documentary,TV,Standard,45,14.2,31.6,3
WATCH-011313,2025-03-05T17:56:00,Italy,Comedy,TV,Premium,60,20.4,34.0,1
WATCH-011314,2025-12-13T22:08:00,Germany,Comedy,Phone,Premium,60,35.3,58.8,5
WATCH-011315,2025-01-04T04:30:00,Sweden,Science fiction,Phone,Standard,45,38.6,85.8,3
WATCH-011316,2025-01-09T22:45:00,Sweden,Comedy,Phone,Standard,60,22.7,37.8,4
WATCH-011317,2025-01-05T09:42:00,Sweden,Documentary,TV,Basic,30,22.0,73.3,1
WATCH-011318,2025-06-22T13:42:00,Germany,Animation,Laptop,Basic,120,9.0,7.5,1
WATCH-011319,2025-11-08T02:24:00,Germany,Science fiction,Tablet,Basic,120,119.6,99.7,1
WATCH-011320,2025-08-23T00:10:00,Netherlands,Animation,Phone,Standard,90,17.2,19.1,1
WATCH-011321,2025-03-19T13:11:00,Italy,Thriller,TV,Premium,45,23.2,51.6,4
WATCH-011322,2025-04-10T11:25:00,Spain,Documentary,Laptop,Basic,22,18.5,84.1,3
WATCH-011323,2025-01-20T14:15:00,France,Documentary,TV,Premium,30,19.0,,5
WATCH-011324,2025-11-25T19:42:00,Italy,Documentary,TV,Standard,22,3.8,17.3,4
WATCH-011325,2025-06-21T15:28:00,Netherlands,Comedy,Phone,Premium,30,20.8,69.3,2
WATCH-011326,2025-06-07T02:37:00,Spain,Drama,TV,Standard,45,26.0,57.8,1
WATCH-011327,2025-11-16T09:38:00,Netherlands,Thriller,Tablet,Premium,22,21.0,95.5,1
WATCH-011328,2025-09-10T22:57:00,Germany,Comedy,Laptop,Standard,30,15.8,52.7,4
WATCH-011329,2025-09-14T23:25:00,Italy,Documentary,Phone,Premium,120,88.3,73.6,4
WATCH-011330,2025-01-05T19:21:00,Germany,Animation,Phone,Standard,90,14.2,15.8,4
WATCH-011331,2025-04-30T21:02:00,Sweden,Science fiction,Tablet,Premium,120,72.7,60.6,5
WATCH-011332,2025-11-12T23:48:00,Spain,Science fiction,Laptop,Premium,30,6.6,22.0,1
WATCH-011333,2025-09-30T11:44:00,Germany,Animation,TV,Basic,45,7.4,16.4,1
WATCH-011334,2025-08-21T08:51:00,Italy,Thriller,Phone,Premium,120,31.7,26.4,4
WATCH-011335,2025-08-23T11:56:00,Spain,Documentary,Laptop,Premium,45,43.0,95.6,4
WATCH-011336,2025-09-14T21:04:00,Sweden,Science fiction,Laptop,Basic,45,31.2,69.3,2
WATCH-011337,2025-03-14T02:56:00,Spain,Documentary,Tablet,Basic,45,30.9,68.7,4
WATCH-011338,2025-02-25T13:49:00,Sweden,Science fiction,Phone,Standard,60,21.6,36.0,3
WATCH-011339,2025-01-06T01:28:00,Italy,Science fiction,Laptop,Standard,60,39.0,65.0,3
WATCH-011340,2025-06-07T00:56:00,Italy,Drama,Laptop,Basic,90,31.8,35.3,5
WATCH-011341,2025-05-03T10:41:00,Spain,Comedy,Tablet,Premium,30,18.0,60.0,4
WATCH-011342,2025-10-21T07:22:00,Sweden,Drama,Laptop,Standard,30,28.5,95.0,1
WATCH-011343,2025-10-20T22:50:00,France,Animation,TV,Premium,45,21.0,46.7,5
WATCH-011344,2025-11-12T03:58:00,France,Documentary,Laptop,Premium,45,3.5,7.8,1
WATCH-011345,2025-07-22T21:46:00,Italy,Documentary,Phone,Premium,45,3.3,7.3,4
WATCH-011346,2025-11-03T13:03:00,Netherlands,Thriller,Phone,Standard,22,14.3,65.0,4
WATCH-011347,2025-05-19T10:48:00,Spain,Thriller,Phone,Basic,45,22.4,49.8,2
WATCH-011348,2025-12-16T00:40:00,Italy,Science fiction,Tablet,Premium,30,23.8,79.3,2
WATCH-011349,2025-03-18T23:55:00,Italy,Animation,TV,Premium,30,19.1,63.7,3
WATCH-011350,2025-04-23T16:21:00,Spain,Comedy,Tablet,Basic,45,15.3,34.0,3
WATCH-011351,2025-11-17T04:04:00,Spain,Animation,Laptop,Premium,30,16.5,55.0,4
WATCH-011352,2025-06-17T13:32:00,France,Documentary,TV,Premium,22,22.0,100.0,3
WATCH-011353,2025-05-26T05:15:00,Spain,Animation,Laptop,Basic,90,32.5,36.1,3
WATCH-011354,2025-02-23T14:38:00,Italy,Thriller,Laptop,Premium,45,25.5,56.7,3
WATCH-011355,2025-01-03T00:38:00,Spain,Comedy,TV,Premium,120,79.7,66.4,5
WATCH-011356,2025-08-14T10:04:00,Netherlands,Thriller,TV,Premium,120,105.1,87.6,3
WATCH-011357,2025-05-09T00:43:00,France,Documentary,Laptop,Standard,120,120.0,100.0,3
WATCH-011358,2025-04-14T03:38:00,Sweden,Drama,Tablet,Standard,30,11.5,38.3,5
WATCH-011359,2025-09-03T23:05:00,Netherlands,Documentary,Tablet,Standard,30,26.8,89.3,3
WATCH-011360,2025-01-05T14:45:00,Sweden,Science fiction,Phone,Basic,60,29.8,,2
WATCH-011361,2025-06-23T08:17:00,Spain,Science fiction,Tablet,Standard,30,18.2,60.7,4
WATCH-011362,2025-02-08T00:40:00,Netherlands,Documentary,Laptop,Premium,120,38.6,32.2,4
WATCH-011363,2025-06-07T16:11:00,Sweden,Drama,TV,Premium,22,18.7,85.0,3
WATCH-011364,2025-11-22T12:38:00,Netherlands,Thriller,TV,Basic,90,40.9,45.4,2
WATCH-011365,2025-07-10T11:28:00,Netherlands,Thriller,Tablet,Premium,22,13.2,60.0,2
WATCH-011366,2025-08-03T07:37:00,Germany,Comedy,Laptop,Standard,30,1.9,6.3,5
WATCH-011367,2025-08-17T05:53:00,Germany,Animation,TV,Premium,120,114.2,95.2,3
WATCH-011368,2025-03-11T15:13:00,Sweden,Comedy,Laptop,Premium,45,4.2,9.3,5
WATCH-011369,2025-05-18T22:56:00,Netherlands,Thriller,Laptop,Standard,120,112.9,94.1,5
WATCH-011370,2025-09-06T16:34:00,Germany,Animation,Phone,Premium,60,24.3,40.5,2
WATCH-011371,2025-07-04T21:34:00,France,Science fiction,Laptop,Premium,120,46.8,39.0,5
WATCH-011372,2025-11-08T08:49:00,France,Animation,,Premium,120,58.7,48.9,4
WATCH-011373,2025-03-07T17:48:00,Italy,Comedy,Tablet,Standard,30,23.3,77.7,5
WATCH-011374,2025-06-25T05:04:00,Italy,Documentary,Tablet,Standard,45,20.9,46.4,2
WATCH-011375,2025-09-16T21:02:00,Italy,Thriller,TV,Basic,30,19.6,65.3,1
WATCH-011376,2025-07-10T04:47:00,Spain,Drama,TV,Standard,22,1.8,8.2,3
WATCH-011377,2025-04-21T04:22:00,Netherlands,Animation,Phone,Basic,60,26.5,44.2,4
WATCH-011378,2025-05-27T19:21:00,France,Comedy,TV,Basic,120,103.6,86.3,2
WATCH-011379,2025-02-20T02:46:00,Netherlands,Documentary,Laptop,Premium,30,4.8,16.0,1
WATCH-011380,2025-11-04T14:17:00,Spain,Documentary,Laptop,Premium,22,13.8,62.7,1
WATCH-011381,2025-11-17T04:21:00,Sweden,Animation,Laptop,Basic,45,16.7,37.1,3
WATCH-011382,2025-04-22T14:12:00,Spain,Thriller,Tablet,Basic,120,74.8,62.3,3
WATCH-011383,2025-08-21T02:52:00,Netherlands,Animation,Laptop,Premium,22,15.1,68.6,2
WATCH-011384,2025-11-10T02:37:00,Netherlands,Thriller,TV,Premium,45,11.2,24.9,4
WATCH-011385,2025-10-27T17:15:00,Spain,Drama,Phone,Basic,45,24.2,53.8,4
WATCH-011386,2025-12-23T20:18:00,Germany,Animation,Phone,Standard,30,29.4,98.0,3
WATCH-011387,2025-05-09T06:36:00,Netherlands,Documentary,Tablet,Basic,45,7.4,16.4,4
WATCH-011388,2025-10-08T01:42:00,Netherlands,Thriller,TV,Standard,60,59.6,99.3,3
WATCH-011389,2025-04-18T08:11:00,Sweden,Thriller,Phone,Basic,90,69.4,77.1,4
WATCH-011390,2025-08-17T05:54:00,Sweden,Documentary,TV,Standard,90,65.2,72.4,3
WATCH-011391,2025-02-04T21:46:00,France,Science fiction,Phone,Standard,30,16.2,54.0,2
WATCH-011392,2025-07-28T09:17:00,Germany,Animation,TV,Premium,60,3.7,6.2,5
WATCH-011393,2025-09-04T16:12:00,Spain,Documentary,Phone,Standard,22,8.0,36.4,4
WATCH-011394,2025-08-10T08:48:00,Germany,Drama,TV,Standard,45,22.1,49.1,5
WATCH-011395,2025-06-07T02:57:00,Germany,Drama,Laptop,Premium,22,7.0,31.8,4
WATCH-011396,2025-05-31T19:37:00,Netherlands,Science fiction,TV,Premium,90,60.2,66.9,4
WATCH-011397,2025-07-24T19:49:00,France,Drama,Tablet,Premium,45,3.5,,4
WATCH-011398,2025-02-24T13:28:00,Germany,Documentary,TV,Standard,22,13.1,59.5,5
WATCH-011399,2025-06-25T00:54:00,Germany,Documentary,Tablet,Basic,90,22.2,24.7,5
WATCH-011400,2025-08-09T10:18:00,Italy,Science fiction,TV,Basic,90,64.8,72.0,5
WATCH-011401,2025-02-07T14:07:00,Netherlands,Comedy,Phone,Premium,90,6.6,7.3,5
WATCH-011402,2025-08-26T12:44:00,Sweden,Animation,TV,Standard,22,21.3,96.8,4
WATCH-011403,2025-03-27T13:32:00,Netherlands,Comedy,Phone,Basic,22,1.6,7.3,2
WATCH-011404,2025-05-07T01:18:00,Sweden,Science fiction,Tablet,Standard,120,14.3,11.9,3
WATCH-011405,2025-05-20T07:04:00,Spain,Thriller,TV,Standard,60,3.9,6.5,4
WATCH-011406,2025-12-02T06:26:00,Italy,Documentary,Phone,Standard,60,46.9,78.2,5
WATCH-011407,2025-05-17T11:31:00,Sweden,Thriller,TV,Standard,120,33.1,27.6,2
WATCH-011408,2025-02-10T04:08:00,Sweden,Animation,Phone,Basic,120,81.5,67.9,4
WATCH-011409,2025-02-01T09:34:00,Italy,Thriller,TV,Standard,90,7.7,8.6,2
WATCH-011410,2025-05-15T12:48:00,Italy,Thriller,Phone,Basic,22,4.2,19.1,2
WATCH-011411,2025-05-02T22:28:00,Spain,Documentary,TV,Premium,120,102.8,85.7,3
WATCH-011412,2025-03-21T05:09:00,Spain,Science fiction,Phone,Standard,22,13.4,60.9,1
WATCH-011413,2025-03-15T22:12:00,France,Thriller,Phone,Basic,30,6.4,21.3,4
WATCH-011414,2025-08-06T06:48:00,Germany,Thriller,TV,Premium,90,55.1,61.2,5
WATCH-011415,2025-09-13T08:22:00,Italy,Science fiction,Tablet,Standard,120,79.6,66.3,3
WATCH-011416,2025-04-14T00:02:00,France,Animation,Phone,Premium,22,16.2,73.6,4
WATCH-011417,2025-09-24T02:26:00,Netherlands,Science fiction,Tablet,Standard,45,19.9,44.2,2
WATCH-011418,2025-10-30T18:57:00,Netherlands,Documentary,Laptop,Standard,60,38.9,64.8,4
WATCH-011419,2025-06-05T13:36:00,Netherlands,Animation,Phone,Basic,90,49.1,54.6,4
WATCH-011420,2025-09-19T21:33:00,Netherlands,Science fiction,TV,Basic,45,27.6,61.3,3
WATCH-011421,2025-04-22T14:08:00,Italy,Animation,Laptop,Basic,60,50.3,83.8,2
WATCH-011422,2025-10-22T10:00:00,Sweden,Drama,Phone,Standard,120,41.4,34.5,4
WATCH-011423,2025-08-30T17:05:00,Spain,Comedy,Phone,Premium,45,4.9,10.9,3
WATCH-011424,2025-07-30T09:32:00,Sweden,Animation,Tablet,Premium,22,20.8,94.5,4
WATCH-011425,2025-02-28T06:49:00,Sweden,Science fiction,Phone,Premium,60,45.2,75.3,1
WATCH-011426,2025-10-18T17:36:00,Italy,Documentary,TV,Premium,90,64.7,71.9,4
WATCH-011427,2025-05-10T04:00:00,France,Thriller,Tablet,Premium,120,22.7,18.9,2
WATCH-011428,2025-04-30T13:09:00,Spain,Thriller,Phone,Premium,120,38.5,32.1,1
WATCH-011429,2025-07-10T19:22:00,Germany,Animation,Phone,Standard,45,21.4,47.6,2
WATCH-011430,2025-12-08T20:44:00,Netherlands,Science fiction,Tablet,Premium,90,22.7,25.2,5
WATCH-011431,2025-04-22T03:23:00,Italy,Comedy,Tablet,Premium,60,57.5,95.8,5
WATCH-011432,2025-02-11T15:29:00,France,Science fiction,Laptop,Premium,120,67.4,56.2,5
WATCH-011433,2025-12-13T11:25:00,France,Animation,Phone,Standard,22,2.4,10.9,2
WATCH-011434,2025-03-13T02:36:00,France,Comedy,Tablet,Standard,60,16.0,,4
WATCH-011435,2025-12-12T11:06:00,Netherlands,Comedy,Laptop,Standard,30,20.2,67.3,4
WATCH-011436,2025-02-20T00:48:00,Germany,Comedy,TV,Premium,90,26.7,29.7,1
WATCH-011437,2025-03-30T18:36:00,Italy,Documentary,Tablet,Premium,90,87.4,97.1,5
WATCH-011438,2025-07-18T17:43:00,France,Science fiction,Laptop,Premium,30,7.8,26.0,2
WATCH-011439,2025-03-27T08:11:00,France,Drama,Tablet,Basic,30,21.3,71.0,3
WATCH-011440,2025-02-23T04:37:00,Sweden,Comedy,Laptop,Basic,22,19.9,90.5,5
WATCH-011441,2025-11-17T10:10:00,France,Animation,Tablet,Premium,90,13.0,14.4,2
WATCH-011442,2025-08-27T11:57:00,Sweden,Animation,Tablet,Standard,45,26.3,58.4,3
WATCH-011443,2025-03-29T04:00:00,Spain,Animation,Laptop,Basic,45,33.7,74.9,4
WATCH-011444,2025-04-19T05:40:00,Germany,Thriller,TV,Standard,90,74.8,83.1,2
WATCH-011445,2025-10-02T14:26:00,Spain,Comedy,Phone,Standard,30,29.1,97.0,4
WATCH-011446,2025-07-05T08:26:00,Netherlands,Science fiction,Phone,Standard,45,28.9,64.2,3
WATCH-011447,2025-11-22T07:55:00,Sweden,Drama,TV,Standard,60,15.4,25.7,4
WATCH-011448,2025-07-11T09:06:00,Sweden,Thriller,Tablet,Standard,45,41.3,91.8,5
WATCH-011449,2025-04-03T04:08:00,Sweden,Animation,Tablet,Premium,60,39.0,65.0,5
WATCH-011450,2025-05-12T02:48:00,Germany,Drama,Laptop,Premium,60,46.0,76.7,1
WATCH-011451,2025-01-11T08:48:00,Netherlands,Thriller,Phone,Premium,22,2.2,10.0,2
WATCH-011452,2025-08-04T04:03:00,Italy,Drama,TV,Basic,22,3.7,16.8,2
WATCH-011453,2025-03-31T16:12:00,Sweden,Documentary,Tablet,Standard,120,35.3,29.4,4
WATCH-011454,2025-01-04T06:05:00,Germany,Comedy,Laptop,Basic,120,49.5,41.2,1
WATCH-011455,2025-05-21T21:39:00,Germany,Comedy,,Basic,30,28.8,96.0,5
WATCH-011456,2025-01-15T08:03:00,Sweden,Drama,Tablet,Basic,22,4.4,20.0,5
WATCH-011457,2025-03-25T02:39:00,Netherlands,Animation,Tablet,Basic,120,98.8,82.3,4
WATCH-011458,2025-03-24T04:42:00,Italy,Comedy,TV,Standard,30,8.8,29.3,3
WATCH-011459,2025-09-03T03:17:00,Sweden,Drama,TV,Basic,22,15.3,69.5,2
WATCH-011460,2025-03-24T08:47:00,Germany,Drama,Phone,Premium,60,34.0,56.7,4
WATCH-011461,2025-03-19T15:39:00,Italy,Drama,TV,Premium,90,70.7,78.6,4
WATCH-011462,2025-12-22T18:46:00,Netherlands,Thriller,TV,Premium,90,19.8,22.0,5
WATCH-011463,2025-04-21T02:05:00,Spain,Thriller,TV,Premium,90,67.3,74.8,1
WATCH-011464,2025-04-23T11:23:00,Sweden,Science fiction,Tablet,Premium,90,63.5,70.6,4
WATCH-011465,2025-05-20T06:14:00,Netherlands,Science fiction,Tablet,Basic,22,8.2,37.3,4
WATCH-011466,2025-10-30T12:29:00,Spain,Science fiction,TV,Premium,60,9.5,15.8,4
WATCH-011467,2025-10-08T08:10:00,Netherlands,Drama,TV,Standard,30,17.4,58.0,1
WATCH-011468,2025-02-19T20:41:00,Sweden,Drama,Laptop,Premium,60,48.4,80.7,4
WATCH-011469,2025-08-17T13:16:00,Sweden,Comedy,TV,Standard,30,4.7,15.7,3
WATCH-011470,2025-08-23T09:46:00,Italy,Comedy,Tablet,Standard,22,8.6,39.1,2
WATCH-011471,2025-12-01T00:01:00,Italy,Thriller,Laptop,Premium,90,18.8,,2
WATCH-011472,2025-10-28T10:51:00,Italy,Animation,Laptop,Basic,22,13.5,61.4,1
WATCH-011473,2025-12-02T06:33:00,Italy,Science fiction,Tablet,Premium,60,10.8,18.0,2
WATCH-011474,2025-02-18T18:27:00,France,Comedy,Phone,Premium,45,41.3,91.8,4
WATCH-011475,2025-04-22T08:56:00,Sweden,Animation,Tablet,Basic,45,16.6,36.9,5
WATCH-011476,2025-12-31T05:46:00,Sweden,Drama,Tablet,Premium,30,29.4,98.0,5
WATCH-011477,2025-07-08T02:37:00,Spain,Science fiction,TV,Basic,60,54.4,90.7,1
WATCH-011478,2025-07-30T17:01:00,Germany,Drama,TV,Standard,30,17.6,58.7,3
WATCH-011479,2025-04-26T04:28:00,Netherlands,Science fiction,Phone,Standard,30,17.1,57.0,5
WATCH-011480,2025-08-02T02:38:00,France,Animation,Phone,Standard,90,51.7,57.4,2
WATCH-011481,2025-07-14T22:49:00,Italy,Thriller,Tablet,Premium,120,72.9,60.8,2
WATCH-011482,2025-05-11T21:16:00,Germany,Documentary,Tablet,Standard,22,2.8,12.7,2
WATCH-011483,2025-11-25T12:28:00,France,Science fiction,Phone,Basic,45,5.7,12.7,1
WATCH-011484,2025-02-19T01:09:00,Germany,Drama,Phone,Basic,22,13.7,62.3,5
WATCH-011485,2025-02-25T12:10:00,Germany,Documentary,Laptop,Standard,60,36.0,60.0,1
WATCH-011486,2025-09-28T18:45:00,Italy,Comedy,Phone,Basic,90,43.1,47.9,1
WATCH-011487,2025-09-02T17:13:00,Spain,Drama,Tablet,Standard,45,31.4,69.8,3
WATCH-011488,2025-03-06T13:59:00,Netherlands,Comedy,Phone,Standard,120,49.2,41.0,5
WATCH-011489,2025-12-27T15:29:00,Spain,Comedy,Laptop,Premium,90,44.2,49.1,3
WATCH-011490,2025-03-18T00:42:00,Spain,Comedy,Laptop,Basic,90,5.1,5.7,2
WATCH-011491,2025-05-29T05:05:00,France,Thriller,Tablet,Premium,120,34.9,29.1,1
WATCH-011492,2025-02-09T17:13:00,Spain,Drama,Laptop,Basic,60,20.7,34.5,5
WATCH-011493,2025-01-08T14:03:00,Netherlands,Documentary,Phone,Premium,30,22.7,75.7,3
WATCH-011494,2025-07-25T14:19:00,Netherlands,Documentary,Laptop,Standard,120,25.9,21.6,4
WATCH-011495,2025-03-09T07:29:00,Sweden,Thriller,Laptop,Basic,120,89.0,74.2,3
WATCH-011496,2025-01-18T01:16:00,Germany,Comedy,Laptop,Standard,22,9.1,41.4,1
WATCH-011497,2025-04-09T22:51:00,Spain,Drama,Laptop,Standard,45,43.6,96.9,5
WATCH-011498,2025-07-25T09:50:00,France,Comedy,Laptop,Premium,22,20.0,90.9,2
WATCH-011499,2025-08-22T08:13:00,France,Comedy,TV,Basic,90,31.9,35.4,5
WATCH-011500,2025-06-22T13:39:00,Netherlands,Documentary,TV,Premium,120,26.6,22.2,3
WATCH-011501,2025-05-14T15:28:00,France,Comedy,TV,Basic,90,82.8,92.0,4
WATCH-011502,2025-02-15T20:41:00,France,Drama,Tablet,Premium,22,9.9,45.0,2
WATCH-011503,2025-10-18T17:55:00,Spain,Comedy,TV,Standard,22,4.1,18.6,3
WATCH-011504,2025-11-23T02:55:00,France,Drama,Laptop,Standard,90,80.1,89.0,3
WATCH-011505,2025-04-22T11:49:00,Sweden,Thriller,Laptop,Standard,45,36.8,81.8,3
WATCH-011506,2025-04-07T21:09:00,Spain,Documentary,Tablet,Basic,22,14.0,63.6,2
WATCH-011507,2025-01-16T20:21:00,Germany,Science fiction,Laptop,Premium,90,75.5,83.9,3
WATCH-011508,2025-10-15T23:40:00,Netherlands,Drama,Laptop,Standard,30,27.3,,5
WATCH-011509,2025-11-16T01:38:00,Italy,Documentary,TV,Basic,90,6.5,7.2,3
WATCH-011510,2025-11-10T09:55:00,Italy,Science fiction,Laptop,Standard,22,13.8,62.7,1
WATCH-011511,2025-03-14T14:45:00,Germany,Drama,Laptop,Basic,90,45.2,50.2,5
WATCH-011512,2025-10-11T03:41:00,Sweden,Drama,Tablet,Basic,120,111.0,92.5,4
WATCH-011513,2025-07-08T07:51:00,Italy,Thriller,Tablet,Standard,22,1.1,5.0,3
WATCH-011514,2025-02-10T21:05:00,Italy,Documentary,Phone,Standard,120,69.0,57.5,3
WATCH-011515,2025-09-30T01:52:00,Netherlands,Animation,Laptop,Premium,30,12.2,40.7,2
WATCH-011516,2025-05-10T02:59:00,Italy,Drama,Tablet,Standard,30,12.1,40.3,1
WATCH-011517,2025-09-29T07:19:00,Italy,Documentary,Phone,Premium,120,13.7,11.4,2
WATCH-011518,2025-07-01T13:29:00,Germany,Drama,Laptop,Standard,45,24.4,54.2,4
WATCH-011519,2025-11-01T06:36:00,Spain,Thriller,Laptop,Basic,45,29.6,65.8,3
WATCH-011520,2025-08-11T14:30:00,France,Science fiction,Tablet,Basic,120,100.2,83.5,1
WATCH-011521,2025-10-19T07:02:00,Netherlands,Documentary,Laptop,Standard,22,7.1,32.3,3
WATCH-011522,2025-03-22T15:23:00,Sweden,Science fiction,Tablet,Basic,120,11.8,9.8,3
WATCH-011523,2025-09-03T02:28:00,Germany,Thriller,TV,Standard,30,5.5,18.3,1
WATCH-011524,2025-07-27T16:20:00,Sweden,Comedy,Phone,Standard,22,20.1,91.4,3
WATCH-011525,2025-07-26T05:33:00,Netherlands,Thriller,Laptop,Standard,60,26.2,43.7,1
WATCH-011526,2025-12-15T18:29:00,Sweden,Documentary,Phone,Basic,90,54.4,60.4,5
WATCH-011527,2025-09-10T09:19:00,Italy,Documentary,Phone,Premium,30,5.4,18.0,3
WATCH-011528,2025-06-12T11:54:00,Netherlands,Science fiction,Phone,Basic,22,18.6,84.5,3
WATCH-011529,2025-10-05T17:46:00,Netherlands,Thriller,Tablet,Standard,90,59.0,65.6,2
WATCH-011530,2025-02-28T23:13:00,Spain,Comedy,Laptop,Basic,90,21.5,23.9,3
WATCH-011531,2025-06-12T18:03:00,Italy,Drama,TV,Standard,120,42.0,35.0,1
WATCH-011532,2025-06-15T19:59:00,Spain,Documentary,Phone,Basic,30,29.8,99.3,2
WATCH-011533,2025-01-14T09:40:00,Spain,Drama,TV,Standard,90,25.4,28.2,4
WATCH-011534,2025-12-25T10:22:00,Germany,Thriller,TV,Basic,30,14.1,47.0,1
WATCH-011535,2025-09-28T09:33:00,Spain,Documentary,Laptop,Basic,22,4.0,18.2,1
WATCH-011536,2025-01-01T13:45:00,Sweden,Animation,TV,Basic,45,37.1,82.4,1
WATCH-011537,2025-05-23T07:18:00,France,Science fiction,Phone,Basic,60,22.1,36.8,5
WATCH-011538,2025-12-30T10:50:00,Italy,Comedy,,Premium,30,27.0,90.0,5
WATCH-011539,2025-11-22T08:04:00,Netherlands,Animation,Tablet,Basic,45,36.1,80.2,4
WATCH-011540,2025-02-22T14:42:00,Italy,Animation,Tablet,Standard,22,15.9,72.3,5
WATCH-011541,2025-02-05T10:46:00,Sweden,Documentary,Laptop,Standard,60,46.0,76.7,4
WATCH-011542,2025-12-02T11:38:00,Sweden,Comedy,TV,Premium,90,79.4,88.2,1
WATCH-011543,2025-01-16T14:24:00,Spain,Animation,Phone,Standard,30,14.2,47.3,2
WATCH-011544,2025-07-13T05:35:00,Spain,Drama,Tablet,Premium,60,57.4,95.7,3
WATCH-011545,2025-01-15T08:20:00,Germany,Drama,Laptop,Basic,22,9.4,,2
WATCH-011546,2025-09-07T22:42:00,Germany,Documentary,Tablet,Premium,60,10.0,16.7,3
WATCH-011547,2025-07-29T06:37:00,Germany,Documentary,Tablet,Premium,22,18.1,82.3,2
WATCH-011548,2025-07-02T01:18:00,Netherlands,Drama,TV,Basic,120,34.5,28.7,4
WATCH-011549,2025-02-20T05:29:00,Sweden,Documentary,Phone,Standard,45,14.2,31.6,2
WATCH-011550,2025-11-06T09:47:00,Spain,Science fiction,Laptop,Basic,22,6.1,27.7,3
WATCH-011551,2025-01-17T06:05:00,Sweden,Comedy,TV,Basic,30,29.0,96.7,3
WATCH-011552,2025-06-27T07:17:00,Spain,Animation,Tablet,Basic,30,26.8,89.3,4
WATCH-011553,2025-08-06T20:42:00,Netherlands,Animation,Phone,Standard,22,15.7,71.4,5
WATCH-011554,2025-06-10T21:53:00,Germany,Comedy,TV,Basic,45,39.7,88.2,2
WATCH-011555,2025-03-02T07:30:00,Italy,Animation,Laptop,Premium,30,13.1,43.7,4
WATCH-011556,2025-07-11T06:12:00,France,Documentary,TV,Basic,30,5.1,17.0,4
WATCH-011557,2025-06-17T00:06:00,Spain,Science fiction,Phone,Standard,90,84.0,93.3,2
WATCH-011558,2025-04-02T21:57:00,Spain,Documentary,Tablet,Premium,45,38.1,84.7,3
WATCH-011559,2025-07-05T10:22:00,Italy,Thriller,Tablet,Premium,60,43.9,73.2,4
WATCH-011560,2025-05-13T11:28:00,Netherlands,Thriller,Phone,Premium,22,5.5,25.0,4
WATCH-011561,2025-04-04T01:58:00,France,Comedy,Tablet,Premium,90,60.8,67.6,3
WATCH-011562,2025-11-04T00:14:00,Sweden,Documentary,Phone,Basic,45,4.2,9.3,4
WATCH-011563,2025-04-28T17:33:00,Germany,Documentary,Laptop,Standard,90,53.0,58.9,1
WATCH-011564,2025-08-11T03:02:00,Netherlands,Comedy,Laptop,Standard,22,2.4,10.9,4
WATCH-011565,2025-10-07T23:49:00,France,Thriller,Phone,Basic,90,14.3,15.9,5
WATCH-011566,2025-12-30T16:07:00,Spain,Animation,Phone,Standard,120,9.6,8.0,3
WATCH-011567,2025-10-19T00:14:00,Netherlands,Thriller,TV,Standard,30,20.8,69.3,2
WATCH-011568,2025-12-01T23:35:00,Italy,Thriller,Phone,Basic,90,33.9,37.7,4
WATCH-011569,2025-08-30T04:26:00,France,Thriller,TV,Basic,120,81.0,67.5,3
WATCH-011570,2025-11-28T17:48:00,Italy,Documentary,Tablet,Basic,120,28.2,23.5,3
WATCH-011571,2025-08-14T02:30:00,Germany,Animation,Laptop,Standard,22,9.7,44.1,1
WATCH-011572,2025-10-01T21:36:00,Germany,Documentary,Laptop,Standard,22,2.8,12.7,1
WATCH-011573,2025-02-15T02:46:00,Germany,Science fiction,Tablet,Premium,120,72.3,60.2,3
WATCH-011574,2025-03-10T20:50:00,Germany,Drama,TV,Basic,90,27.3,30.3,3
WATCH-011575,2025-10-08T12:36:00,France,Science fiction,Tablet,Premium,90,82.2,91.3,4
WATCH-011576,2025-01-23T08:53:00,Italy,Thriller,Laptop,Premium,45,29.4,65.3,3
WATCH-011577,2025-11-21T16:18:00,Spain,Drama,TV,Standard,30,6.4,21.3,4
WATCH-011578,2025-05-11T16:52:00,France,Science fiction,TV,Standard,45,33.1,73.6,5
WATCH-011579,2025-11-09T00:09:00,Spain,Comedy,TV,Basic,90,66.0,73.3,5
WATCH-011580,2025-04-18T04:30:00,Italy,Science fiction,Tablet,Basic,90,81.7,90.8,4
WATCH-011581,2025-01-04T00:30:00,Netherlands,Comedy,Phone,Basic,22,21.8,99.1,3
WATCH-011582,2025-07-15T13:02:00,Sweden,Science fiction,Laptop,Standard,45,18.8,,1
WATCH-011583,2025-07-09T20:17:00,Italy,Science fiction,Phone,Standard,45,4.4,9.8,3
WATCH-011584,2025-07-06T16:34:00,Netherlands,Thriller,TV,Standard,120,31.2,26.0,4
WATCH-011585,2025-12-11T08:48:00,France,Science fiction,Tablet,Basic,22,5.9,26.8,3
WATCH-011586,2025-06-06T21:24:00,Spain,Drama,Laptop,Standard,22,19.1,86.8,1
WATCH-011587,2025-01-17T05:16:00,Germany,Science fiction,TV,Premium,22,20.4,92.7,3
WATCH-011588,2025-05-13T18:46:00,Sweden,Comedy,Tablet,Standard,90,37.5,41.7,1
WATCH-011589,2025-03-02T04:52:00,Netherlands,Documentary,Tablet,Standard,60,3.5,5.8,5
WATCH-011590,2025-09-21T17:21:00,Germany,Animation,Phone,Basic,22,18.7,85.0,2
WATCH-011591,2025-11-01T13:59:00,Netherlands,Animation,TV,Premium,45,3.3,7.3,4
WATCH-011592,2025-03-02T21:51:00,Netherlands,Comedy,Tablet,Basic,30,8.7,29.0,2
WATCH-011593,2025-08-13T04:28:00,France,Comedy,TV,Premium,30,17.0,56.7,2
WATCH-011594,2025-08-25T01:01:00,Spain,Animation,Laptop,Standard,45,12.1,26.9,5
WATCH-011595,2025-09-08T15:45:00,Spain,Science fiction,Phone,Premium,30,29.7,99.0,3
WATCH-011596,2025-02-01T00:31:00,Germany,Thriller,Laptop,Basic,45,40.7,90.4,2
WATCH-011597,2025-06-02T07:05:00,Germany,Documentary,TV,Premium,90,9.8,10.9,2
WATCH-011598,2025-10-01T19:45:00,Spain,Drama,Phone,Premium,22,12.1,55.0,2
WATCH-011599,2025-06-07T01:35:00,France,Comedy,Laptop,Standard,90,87.8,97.6,5
WATCH-011600,2025-02-19T01:52:00,Sweden,Science fiction,Phone,Basic,30,26.8,89.3,4
WATCH-011601,2025-02-20T01:05:00,Italy,Animation,Laptop,Standard,45,20.3,45.1,1
WATCH-011602,2025-11-16T05:11:00,Italy,Animation,Phone,Basic,60,29.1,48.5,2
WATCH-011603,2025-03-14T20:07:00,Sweden,Thriller,Tablet,Premium,22,6.8,30.9,1
WATCH-011604,2025-01-17T20:09:00,Netherlands,Thriller,TV,Standard,90,50.0,55.6,1
WATCH-011605,2025-09-06T07:46:00,Germany,Animation,Laptop,Premium,60,47.3,78.8,3
WATCH-011606,2025-06-28T15:10:00,Germany,Science fiction,Tablet,Basic,30,15.5,51.7,3
WATCH-011607,2025-08-22T16:24:00,France,Animation,TV,Premium,90,26.6,29.6,4
WATCH-011608,2025-04-01T05:01:00,Netherlands,Animation,Phone,Standard,22,1.8,8.2,5
WATCH-011609,2025-12-08T02:27:00,Italy,Science fiction,Laptop,Premium,22,18.6,84.5,2
WATCH-011610,2025-02-20T07:32:00,Netherlands,Science fiction,Phone,Basic,45,32.4,72.0,2
WATCH-011611,2025-04-04T10:47:00,Spain,Drama,TV,Basic,90,58.9,65.4,3
WATCH-011612,2025-03-27T21:45:00,Italy,Comedy,Laptop,Basic,30,7.9,26.3,1
WATCH-011613,2025-10-03T01:27:00,France,Comedy,Tablet,Basic,30,3.4,11.3,4
WATCH-011614,2025-03-19T04:08:00,France,Documentary,Laptop,Premium,45,26.0,57.8,5
WATCH-011615,2025-11-07T15:55:00,Germany,Comedy,Laptop,Standard,45,18.3,40.7,1
WATCH-011616,2025-02-03T21:45:00,Spain,Animation,Tablet,Basic,120,35.9,29.9,4
WATCH-011617,2025-12-23T04:53:00,Germany,Thriller,TV,Basic,60,14.1,23.5,4
WATCH-011618,2025-02-22T15:07:00,Spain,Animation,TV,Basic,60,9.2,15.3,3
WATCH-011619,2025-02-10T15:40:00,Italy,Drama,Phone,Basic,60,38.6,,1
WATCH-011620,2025-12-11T18:09:00,Spain,Drama,TV,Basic,30,12.2,40.7,3
WATCH-011621,2025-11-10T05:25:00,Spain,Science fiction,,Basic,45,7.3,16.2,3
WATCH-011622,2025-04-20T02:39:00,Spain,Comedy,Tablet,Standard,60,5.7,9.5,1
WATCH-011623,2025-07-16T14:31:00,Sweden,Comedy,Tablet,Premium,120,27.1,22.6,4
WATCH-011624,2025-07-24T07:20:00,Netherlands,Drama,Laptop,Basic,90,54.7,60.8,5
WATCH-011625,2025-06-12T04:33:00,Spain,Documentary,Laptop,Premium,22,20.4,92.7,5
WATCH-011626,2025-03-11T05:10:00,Italy,Animation,Laptop,Basic,90,29.0,32.2,2
WATCH-011627,2025-01-11T06:04:00,Sweden,Drama,Phone,Basic,60,52.5,87.5,1
WATCH-011628,2025-01-27T16:16:00,Netherlands,Science fiction,Laptop,Premium,22,15.0,68.2,2
WATCH-011629,2025-08-27T22:10:00,Spain,Thriller,TV,Premium,22,16.9,76.8,3
WATCH-011630,2025-01-21T16:48:00,Italy,Animation,Laptop,Basic,60,13.0,21.7,1
WATCH-011631,2025-04-07T12:07:00,France,Comedy,Phone,Standard,22,2.3,10.5,2
WATCH-011632,2025-01-17T23:50:00,Italy,Animation,Tablet,Premium,22,17.6,80.0,1
WATCH-011633,2025-01-08T20:14:00,Sweden,Thriller,Tablet,Basic,90,49.8,55.3,5
WATCH-011634,2025-08-18T04:25:00,Netherlands,Comedy,Tablet,Standard,60,32.3,53.8,1
WATCH-011635,2025-03-30T16:02:00,Germany,Science fiction,TV,Basic,45,5.3,11.8,5
WATCH-011636,2025-12-07T00:16:00,Germany,Thriller,TV,Basic,60,46.2,77.0,5
WATCH-011637,2025-04-21T08:20:00,Spain,Thriller,TV,Premium,60,38.0,63.3,5
WATCH-011638,2025-08-08T13:56:00,Netherlands,Science fiction,TV,Standard,30,13.4,44.7,1
WATCH-011639,2025-03-12T11:08:00,Sweden,Science fiction,Phone,Standard,60,5.2,8.7,1
WATCH-011640,2025-09-25T23:16:00,Germany,Drama,Tablet,Basic,22,20.2,91.8,3
WATCH-011641,2025-10-11T14:26:00,Spain,Thriller,Phone,Premium,120,100.7,83.9,3
WATCH-011642,2025-10-29T10:32:00,Netherlands,Drama,Laptop,Premium,120,63.9,53.2,1
WATCH-011643,2025-07-11T11:09:00,Netherlands,Animation,Phone,Premium,90,88.2,98.0,3
WATCH-011644,2025-12-21T06:46:00,Spain,Documentary,TV,Standard,22,14.6,66.4,2
WATCH-011645,2025-08-23T20:48:00,Spain,Thriller,Tablet,Standard,45,32.4,72.0,5
WATCH-011646,2025-09-05T04:09:00,Netherlands,Drama,Tablet,Standard,120,61.7,51.4,2
WATCH-011647,2025-02-07T15:06:00,Sweden,Comedy,Phone,Basic,22,1.9,8.6,3
WATCH-011648,2025-07-10T16:29:00,Netherlands,Documentary,Laptop,Premium,30,3.8,12.7,1
WATCH-011649,2025-05-14T01:32:00,Sweden,Science fiction,Laptop,Standard,90,62.9,69.9,2
WATCH-011650,2025-01-29T03:02:00,Spain,Animation,Laptop,Standard,60,48.3,80.5,5
WATCH-011651,2025-01-03T02:39:00,Spain,Drama,TV,Premium,45,27.1,60.2,5
WATCH-011652,2025-01-26T00:15:00,Spain,Comedy,Tablet,Basic,120,110.3,91.9,2
WATCH-011653,2025-02-17T14:50:00,Germany,Documentary,Tablet,Premium,30,15.7,52.3,5
WATCH-011654,2025-01-16T16:12:00,Netherlands,Science fiction,Tablet,Premium,60,58.4,97.3,5
WATCH-011655,2025-10-22T22:02:00,Netherlands,Drama,Phone,Premium,90,29.9,33.2,5
WATCH-011656,2025-02-03T10:44:00,Sweden,Animation,TV,Basic,90,11.8,,2
WATCH-011657,2025-07-04T00:00:00,France,Drama,Laptop,Standard,22,14.9,67.7,4
WATCH-011658,2025-10-04T13:26:00,Sweden,Science fiction,Tablet,Basic,60,26.2,43.7,1
WATCH-011659,2025-03-25T12:23:00,Spain,Science fiction,Tablet,Standard,30,11.1,37.0,2
WATCH-011660,2025-03-10T22:03:00,Netherlands,Thriller,Tablet,Basic,90,59.0,65.6,3
WATCH-011661,2025-06-22T19:54:00,Spain,Comedy,Phone,Premium,120,48.8,40.7,2
WATCH-011662,2025-06-18T11:00:00,Spain,Drama,Phone,Premium,60,40.7,67.8,2
WATCH-011663,2025-07-28T08:14:00,Sweden,Comedy,Laptop,Standard,90,68.7,76.3,2
WATCH-011664,2025-01-03T21:02:00,Germany,Comedy,Laptop,Basic,120,29.5,24.6,2
WATCH-011665,2025-03-22T14:31:00,Sweden,Animation,Phone,Basic,90,48.4,53.8,4
WATCH-011666,2025-07-22T06:31:00,Germany,Science fiction,TV,Standard,30,4.7,15.7,2
WATCH-011667,2025-02-28T07:21:00,Netherlands,Documentary,Laptop,Standard,45,25.1,55.8,2
WATCH-011668,2025-03-05T05:15:00,France,Science fiction,Tablet,Basic,120,116.0,96.7,5
WATCH-011669,2025-04-16T23:11:00,Germany,Documentary,Phone,Premium,60,25.1,41.8,5
WATCH-011670,2025-11-20T22:20:00,France,Drama,Tablet,Basic,30,20.0,66.7,2
WATCH-011671,2025-12-22T04:48:00,Sweden,Comedy,Laptop,Premium,22,8.6,39.1,2
WATCH-011672,2025-07-13T15:18:00,France,Thriller,Laptop,Basic,90,35.7,39.7,5
WATCH-011673,2025-08-27T11:46:00,Sweden,Comedy,Tablet,Premium,120,12.4,10.3,4
WATCH-011674,2025-03-27T23:23:00,France,Documentary,Tablet,Basic,45,44.9,99.8,3
WATCH-011675,2025-03-21T00:15:00,France,Drama,Phone,Basic,30,10.1,33.7,5
WATCH-011676,2025-12-20T02:26:00,Italy,Documentary,TV,Premium,30,15.2,50.7,5
WATCH-011677,2025-07-06T12:59:00,Sweden,Thriller,Laptop,Basic,45,6.7,14.9,4
WATCH-011678,2025-04-18T13:16:00,Germany,Science fiction,Phone,Basic,120,18.3,15.2,5
WATCH-011679,2025-07-30T07:51:00,Netherlands,Science fiction,Laptop,Basic,90,85.6,95.1,2
WATCH-011680,2025-10-22T16:45:00,Sweden,Animation,Tablet,Standard,30,29.7,99.0,1
WATCH-011681,2025-04-07T19:49:00,Netherlands,Science fiction,Tablet,Standard,22,3.5,15.9,1
WATCH-011682,2025-03-03T00:14:00,Germany,Animation,Laptop,Standard,30,25.4,84.7,3
WATCH-011683,2025-03-24T17:58:00,Germany,Science fiction,Tablet,Basic,45,40.4,89.8,5
WATCH-011684,2025-06-16T06:18:00,Netherlands,Documentary,Tablet,Standard,45,17.6,39.1,5
WATCH-011685,2025-03-12T07:58:00,Germany,Comedy,Tablet,Basic,120,86.6,72.2,3
WATCH-011686,2025-08-08T23:15:00,Germany,Documentary,Phone,Premium,60,42.0,70.0,1
WATCH-011687,2025-01-06T23:41:00,Germany,Animation,Phone,Basic,22,3.2,14.5,3
WATCH-011688,2025-10-14T12:08:00,France,Thriller,Tablet,Standard,30,19.2,64.0,2
WATCH-011689,2025-05-16T22:37:00,Italy,Comedy,Tablet,Standard,120,114.0,95.0,1
WATCH-011690,2025-03-28T23:21:00,France,Science fiction,Laptop,Standard,90,26.2,29.1,5
WATCH-011691,2025-05-14T21:51:00,Germany,Documentary,Phone,Basic,30,26.0,86.7,2
WATCH-011692,2025-08-23T21:51:00,Netherlands,Thriller,Laptop,Standard,60,51.0,85.0,2
WATCH-011693,2025-01-13T12:57:00,Netherlands,Documentary,Laptop,Basic,45,20.5,,4
WATCH-011694,2025-12-07T14:37:00,Spain,Comedy,Phone,Standard,120,79.2,66.0,5
WATCH-011695,2025-03-16T22:27:00,Spain,Animation,Tablet,Standard,30,3.8,12.7,1
WATCH-011696,2025-01-03T01:41:00,Spain,Comedy,Phone,Premium,60,48.4,80.7,2
WATCH-011697,2025-07-17T23:41:00,France,Thriller,Laptop,Standard,30,5.8,19.3,1
WATCH-011698,2025-03-28T21:37:00,France,Thriller,Phone,Premium,30,2.9,9.7,1
WATCH-011699,2025-02-02T01:29:00,France,Documentary,TV,Standard,30,28.7,95.7,2
WATCH-011700,2025-07-27T17:45:00,France,Animation,Tablet,Premium,90,79.0,87.8,2
WATCH-011701,2025-05-02T10:27:00,Spain,Thriller,TV,Basic,60,20.0,33.3,1
WATCH-011702,2025-05-03T22:05:00,Netherlands,Documentary,Tablet,Standard,90,66.0,73.3,5
WATCH-011703,2025-12-05T17:41:00,Italy,Documentary,Laptop,Standard,120,9.1,7.6,4
WATCH-011704,2025-08-12T13:49:00,Netherlands,Drama,,Premium,45,7.7,17.1,5
WATCH-011705,2025-08-18T02:31:00,Italy,Animation,Laptop,Basic,45,41.4,92.0,5
WATCH-011706,2025-02-04T21:27:00,Netherlands,Animation,Laptop,Standard,30,14.0,46.7,1
WATCH-011707,2025-01-09T16:06:00,Spain,Comedy,TV,Standard,30,9.2,30.7,1
WATCH-011708,2025-08-15T23:48:00,Netherlands,Science fiction,Tablet,Standard,120,105.7,88.1,5
WATCH-011709,2025-04-26T18:42:00,Spain,Comedy,TV,Premium,22,6.2,28.2,3
WATCH-011710,2025-03-08T17:09:00,Netherlands,Science fiction,Tablet,Basic,45,16.4,36.4,4
WATCH-011711,2025-02-23T06:28:00,Sweden,Animation,Phone,Basic,30,26.0,86.7,5
WATCH-011712,2025-09-17T10:58:00,France,Drama,Phone,Standard,45,29.2,64.9,3
WATCH-011713,2025-05-06T01:26:00,Spain,Drama,Tablet,Premium,30,9.8,32.7,2
WATCH-011714,2025-10-25T09:38:00,France,Comedy,Phone,Basic,90,60.1,66.8,1
WATCH-011715,2025-03-23T03:23:00,Spain,Drama,TV,Basic,22,3.7,16.8,1
WATCH-011716,2025-04-01T07:41:00,Germany,Comedy,Phone,Premium,90,61.4,68.2,2
WATCH-011717,2025-04-04T05:37:00,France,Science fiction,Phone,Premium,90,44.4,49.3,4
WATCH-011718,2025-08-17T07:50:00,Netherlands,Thriller,TV,Basic,45,15.2,33.8,5
WATCH-011719,2025-11-06T23:28:00,Germany,Thriller,Phone,Premium,30,26.9,89.7,2
WATCH-011720,2025-07-04T19:20:00,Italy,Drama,Laptop,Basic,22,1.6,7.3,4
WATCH-011721,2025-05-04T08:36:00,Sweden,Thriller,Phone,Standard,120,20.9,17.4,2
WATCH-011722,2025-10-23T20:02:00,Germany,Comedy,Tablet,Premium,30,7.5,25.0,4
WATCH-011723,2025-11-22T05:01:00,France,Documentary,Tablet,Standard,90,11.9,13.2,2
WATCH-011724,2025-07-12T09:10:00,Germany,Drama,TV,Standard,60,24.6,41.0,3
WATCH-011725,2025-03-02T23:06:00,Germany,Comedy,Laptop,Premium,90,39.8,44.2,4
WATCH-011726,2025-08-09T00:31:00,France,Animation,TV,Standard,120,32.5,27.1,5
WATCH-011727,2025-10-25T03:52:00,Sweden,Drama,Tablet,Basic,45,29.5,65.6,3
WATCH-011728,2025-02-23T12:01:00,Netherlands,Documentary,Tablet,Basic,90,67.5,75.0,3
WATCH-011729,2025-03-21T22:09:00,Netherlands,Science fiction,Laptop,Basic,120,61.1,50.9,1
WATCH-011730,2025-09-05T01:37:00,Spain,Documentary,Tablet,Basic,120,62.7,,5
WATCH-011731,2025-10-30T02:47:00,Italy,Science fiction,Tablet,Standard,60,51.7,86.2,2
WATCH-011732,2025-10-19T12:09:00,Netherlands,Science fiction,Phone,Premium,45,35.4,78.7,5
WATCH-011733,2025-12-05T16:35:00,Spain,Drama,TV,Standard,90,49.1,54.6,3
WATCH-011734,2025-10-17T04:15:00,Italy,Science fiction,TV,Premium,30,19.6,65.3,2
WATCH-011735,2025-04-30T03:24:00,Sweden,Drama,TV,Premium,90,37.0,41.1,4
WATCH-011736,2025-08-17T15:04:00,Italy,Drama,Tablet,Standard,60,10.5,17.5,1
WATCH-011737,2025-10-03T19:31:00,France,Drama,Tablet,Standard,22,4.9,22.3,5
WATCH-011738,2025-05-01T03:17:00,France,Animation,TV,Premium,120,111.6,93.0,5
WATCH-011739,2025-09-13T11:44:00,France,Science fiction,Tablet,Standard,120,100.0,83.3,2
WATCH-011740,2025-10-07T14:01:00,Sweden,Science fiction,Laptop,Premium,30,29.8,99.3,2
WATCH-011741,2025-07-13T00:09:00,France,Documentary,Phone,Premium,22,11.4,51.8,3
WATCH-011742,2025-12-28T12:15:00,France,Science fiction,Tablet,Premium,120,20.5,17.1,2
WATCH-011743,2025-03-19T07:59:00,France,Documentary,Laptop,Premium,45,20.3,45.1,2
WATCH-011744,2025-12-22T23:15:00,Sweden,Science fiction,Phone,Premium,60,4.0,6.7,2
WATCH-011745,2025-08-09T01:00:00,Sweden,Documentary,TV,Standard,90,84.1,93.4,4
WATCH-011746,2025-01-14T13:20:00,France,Animation,TV,Standard,45,23.9,53.1,5
WATCH-011747,2025-01-29T21:32:00,Germany,Drama,TV,Premium,30,24.2,80.7,3
WATCH-011748,2025-05-10T02:32:00,Sweden,Comedy,Phone,Premium,90,66.4,73.8,1
WATCH-011749,2025-03-02T04:27:00,Sweden,Documentary,TV,Standard,60,33.1,55.2,4
WATCH-011750,2025-02-13T14:19:00,France,Comedy,Phone,Basic,60,52.2,87.0,3
WATCH-011751,2025-11-20T21:42:00,Italy,Comedy,TV,Premium,22,7.3,33.2,4
WATCH-011752,2025-07-16T01:43:00,Sweden,Science fiction,TV,Standard,60,59.8,99.7,2
WATCH-011753,2025-07-23T16:01:00,Sweden,Drama,TV,Standard,45,13.0,28.9,1
WATCH-011754,2025-05-03T05:15:00,Spain,Science fiction,Tablet,Premium,60,17.5,29.2,5
WATCH-011755,2025-08-02T03:06:00,Netherlands,Documentary,Tablet,Premium,45,8.7,19.3,5
WATCH-011756,2025-05-16T17:40:00,Spain,Science fiction,Tablet,Standard,30,3.4,11.3,4
WATCH-011757,2025-12-23T02:47:00,France,Animation,TV,Basic,60,33.0,55.0,5
WATCH-011758,2025-12-15T06:28:00,Spain,Thriller,Tablet,Basic,90,64.4,71.6,5
WATCH-011759,2025-12-03T17:02:00,Netherlands,Drama,Tablet,Premium,22,14.2,64.5,2
WATCH-011760,2025-10-20T01:36:00,Netherlands,Comedy,Phone,Basic,90,84.2,93.6,3
WATCH-011761,2025-04-21T06:02:00,Italy,Animation,Phone,Standard,60,52.0,86.7,3
WATCH-011762,2025-01-06T07:19:00,Netherlands,Science fiction,Tablet,Premium,30,12.3,41.0,5
WATCH-011763,2025-02-08T18:02:00,Spain,Drama,TV,Premium,45,39.6,88.0,4
WATCH-011764,2025-01-12T02:15:00,France,Science fiction,TV,Basic,120,86.5,72.1,3
WATCH-011765,2025-12-02T10:01:00,France,Animation,Phone,Basic,22,4.9,22.3,1
WATCH-011766,2025-09-08T07:59:00,Spain,Science fiction,Tablet,Standard,90,76.4,84.9,2
WATCH-011767,2025-01-21T09:57:00,Netherlands,Documentary,Phone,Standard,60,14.0,,1
WATCH-011768,2025-06-27T18:38:00,Netherlands,Drama,Phone,Premium,45,15.1,33.6,3
WATCH-011769,2025-05-03T17:55:00,France,Thriller,TV,Standard,120,22.0,18.3,4
WATCH-011770,2025-08-23T06:27:00,France,Thriller,TV,Basic,45,25.0,55.6,3
WATCH-011771,2025-06-24T00:02:00,Germany,Comedy,Laptop,Basic,30,9.5,31.7,4
WATCH-011772,2025-06-12T06:46:00,Netherlands,Comedy,Laptop,Basic,60,48.0,80.0,2
WATCH-011773,2025-05-22T01:30:00,Sweden,Documentary,Phone,Premium,45,31.7,70.4,4
WATCH-011774,2025-10-28T20:20:00,Netherlands,Drama,Laptop,Premium,60,31.6,52.7,4
WATCH-011775,2025-05-29T11:25:00,France,Science fiction,Laptop,Basic,120,8.7,7.2,5
WATCH-011776,2025-10-13T23:54:00,Spain,Thriller,TV,Standard,45,17.3,38.4,1
WATCH-011777,2025-11-17T01:19:00,Spain,Drama,TV,Basic,45,6.5,14.4,2
WATCH-011778,2025-12-01T14:12:00,Netherlands,Thriller,Laptop,Standard,45,21.8,48.4,5
WATCH-011779,2025-09-04T04:14:00,Netherlands,Thriller,Phone,Premium,45,25.3,56.2,1
WATCH-011780,2025-08-09T13:11:00,Italy,Animation,Laptop,Premium,30,29.1,97.0,2
WATCH-011781,2025-12-13T23:57:00,Spain,Science fiction,Phone,Standard,22,18.3,83.2,1
WATCH-011782,2025-01-12T21:27:00,France,Science fiction,Phone,Basic,22,6.5,29.5,2
WATCH-011783,2025-04-24T19:26:00,Sweden,Science fiction,TV,Premium,60,29.2,48.7,4
WATCH-011784,2025-08-21T11:55:00,France,Drama,Tablet,Premium,22,21.1,95.9,1
WATCH-011785,2025-04-23T03:59:00,Italy,Documentary,Tablet,Premium,30,20.1,67.0,4
WATCH-011786,2025-06-17T06:37:00,France,Drama,Laptop,Standard,22,17.2,78.2,4
WATCH-011787,2025-08-29T21:11:00,Netherlands,Documentary,,Standard,22,6.8,30.9,4
WATCH-011788,2025-11-28T17:02:00,Italy,Drama,TV,Basic,60,56.4,94.0,1
WATCH-011789,2025-07-13T11:32:00,Germany,Science fiction,Tablet,Premium,30,2.2,7.3,3
WATCH-011790,2025-11-20T04:32:00,Netherlands,Animation,Tablet,Standard,90,9.4,10.4,4
WATCH-011791,2025-10-04T15:27:00,Netherlands,Drama,TV,Premium,45,11.3,25.1,4
WATCH-011792,2025-11-28T06:38:00,Spain,Science fiction,Tablet,Premium,45,33.5,74.4,5
WATCH-011793,2025-05-01T10:41:00,Germany,Documentary,Phone,Basic,60,49.4,82.3,1
WATCH-011794,2025-10-13T03:39:00,Spain,Animation,Phone,Standard,45,15.5,34.4,1
WATCH-011795,2025-08-03T16:39:00,Netherlands,Documentary,Laptop,Premium,60,18.5,30.8,1
WATCH-011796,2025-03-05T14:05:00,Sweden,Animation,TV,Premium,120,84.4,70.3,5
WATCH-011797,2025-10-16T01:54:00,Netherlands,Thriller,TV,Basic,22,1.7,7.7,1
WATCH-011798,2025-02-19T21:23:00,Sweden,Comedy,TV,Standard,90,64.3,71.4,2
WATCH-011799,2025-04-26T16:41:00,Germany,Animation,Tablet,Standard,45,26.5,58.9,3
WATCH-011800,2025-10-14T05:58:00,Germany,Animation,Laptop,Basic,120,67.1,55.9,2
WATCH-011801,2025-08-24T00:33:00,Sweden,Documentary,Laptop,Premium,30,3.5,11.7,2
WATCH-011802,2025-10-09T09:34:00,Spain,Drama,Tablet,Premium,120,88.5,73.8,5
WATCH-011803,2025-06-06T22:49:00,Spain,Drama,Phone,Premium,30,17.9,59.7,1
WATCH-011804,2025-06-19T12:02:00,Germany,Thriller,Laptop,Premium,45,36.1,,1
WATCH-011805,2025-02-18T00:10:00,Netherlands,Comedy,Laptop,Premium,45,37.7,83.8,3
WATCH-011806,2025-02-09T10:30:00,Spain,Thriller,Phone,Premium,120,28.2,23.5,5
WATCH-011807,2025-05-14T01:03:00,Sweden,Science fiction,Laptop,Basic,45,9.2,20.4,5
WATCH-011808,2025-07-10T05:05:00,Sweden,Drama,TV,Basic,45,41.6,92.4,1
WATCH-011809,2025-12-29T03:18:00,Sweden,Documentary,Laptop,Basic,60,46.4,77.3,3
WATCH-011810,2025-05-29T11:36:00,Italy,Science fiction,TV,Basic,45,6.8,15.1,1
WATCH-011811,2025-04-14T08:18:00,Germany,Science fiction,Phone,Standard,22,6.6,30.0,4
WATCH-011812,2025-09-17T23:46:00,Spain,Science fiction,Laptop,Basic,45,23.4,52.0,5
WATCH-011813,2025-12-18T13:38:00,Netherlands,Science fiction,Tablet,Standard,90,50.9,56.6,4
WATCH-011814,2025-05-08T07:39:00,Italy,Animation,Tablet,Basic,22,18.1,82.3,3
WATCH-011815,2025-12-13T05:45:00,France,Drama,Laptop,Premium,22,5.7,25.9,1
WATCH-011816,2025-06-13T05:51:00,Italy,Drama,Tablet,Basic,22,16.5,75.0,5
WATCH-011817,2025-12-01T00:52:00,Sweden,Drama,TV,Premium,60,42.1,70.2,5
WATCH-011818,2025-08-02T05:39:00,Spain,Drama,Laptop,Basic,120,54.6,45.5,1
WATCH-011819,2025-02-10T14:03:00,Sweden,Science fiction,Tablet,Standard,120,101.5,84.6,5
WATCH-011820,2025-10-03T18:28:00,Germany,Drama,TV,Premium,90,5.0,5.6,1
WATCH-011821,2025-01-02T09:03:00,Sweden,Comedy,Phone,Standard,60,56.7,94.5,1
WATCH-011822,2025-03-24T10:36:00,Spain,Documentary,Phone,Premium,22,15.8,71.8,3
WATCH-011823,2025-07-03T11:13:00,Spain,Thriller,Laptop,Basic,22,19.0,86.4,3
WATCH-011824,2025-06-01T22:58:00,Netherlands,Comedy,Tablet,Premium,22,12.0,54.5,2
WATCH-011825,2025-10-29T16:49:00,Germany,Drama,Laptop,Premium,22,5.5,25.0,4
WATCH-011826,2025-06-08T16:04:00,France,Comedy,Tablet,Basic,22,15.6,70.9,2
WATCH-011827,2025-09-05T04:39:00,Netherlands,Documentary,Phone,Premium,22,2.8,12.7,1
WATCH-011828,2025-01-02T00:17:00,Netherlands,Comedy,TV,Basic,90,77.9,86.6,5
WATCH-011829,2025-12-16T02:21:00,Sweden,Documentary,Tablet,Premium,30,27.0,90.0,5
WATCH-011830,2025-07-15T11:55:00,Spain,Drama,Phone,Standard,60,10.9,18.2,3
WATCH-011831,2025-01-30T07:23:00,Germany,Comedy,Laptop,Basic,60,33.3,55.5,5
WATCH-011832,2025-02-12T02:52:00,France,Animation,Tablet,Basic,30,7.5,25.0,1
WATCH-011833,2025-08-20T11:38:00,Italy,Thriller,TV,Standard,45,32.0,71.1,3
WATCH-011834,2025-08-28T17:39:00,Italy,Science fiction,Laptop,Premium,45,20.1,44.7,2
WATCH-011835,2025-01-15T13:36:00,Sweden,Thriller,Tablet,Premium,22,5.2,23.6,5
WATCH-011836,2025-07-02T00:35:00,Spain,Documentary,Tablet,Basic,45,10.9,24.2,2
WATCH-011837,2025-02-11T17:50:00,Spain,Drama,Tablet,Premium,30,12.1,40.3,1
WATCH-011838,2025-06-10T05:15:00,Italy,Science fiction,Phone,Standard,90,29.3,32.6,2
WATCH-011839,2025-09-30T06:33:00,Italy,Comedy,Phone,Basic,45,30.2,67.1,2
WATCH-011840,2025-07-16T02:33:00,Italy,Animation,TV,Standard,120,57.7,48.1,3
WATCH-011841,2025-12-14T00:38:00,Netherlands,Documentary,Tablet,Basic,45,35.8,,3
WATCH-011842,2025-05-29T06:53:00,Germany,Thriller,Phone,Standard,90,64.5,71.7,2
WATCH-011843,2025-09-13T12:31:00,Italy,Science fiction,Phone,Premium,45,13.8,30.7,1
WATCH-011844,2025-12-14T09:51:00,Italy,Drama,Phone,Basic,120,29.7,24.8,3
WATCH-011845,2025-11-19T02:59:00,Germany,Animation,TV,Basic,22,19.5,88.6,2
WATCH-011846,2025-01-22T18:39:00,Spain,Comedy,Laptop,Standard,60,37.0,61.7,4
WATCH-011847,2025-07-14T09:45:00,Sweden,Thriller,TV,Premium,30,19.1,63.7,5
WATCH-011848,2025-09-06T20:43:00,Germany,Animation,Laptop,Basic,120,113.7,94.8,4
WATCH-011849,2025-01-27T06:46:00,Spain,Thriller,Phone,Premium,22,12.2,55.5,3
WATCH-011850,2025-07-09T03:39:00,Italy,Comedy,Phone,Standard,30,28.5,95.0,3
WATCH-011851,2025-09-11T02:33:00,Spain,Drama,Laptop,Standard,90,6.5,7.2,3
WATCH-011852,2025-07-22T23:00:00,France,Animation,Tablet,Standard,22,19.3,87.7,1
WATCH-011853,2025-08-18T20:00:00,France,Comedy,Phone,Premium,22,11.4,51.8,5
WATCH-011854,2025-09-17T04:28:00,Italy,Science fiction,TV,Basic,45,22.7,50.4,3
WATCH-011855,2025-06-18T23:34:00,Italy,Animation,Tablet,Basic,45,29.0,64.4,1
WATCH-011856,2025-01-26T22:14:00,Netherlands,Animation,Laptop,Standard,60,53.0,88.3,1
WATCH-011857,2025-01-03T11:05:00,Germany,Comedy,Tablet,Basic,22,17.7,80.5,3
WATCH-011858,2025-07-19T14:57:00,Sweden,Comedy,Phone,Standard,30,28.1,93.7,3
WATCH-011859,2025-11-03T05:28:00,France,Science fiction,Laptop,Basic,90,9.4,10.4,4
WATCH-011860,2025-10-10T07:49:00,Spain,Drama,Tablet,Premium,90,32.9,36.6,4
WATCH-011861,2025-06-09T00:39:00,Italy,Science fiction,TV,Premium,60,3.8,6.3,4
WATCH-011862,2025-02-08T00:15:00,Germany,Documentary,Tablet,Basic,22,11.6,52.7,3
WATCH-011863,2025-06-24T20:56:00,Germany,Comedy,Laptop,Premium,30,18.0,60.0,1
WATCH-011864,2025-09-16T05:57:00,France,Thriller,TV,Premium,120,62.1,51.7,3
WATCH-011865,2025-03-19T08:43:00,Netherlands,Drama,Tablet,Basic,60,36.8,61.3,5
WATCH-011866,2025-03-17T17:59:00,Sweden,Animation,TV,Basic,22,18.0,81.8,5
WATCH-011867,2025-04-14T01:01:00,Sweden,Thriller,Phone,Basic,45,2.9,6.4,1
WATCH-011868,2025-06-06T22:21:00,France,Comedy,Tablet,Basic,30,26.1,87.0,5
WATCH-011869,2025-11-08T13:24:00,France,Drama,TV,Premium,60,7.5,12.5,3
WATCH-011870,2025-06-05T14:25:00,France,Comedy,,Premium,120,75.8,63.2,3
WATCH-011871,2025-01-08T13:54:00,France,Science fiction,Laptop,Premium,22,14.7,66.8,3
WATCH-011872,2025-03-09T02:16:00,Italy,Science fiction,TV,Premium,22,17.4,79.1,3
WATCH-011873,2025-08-23T08:45:00,Netherlands,Thriller,TV,Standard,22,16.1,73.2,1
WATCH-011874,2025-09-05T03:25:00,France,Comedy,Phone,Premium,60,8.8,14.7,4
WATCH-011875,2025-02-09T23:57:00,Germany,Science fiction,TV,Standard,120,35.3,29.4,2
WATCH-011876,2025-10-15T14:01:00,Germany,Comedy,Phone,Basic,60,26.1,43.5,3
WATCH-011877,2025-11-25T21:50:00,Italy,Thriller,TV,Basic,22,4.5,20.5,2
WATCH-011878,2025-05-15T08:42:00,Spain,Animation,Phone,Standard,60,46.1,,4
WATCH-011879,2025-11-13T22:21:00,Spain,Drama,TV,Premium,45,9.9,22.0,4
WATCH-011880,2025-10-13T18:26:00,Germany,Thriller,Tablet,Standard,120,89.0,74.2,5
WATCH-011881,2025-07-27T08:47:00,Germany,Science fiction,Phone,Premium,22,13.5,61.4,5
WATCH-011882,2025-01-19T05:14:00,Netherlands,Drama,TV,Standard,22,6.7,30.5,2
WATCH-011883,2025-08-08T18:24:00,Germany,Thriller,Laptop,Premium,120,32.6,27.2,1
WATCH-011884,2025-03-01T22:04:00,Spain,Drama,Tablet,Premium,22,1.4,6.4,1
WATCH-011885,2025-04-29T06:58:00,Italy,Thriller,TV,Standard,45,21.8,48.4,4
WATCH-011886,2025-08-22T11:12:00,Netherlands,Comedy,Tablet,Standard,22,15.3,69.5,2
WATCH-011887,2025-07-21T11:53:00,Germany,Science fiction,TV,Standard,30,21.2,70.7,3
WATCH-011888,2025-08-18T14:30:00,Sweden,Thriller,TV,Standard,45,22.6,50.2,1
WATCH-011889,2025-04-03T06:49:00,Spain,Documentary,Laptop,Standard,30,19.1,63.7,5
WATCH-011890,2025-04-29T08:04:00,Netherlands,Animation,Laptop,Premium,120,98.1,81.8,4
WATCH-011891,2025-10-27T07:25:00,Netherlands,Documentary,Laptop,Premium,45,38.1,84.7,2
WATCH-011892,2025-08-20T21:55:00,Spain,Animation,Tablet,Basic,45,12.0,26.7,1
WATCH-011893,2025-10-22T16:56:00,Sweden,Drama,Tablet,Premium,30,11.2,37.3,5
WATCH-011894,2025-07-29T21:01:00,France,Animation,Laptop,Standard,90,10.1,11.2,5
WATCH-011895,2025-12-16T03:12:00,Sweden,Animation,TV,Standard,30,10.6,35.3,5
WATCH-011896,2025-11-15T15:17:00,Spain,Thriller,Laptop,Basic,30,5.4,18.0,1
WATCH-011897,2025-07-24T06:18:00,Netherlands,Comedy,Laptop,Standard,22,8.5,38.6,2
WATCH-011898,2025-09-27T14:38:00,France,Drama,Tablet,Basic,30,19.8,66.0,2
WATCH-011899,2025-11-15T20:16:00,Spain,Thriller,Phone,Standard,60,11.3,18.8,4
WATCH-011900,2025-05-04T10:46:00,Netherlands,Science fiction,Phone,Basic,60,3.3,5.5,3
WATCH-011901,2025-06-21T08:13:00,Germany,Drama,Phone,Basic,22,14.8,67.3,3
WATCH-011902,2025-09-10T04:33:00,Italy,Thriller,Tablet,Standard,45,7.9,17.6,1
WATCH-011903,2025-11-05T17:17:00,France,Science fiction,TV,Basic,120,45.0,37.5,3
WATCH-011904,2025-11-11T21:10:00,France,Comedy,TV,Basic,45,17.3,38.4,5
WATCH-011905,2025-02-02T05:13:00,Spain,Documentary,Phone,Premium,120,43.2,36.0,3
WATCH-011906,2025-08-31T17:07:00,France,Drama,Laptop,Basic,45,21.4,47.6,1
WATCH-011907,2025-04-28T17:46:00,Spain,Comedy,TV,Premium,30,7.0,23.3,5
WATCH-011908,2025-08-05T06:21:00,Netherlands,Thriller,TV,Standard,30,22.5,75.0,5
WATCH-011909,2025-06-20T13:07:00,France,Science fiction,Tablet,Premium,45,3.2,7.1,1
WATCH-011910,2025-03-01T22:14:00,Italy,Drama,Tablet,Standard,120,119.9,99.9,2
WATCH-011911,2025-01-02T08:34:00,Netherlands,Documentary,Tablet,Basic,22,5.5,25.0,4
WATCH-011912,2025-03-31T22:06:00,Germany,Thriller,Phone,Premium,90,21.6,24.0,2
WATCH-011913,2025-06-26T21:13:00,Netherlands,Drama,Tablet,Premium,60,40.4,67.3,5
WATCH-011914,2025-05-08T23:11:00,Germany,Animation,TV,Basic,120,11.4,9.5,2
WATCH-011915,2025-04-08T08:18:00,Netherlands,Drama,Laptop,Premium,60,31.7,,4
WATCH-011916,2025-05-03T16:32:00,France,Drama,TV,Basic,90,89.3,99.2,1
WATCH-011917,2025-07-10T08:57:00,Netherlands,Science fiction,Laptop,Standard,60,45.0,75.0,5
WATCH-011918,2025-07-05T02:39:00,Spain,Science fiction,Tablet,Standard,90,83.6,92.9,2
WATCH-011919,2025-06-10T18:08:00,Netherlands,Science fiction,Tablet,Premium,22,20.8,94.5,2
WATCH-011920,2025-05-03T14:00:00,Sweden,Documentary,Laptop,Basic,60,8.4,14.0,1
WATCH-011921,2025-08-05T08:33:00,France,Drama,TV,Basic,60,32.9,54.8,2
WATCH-011922,2025-04-26T03:35:00,Italy,Drama,Tablet,Basic,45,30.7,68.2,1
WATCH-011923,2025-03-30T02:55:00,Sweden,Documentary,TV,Basic,45,24.3,54.0,1
WATCH-011924,2025-06-15T05:54:00,Spain,Drama,Phone,Premium,120,35.6,29.7,4
WATCH-011925,2025-08-29T10:29:00,Germany,Documentary,TV,Standard,90,27.4,30.4,4
WATCH-011926,2025-02-11T16:40:00,Spain,Animation,Laptop,Standard,120,56.7,47.2,4
WATCH-011927,2025-10-30T07:10:00,Spain,Animation,Laptop,Basic,90,88.4,98.2,5
WATCH-011928,2025-10-09T23:46:00,Spain,Comedy,Tablet,Basic,60,16.2,27.0,2
WATCH-011929,2025-11-17T16:43:00,France,Comedy,Laptop,Standard,60,22.4,37.3,2
WATCH-011930,2025-06-12T13:10:00,Italy,Drama,Phone,Standard,120,85.2,71.0,2
WATCH-011931,2025-08-31T10:41:00,Germany,Animation,Laptop,Basic,120,24.8,20.7,4
WATCH-011932,2025-01-05T23:12:00,Netherlands,Documentary,Laptop,Standard,22,8.0,36.4,2
WATCH-011933,2025-06-02T08:45:00,Sweden,Thriller,Phone,Basic,60,23.7,39.5,4
WATCH-011934,2025-01-15T11:27:00,Spain,Animation,Tablet,Standard,22,17.3,78.6,5
WATCH-011935,2025-08-26T16:49:00,Sweden,Thriller,Tablet,Basic,22,7.0,31.8,1
WATCH-011936,2025-08-02T09:06:00,Germany,Drama,TV,Premium,45,10.8,24.0,4
WATCH-011937,2025-05-06T16:10:00,Netherlands,Animation,Phone,Premium,30,8.4,28.0,3
WATCH-011938,2025-07-15T06:19:00,Netherlands,Drama,Phone,Basic,30,10.2,34.0,3
WATCH-011939,2025-06-08T05:55:00,Netherlands,Animation,TV,Standard,45,19.5,43.3,3
WATCH-011940,2025-09-21T18:16:00,Sweden,Drama,Phone,Premium,22,1.6,7.3,5
WATCH-011941,2025-05-20T00:22:00,Spain,Thriller,Tablet,Standard,45,5.1,11.3,1
WATCH-011942,2025-06-24T19:26:00,Netherlands,Science fiction,Tablet,Premium,30,25.0,83.3,5
WATCH-011943,2025-07-01T19:18:00,Spain,Comedy,Phone,Premium,90,63.2,70.2,3
WATCH-011944,2025-01-30T00:13:00,Spain,Thriller,TV,Standard,30,5.2,17.3,5
WATCH-011945,2025-06-10T17:47:00,Italy,Drama,Tablet,Premium,30,13.3,44.3,2
WATCH-011946,2025-10-22T19:48:00,Germany,Comedy,Laptop,Standard,90,62.4,69.3,2
WATCH-011947,2025-07-23T15:58:00,Germany,Science fiction,TV,Basic,45,27.2,60.4,2
WATCH-011948,2025-10-29T04:38:00,France,Drama,Phone,Basic,45,34.2,76.0,2
WATCH-011949,2025-01-16T14:47:00,Sweden,Documentary,TV,Basic,22,7.6,34.5,2
WATCH-011950,2025-09-20T12:09:00,Spain,Comedy,Phone,Basic,120,80.1,66.8,2
WATCH-011951,2025-04-05T01:42:00,Sweden,Comedy,TV,Premium,22,11.4,51.8,2
WATCH-011952,2025-03-30T00:36:00,Sweden,Comedy,Laptop,Basic,30,10.2,,2
WATCH-011953,2025-02-25T14:20:00,Italy,Comedy,,Basic,60,12.5,20.8,5
WATCH-011954,2025-07-12T04:08:00,Netherlands,Animation,Tablet,Basic,45,39.1,86.9,2
WATCH-011955,2025-04-30T20:33:00,Netherlands,Thriller,TV,Premium,120,106.8,89.0,3
WATCH-011956,2025-09-06T23:06:00,Spain,Animation,TV,Basic,30,4.9,16.3,1
WATCH-011957,2025-05-16T11:16:00,Germany,Drama,Tablet,Standard,45,8.1,18.0,4
WATCH-011958,2025-10-01T14:28:00,France,Thriller,Phone,Basic,22,6.5,29.5,1
WATCH-011959,2025-02-07T19:35:00,Netherlands,Animation,TV,Standard,45,26.8,59.6,4
WATCH-011960,2025-04-06T10:18:00,Spain,Drama,Laptop,Premium,22,14.7,66.8,5
WATCH-011961,2025-10-19T05:42:00,France,Documentary,Laptop,Basic,120,106.1,88.4,5
WATCH-011962,2025-12-12T02:42:00,Netherlands,Science fiction,Tablet,Basic,90,48.9,54.3,1
WATCH-011963,2025-07-05T10:06:00,France,Thriller,Tablet,Premium,22,9.2,41.8,3
WATCH-011964,2025-03-27T22:02:00,Netherlands,Documentary,Laptop,Premium,90,25.6,28.4,2
WATCH-011965,2025-08-28T04:26:00,Netherlands,Comedy,Phone,Basic,60,59.9,99.8,4
WATCH-011966,2025-11-20T07:30:00,Sweden,Comedy,TV,Standard,22,17.0,77.3,4
WATCH-011967,2025-10-23T07:49:00,Netherlands,Science fiction,Phone,Basic,60,40.5,67.5,3
WATCH-011968,2025-01-14T02:01:00,Spain,Animation,TV,Standard,120,104.3,86.9,1
WATCH-011969,2025-01-12T15:47:00,Sweden,Drama,TV,Premium,22,18.4,83.6,2
WATCH-011970,2025-10-22T10:31:00,Germany,Comedy,TV,Standard,90,27.9,31.0,2
WATCH-011971,2025-11-21T16:19:00,Germany,Comedy,Tablet,Premium,120,85.8,71.5,2
WATCH-011972,2025-12-25T08:00:00,France,Drama,Laptop,Premium,30,22.1,73.7,1
WATCH-011973,2025-11-18T20:15:00,Spain,Science fiction,TV,Basic,60,18.0,30.0,2
WATCH-011974,2025-01-10T18:48:00,Sweden,Animation,Tablet,Standard,60,27.0,45.0,1
WATCH-011975,2025-01-19T02:37:00,France,Thriller,Phone,Premium,45,8.5,18.9,1
WATCH-011976,2025-10-02T08:56:00,Spain,Animation,TV,Standard,90,56.9,63.2,4
WATCH-011977,2025-12-26T03:02:00,Sweden,Thriller,Laptop,Basic,22,4.4,20.0,5
WATCH-011978,2025-11-22T06:57:00,France,Documentary,TV,Basic,90,44.5,49.4,1
WATCH-011979,2025-06-27T16:50:00,Spain,Drama,Laptop,Basic,90,57.4,63.8,3
WATCH-011980,2025-10-13T05:14:00,Sweden,Drama,TV,Standard,30,28.4,94.7,2
WATCH-011981,2025-02-23T05:57:00,Netherlands,Science fiction,Phone,Premium,120,62.4,52.0,4
WATCH-011982,2025-11-04T17:36:00,Italy,Thriller,Laptop,Basic,120,102.9,85.8,4
WATCH-011983,2025-03-28T23:41:00,Sweden,Drama,Phone,Standard,45,34.4,76.4,4
WATCH-011984,2025-02-03T08:34:00,Spain,Drama,TV,Standard,60,41.7,69.5,5
WATCH-011985,2025-07-20T21:29:00,Netherlands,Science fiction,Tablet,Premium,60,20.0,33.3,2
WATCH-011986,2025-11-14T22:09:00,Germany,Comedy,Laptop,Standard,90,70.2,78.0,1
WATCH-011987,2025-02-05T08:06:00,Italy,Documentary,Tablet,Premium,45,14.9,33.1,3
WATCH-011988,2025-10-20T01:33:00,Netherlands,Documentary,TV,Standard,120,52.1,43.4,4
WATCH-011989,2025-11-02T08:16:00,France,Animation,Laptop,Basic,90,40.8,,5
WATCH-011990,2025-03-29T06:48:00,Italy,Documentary,Tablet,Basic,90,47.9,53.2,5
WATCH-011991,2025-03-16T21:30:00,Italy,Drama,Laptop,Standard,30,10.6,35.3,2
WATCH-011992,2025-02-04T20:45:00,Netherlands,Science fiction,Phone,Standard,90,53.8,59.8,4
WATCH-011993,2025-08-28T12:49:00,France,Documentary,TV,Premium,60,20.6,34.3,3
WATCH-011994,2025-10-07T02:18:00,Netherlands,Animation,Phone,Premium,22,5.5,25.0,3
WATCH-011995,2025-04-10T15:24:00,France,Science fiction,Phone,Premium,22,8.4,38.2,2
WATCH-011996,2025-07-06T15:21:00,Netherlands,Science fiction,Tablet,Basic,60,43.2,72.0,3
WATCH-011997,2025-07-01T15:40:00,Germany,Drama,Phone,Premium,60,55.1,91.8,4
WATCH-011998,2025-01-13T17:25:00,Netherlands,Science fiction,Tablet,Premium,22,2.3,10.5,1
WATCH-011999,2025-11-10T17:06:00,Sweden,Thriller,Laptop,Premium,45,33.0,73.3,3
WATCH-012000,2025-10-27T00:25:00,Spain,Documentary,Phone,Standard,120,95.2,79.3,4
